id,year,title,venue_note,sections
p0001,2020,Conditional channel gated networks for task-aware continual learning,arXiv:cs.LG,A|B|E|G
p0002,2024,Neural Ensembles in the Lateral Prefrontal Cortex Temporally Multiplex Task Features During Virtual Navigation,bioRxiv:section-unknown,A|B|D|G
p0003,2016,Building functional networks of spiking model neurons,journal-unknown(10.1038/nn.),A|D|E
p0005,2026,Composing trajectories for rapid inference of navigational goals,journal:Neuron [direct-scan],A|G
p0006,2021,Does injecting linguistic structure into language models lead to better alignment with brain recordings,arXiv:category-unknown,A|B|C
p0007,2017,The state of the art in semantic representation,unknown-venue,A|B|E
p0008,2022,An energizing role for motivation in information-seeking during the early phase of the COVID-19 pandemic,journal-unknown(10.1038/s41467),A|E
p0009,2024,Human exploration strategically balances approaching and avoiding uncertainty,journal-unknown(10.7554/eLife.),A|B|G
p0010,2026,Human exploration strategically balances approaching and avoiding uncertainty,journal:eLife [direct-scan],A|B|G
p0011,2026,Learning reinforces curiosity for related information,arXiv:category-unknown,A|E
p0014,2017,Emergence of Invariance and Disentanglement in Deep Representations,arXiv:cs.LG,A|B
p0015,2017,Critical Learning Periods in Deep Neural Networks,arXiv:category-unknown,A|B|G
p0016,2017,Clear evidence for item limits in visual working memory,journal:Cognitive Psychology [listed],A|B|D|E
p0018,2022,Entorhinal-hippocampal circuit integrity is related to mnemonic discrimination and amyloid-β pathology in older adults,journal:The Journal of Neuroscience [listed],A|C|D|E|G
p0019,2006,Reward-motivated learning - mesolimbic activation precedes memory formation,journal:Neuron [direct-scan],A|D|E|G
p0022,2008,Constructive episodic simulation - temporal di ... and detail of past and future events modulate hippocampal engagement,journal:Hippocampus [direct-scan],A
p0023,2007,Remembering the past and imagining the future - comm ... distinct neural substrates during event construction and elaboration,journal:Neuropsychologia [listed],A|B|D
p0024,2008,Age-related changes in the episodic simulation of future events,"journal:Psychological Science [title-match, score=1.0]",A
p0025,2009,Constructive episodic simulation of the future and t ... subsystems of a core brain network mediate imagining and remembering,journal:Neuropsychologia [listed],A
p0026,2011,Hippocampal contributions to the episodic simulation of specific and general future events,journal:Hippocampus [direct-scan],A|B
p0027,2016,Divergent thinking and constructing episodic simulations,journal:Memory [listed],A|B
p0028,2017,High-dimensional dynamics of generalization error in neural networks,arXiv:stat.ML,A|B|G
p0029,2013,Statistical mechanics of complex neural systems and high dimensional data,arXiv:q-bio.NC,A|B|E
p0030,2026,Entorhinal cortex represents task-relevant remote locations independently of CA1,journal:Nature Neuroscience [direct-scan],A|G
p0031,2019,Effective degrees of freedom of the Pearson's correlation coefficient under autocorrelation,journal:NeuroImage [listed],A|B|D|E|G
p0032,2022,Artificial intelligence-enabled end-to-end detection and assessment of Alzheimer's disease using voice,journal:Brain Sciences [listed],A|C|G
p0034,2024,Multilingual prediction of cognitive impairment with large language models and speech analysis,journal:Brain Sciences [listed],A|B|C
p0036,2014,A walk in the statistical mechanical formulation of neural networks,arXiv:category-unknown,A|B|E|G
p0037,2019,Solving the Rubik’s cube with deep reinforcement learning and search,journal:Nature Machine Intelligence [direct-scan],A|B|G
p0038,2022,The temporal dynamics of opportunity costs - A normative account of cognitive fatigue and boredom,bioRxiv:section-unknown,A|B|G
p0039,2018,Estimating the functional dimensionality of neural representations,journal:NeuroImage [listed],A|B
p0040,2009,Computational influence of adult neurogenesis on memory encoding,journal:Neuron [direct-scan],A|B|D
p0041,2008,The emergent neural modeling system,journal:Neural Networks [listed],A|B|G
p0042,2021,The Geometry of Representational Drift in Natural and Artificial Neural Networks,bioRxiv:section-unknown,A|D|G
p0043,2018,Reconstructing intelligible speech from the human auditory cortex,bioRxiv:section-unknown,A|B
p0044,2023,Astrocyte and L-lactate in the anterior cingulate cortex modulate schema memory and neuronal mitochondrial biogenesis,journal:eLife [direct-scan],A|D|E
p0045,2012,Top-down attention switches coupling between low-level and high-level areas of human visual cortex,journal:Proceedings of the National Academy of Sciences [direct-scan],A|B|D|G
p0046,2016,Understanding intermediate layers using linear classifier probes,arXiv:category-unknown,A|B|D|E|G
p0048,2017,Infantile Amnesia - A Critical Period of Learning to Learn and Remember,journal:The Journal of Neuroscience [listed],A|D|E
p0049,2012,"On the perception of probable things - neural substrates of associative memory, imagery, and perception",journal:Neuron [direct-scan],A|B|E
p0050,2023,A global multicohort study to map subcortical brain development and cognition in infancy and early childhood,journal:Nature Neuroscience [direct-scan],A
p0051,2021,A predictive account of how novelty influences declarative memory,journal:Neurobiology of Learning and Memory [listed],A|B|E|G
p0052,2018,Task-Free Continual Learning,arXiv:category-unknown,A|B
p0053,2024,Task structure and nonlinearity jointly determine learned representational geometry,arXiv:category-unknown,A|B|E|G
p0054,2024,The neural basis of swap errors in working memory,journal-unknown(10.1073/pnas.),A|D|G
p0055,2013,The evolution of episodic memory,journal:Proceedings of the National Academy of Sciences [direct-scan],A|D|E|G
p0056,2021,A massive 7T fMRI dataset to bridge cognitive and computational neuroscience,bioRxiv:section-unknown,A
p0057,2022,2021.02.22.432340.full,bioRxiv:section-unknown,A
p0058,2022,A massive 7T fMRI dataset to bridge cognitive neuroscience and artificial intelligence,journal:Nature Neuroscience [direct-scan],A|G
p0059,2019,Relationships Between Diffusion Tensor Imaging and ... al Fluid Metrics in Early Stages of the Alzheimer's Disease Continuum,journal-unknown(10.3233/JAD-18),A|B|E
p0060,2017,A graph-theoretic approach to multitasking,arXiv:category-unknown,A|D|G
p0061,2020,Deep Reinforcement Learning for Navigation in AAA Video Games,arXiv:cs.LG,G
p0062,2014,Powerlaw - a Python package for analysis of heavy-tailed distributions,journal-unknown(10.1371/journa),A|B
p0063,2014,People search for meaning when they approach a new decade in chronological age,journal:Proceedings of the National Academy of Sciences [direct-scan],A|E
p0065,2008,An integrated model of cognitive control in task switching,journal:Psychological Review [listed],A|B|G
p0066,2012,On the origin of long-range correlations in texts,journal-unknown(10.1073/pnas.1),A|B|E
p0067,2006,Hierarchical structures induce long-range dynamical correlations in written texts,unknown-venue,A|B
p0068,2018,New perspectives on the hippocampus and memory,journal:Neuroscience Letters [listed],A|D|G
p0069,2016,Attention Stabilizes Representations in the Human Hippocampus,journal:Cerebral Cortex [direct-scan],A|B
p0070,2016,Attention promotes episodic encoding by stabilizing hippocampal representations,journal:Proceedings of the National Academy of Sciences [direct-scan],A|D|G
p0072,2018,Flexible weighting of diverse inputs makes hippocampal function malleable,journal:Neuroscience Letters [listed],A|B|E
p0073,2018,Learning Naturalistic Temporal Structure in the Posterior Medial Network,journal:Journal of Cognitive Neuroscience [listed],A|B
p0074,2016,Reverse Replay of Hippocampal Place Cells Is Uniquely Modulated by Changing Reward,journal:Neuron [direct-scan],A|D|G
p0075,2019,Neural Correlates of Enhanced Memory for Meaningful Associations with Age,journal:Cerebral Cortex [direct-scan],A|D
p0076,2015,Contextual alignment of cognitive and neural dynamics,journal:Journal of Cognitive Neuroscience [listed],A|E
p0077,2024,Prediction of Alzheimer's disease progression within 6 years using speech - A novel approach leveraging language models,journal:Alzheimer's &amp; Dementia [listed],A|C|D|E
p0078,2018,Understanding Individual Neuron Importance Using Information Theory,journal:PLOS ONE [listed],A|B|E|G
p0079,2019,Social Cognition 2.0 - An Interactive Memory Systems Account,journal:Trends in Cognitive Sciences [direct-scan],A|E|G
p0080,2022,Exploring Cognition with Brain-Machine Interfaces,journal-unknown(10.1146/annure),A|E|G
p0081,2018,Fast Weight Long Short-Term Memory,arXiv:category-unknown,A|B|C|G
p0082,2009,Suppressing Unwanted Memories,unknown-venue,A|D
p0083,2000,Retrieval-induced forgetting - evidence for a recall-specific mechanism,"journal:Psychonomic Bulletin &amp; Review [title-match, score=1.0]",A
p0084,2004,An integrated theory of the mind,journal:Psychological Review [listed],A|B|E
p0086,2016,Hidden Stages of Cognition Revealed in Patterns of Brain Activation,journal:Psychological Science [direct-scan],A|D|E
p0087,2016,Prefrontal-hippocampal pathways underlying inhibitory control over memory,journal:Neurobiology of Learning and Memory [listed],A
p0088,2018,The Common Time Course of Memory Processes Revealed,journal:Psychological Science [direct-scan],A|B|G
p0089,2016,Learning to learn by gradient descent by gradient descent,arXiv:category-unknown,A|B|D|G
p0090,2020,A gravity-based three-dimensional compass in the mouse brain,journal:Nature Communications [direct-scan],A
p0091,2009,"Thomas Huxley, 'On the Hypothesis that Animals are Automata' (1874)","journal:Trends in Cognitive Sciences [title-match, score=1.0]",A|B|E
p0092,2024,A context-based model of collaborative inhibition during memory search,journal:Scientific Reports [direct-scan],A|B|E|G
p0093,2025,Bridging real-world summarization and laboratory-based memory recall,arXiv:category-unknown,A|B|E|G
p0094,2020,Memory guidance of value-based decision making at an abstract level of representation,journal:Scientific Reports [direct-scan],A|B|G
p0095,2019,NeuralUCB - Contextual Bandits with Neural Network-Based Exploration,arXiv:category-unknown,A|B|G
p0096,2017,Symmetry Regularization,unknown-venue,A|B
p0097,2019,Intrinsic dimension of data representations in deep neural networks,arXiv:cs.LG,A|B
p0098,2018,PCA of high dimensional random walks with comparison to neural network training,arXiv:stat.ML,A|B|C|G
p0099,2017,Retrieval as a Fast Route to Memory Consolidation (1),journal:Trends in Cognitive Sciences [direct-scan],A|B|G
p0100,2017,Retrieval as a Fast Route to Memory Consolidation,journal:Trends in Cognitive Sciences [direct-scan],A|B|G
p0101,2018,Competitive learning modulates memory consolidation during sleep,journal:Neurobiology of Learning and Memory [listed],A|G
p0102,2018,Sleep Spindle Refractoriness Segregates Periods of Memory Reactivation,journal:Current Biology [direct-scan],A|B
p0103,2020,"Behavioral, physiological, and neural signatures of surprise during naturalistic sports viewing",bioRxiv:section-unknown,A|B|E|G
p0104,2021,"Behavioral, Physiological, and Neural Signatures of Surprise during Naturalistic Sports Viewing",journal:Neuron [direct-scan],A|B|E|G
p0105,2023,"Long-term, multi-event surprise correlates with enhanced autobiographical memory",journal:Nature Human Behaviour [direct-scan],A|G
p0106,2024,Causal and chronological relationships predict memory organization for nonlinear narratives,arXiv:category-unknown,A
p0107,2026,Causal network structure predicts memory organization and neural reinstatement across events,bioRxiv:section-unknown,A|E
p0108,2016,Synchronous beta rhythms of frontoparietal networks support only behaviorally relevant representations,journal-unknown(10.7554/eLife.),A|B|G
p0109,2018,Intelligible speech synthesis from neural decoding of spoken sentences,bioRxiv:section-unknown,A|B|E|G
p0110,2019,Speech synthesis from neural decoding of spoken sentences,journal:Nature [direct-scan],A|E|G
p0111,2022,Flexible use of memory by food-caching birds,journal:eLife [direct-scan],A|B|G
p0112,2017,Seeing faces is necessary for face-domain formation,journal:Nature Neuroscience [direct-scan],A|B
p0113,2019,Biased competition in the absence of input bias revealed through corticostriatal computation,journal:Proceedings of the National Academy of Sciences [direct-scan],A|B|G
p0114,2018,RUDDER - Return Decomposition for Delayed Rewards,arXiv:category-unknown,A|E|G
p0115,2022,Dissecting cellular diversity of cortical GABAergic cells across multiple modalities - A turning point in neuronal taxonomy,journal:Cell [direct-scan],A|B|D|E
p0116,2017,Mapping of a non-spatial dimension by the hippocampal-entorhinal circuit,journal:Nature [direct-scan],A|D|E
p0117,2018,A Convergence Analysis of Gradient Descent for Deep Linear Neural Networks,arXiv:cs.LG,B|G
p0118,2018,An Analysis of the t-SNE Algorithm for Data Visualization,arXiv:category-unknown,G
p0119,2018,On the Optimization of Deep Networks - Implicit Acceleration by Overparameterization,arXiv:category-unknown,A|B
p0120,2018,Stronger generalization bounds for deep nets via a compression approach,arXiv:category-unknown,B
p0121,2017,A Closer Look at Memorization in Deep Networks (1),arXiv:category-unknown,B|E|G
p0122,2017,A Closer Look at Memorization in Deep Networks,arXiv:category-unknown,B|E|G
p0123,2003,Tasks of a feather flock together - similarity effects in task switching,"journal:Memory &amp; Cognition [title-match, score=1.0]",A|D|G
p0124,2017,Unsupervised Neural Machine Translation,arXiv:category-unknown,A|B
p0125,2018,What deep learning can tell us about higher cognitive functions like mindreading,arXiv:category-unknown,A|B|G
p0126,2017,A Brief Survey of Deep Reinforcement Learning,arXiv:category-unknown,B|G
p0127,2026,Predictability of evoked activity governs the geometry of spontaneous neural manifolds,bioRxiv:section-unknown,A|B|G
p0128,2023,"Self-RAG - Learning to retrieve, generate, and critique through self-reflection",arXiv:category-unknown,A|C|E|G
p0129,2024,"Reliable, Adaptable, and Attributable Language Models with Retrieval",arXiv:category-unknown,A|B|C|G
p0130,2026,Synthesizing scientific literature with retrieval-augmented language models,journal:Nature [direct-scan],A|B|C|E|G
p0132,2024,Shedding light on cholecystokinin's role in hippocampal neuroplasticity and memory formation,journal:Neuroscience &amp; Biobehavioral Reviews [listed],A|E
p0133,2019,Building a story - coherent narrative fo ... nctional connectivity in posterior cortex and frontoparietal networks,bioRxiv:section-unknown,A|D|G
p0134,2024,The role of the human hippocampus in decision-making under uncertainty,journal:Nature Human Behaviour [direct-scan],A|G
p0135,2002,Finite-time Analysis of the Multiarmed Bandit Problem,"journal:Nature [title-match, score=0.879]",A|E|G
p0137,2017,The default network and the combination of cognitive processes that mediate self-generated thought,journal:Nature Human Behaviour [direct-scan],A|E
p0138,2010,Intracranial EEG correlates of expectancy and memory formation in the human hippocampus and nucleus accumbens (1),journal:Neuron [direct-scan],A|D
p0139,2010,Intracranial EEG correlates of expectancy and memory formation in the human hippocampus and nucleus accumbens,journal:Neuron [direct-scan],A|D
p0140,2023,"A Unified, Scalable Framework for Neural Population Decoding",arXiv:category-unknown,A|B|G
p0141,2018,Stochastic Gradient - Mirror Descent - Minimax Optimality and Implicit Regularization,arXiv:category-unknown,B
p0142,2013,A computational model for preplay in the hippocampus,journal:Frontiers in Computational Neuroscience [listed],A|B|D|G
p0143,2018,Why do deep convolutional networks generalize so poorly to small image transformations,arXiv:category-unknown,A|B|G
p0144,2016,Layer Normalization,arXiv:category-unknown,A|B
p0145,2016,Using Fast Weights to Attend to the Recent Past (1),arXiv:category-unknown,A|B|C|E
p0147,2011,"Network of Scientific Journals from Latin America, the Caribbean, Spain and Portugal",unknown-venue,A|B|G
p0148,2018,Machines hear better when they have ears,arXiv:category-unknown,A|B|G
p0149,2005,A probabilistic interpretation of canonical correlation analysis,unknown-venue,B|E
p0150,2016,Hippocampal-Prefrontal Theta Oscillations Support Memory Integration,journal:Current Biology [direct-scan],A|B|G
p0151,2000,The episodic buffer - a new component of working memory,"journal:Trends in Cognitive Sciences [title-match, score=1.0]",A|G
p0152,2012,Mechanisms of hierarchical reinforcement learning in cortico-striatal circuits 2 - evidence from fMRI,journal:Cerebral Cortex [direct-scan],A|B|D|E|G
p0153,2015,Symmetry-invariant optimization in deep networks,arXiv:cs.LG,B|G
p0154,2018,Dissociable Decoding of Spatial Attention and Working Memory from EEG Oscillations and Sustained Potentials,journal:The Journal of Neuroscience [listed],A|D|G
p0155,2018,An Empirical Evaluation of Generic Convolutional and Recurrent Networks for Sequence Modeling,arXiv:category-unknown,A|B
p0156,2022,Globally inaccurate stereotypes can result from locally adaptive exploration,unknown-venue,A|B|E|G
p0157,2020,The resiliency of image memorability - A predictor of memory separate from attention and priming,"journal:Neuropsychologia [title-match, score=1.0]",A|D|G
p0158,2005,The Nepal Biogas Support Program - A Successful Model of Public Private Partnership For Rural Household Energy Supply,unknown-venue,G
p0159,2017,Repeated Measures Correlation,journal:Frontiers in Psychology [listed],A|B
p0160,2016,The Human Dentate Gyrus Plays a Necessary Role in Discriminating New Memories,journal:Current Biology [direct-scan],A|E
p0161,2017,"Rational quantitative attribution of beliefs, desires and percepts in human mentalizing",journal:Nature Human Behaviour [direct-scan],A|B|D|G
p0162,2019,Emergent Tool Use From Multi-Agent Autocurricula,arXiv:category-unknown,A|E|G
p0163,2019,Functional connectomics of affective and psychotic pathology,journal:Proceedings of the National Academy of Sciences [direct-scan],A|D|E
p0164,2024,Constructing future behaviour in the hippocampal formation through composition and replay,bioRxiv:section-unknown,A|B|E|G
p0165,2025,Constructing future behavior in the hippocampal formation through composition and replay,journal:Nature Neuroscience [direct-scan],A|B|E|G
p0166,2001,Reinforcement learning with long short-term memory,unknown-venue,A|B|G
p0167,2018,Value-based decisions involve sequential sampling from memory,bioRxiv:section-unknown,A|G
p0168,2019,The hippocampus supports deliberation during value-based decisions,journal-unknown(10.7554/eLife.),A|B|D|G
p0169,2023,Experience-driven recalibration of learning from surprising events,journal-unknown(10.1016/j.cogn),A|E|G
p0170,2017,Discovering Event Structure in Continuous Narrative Perception and Memory,journal:Neuron [direct-scan],A|B|D|E
p0171,2018,Representation of Real-World Event Schemas during Narrative Perception,journal:The Journal of Neuroscience [listed],A|B
p0172,2020,How Does the Mind Render Streaming Experience as Events,journal:Topics in Cognitive Science [listed],A
p0173,2019,Hippocampal pattern separation supports reinforcement learning,journal:Nature Communications [direct-scan],A|B|D|G
p0174,2007,The role of the dorsal striatum in reward and decision-making,journal:The Journal of Neuroscience [listed],A|E|G
p0175,2019,Crossing event boundaries changes prospective perceptions of temporal length and proximity,"journal:Attention, Perception, &amp; Psychophysics [listed]",A|B|D|E|G
p0176,2018,Vector-based navigation using grid-like representations in artificial agents,journal:Nature [direct-scan],A|E|G
p0177,2020,MEMO - A Deep Network for Flexible Combination of Episodic Memories,arXiv:category-unknown,A
p0178,2018,"The temporal evolution of conceptual object repres ... vealed through models of behavior, semantics and deep neural networks",journal:NeuroImage [listed],A|B|D|E|G
p0179,2018,Minnorm training - an algorithm for training over-parameterized deep neural networks,arXiv:category-unknown,A|B|G
p0181,2021,Two views on the cognitive brain,journal:Nature Reviews Neuroscience [direct-scan],A|B|G
p0182,2019,Schema cells in the macaque hippocampus (1),journal:Science [direct-scan],A|D|G
p0183,2019,Schema cells in the macaque hippocampus,journal:Science [direct-scan],A|D|G
p0184,2016,Hierarchical Boundary-Aware Neural Encoder for Video Captioning,arXiv:category-unknown,A|B|E
p0185,2016,Recognizing and Presenting the Storytelling Video Structure with Deep Multimodal Networks,arXiv:category-unknown,A|G
p0186,2017,Hierarchical Boundary-Aware Neural Encoder for Video Captioning,journal:2017 IEEE Conference on Computer Vision and Pattern Recognition (CVPR) [conference],A|B|E
p0187,2021,Entorhinal and ventromedial prefrontal cortices abstract and generalize the structure of reinforcement learning problems,journal:Neuron [direct-scan],A|B|G
p0189,2023,Early selection of task-relevant features through population gating,journal:Nature Communications [direct-scan],A|B|D
p0190,2025,Quantifying differences in neural population activity with shape metrics,bioRxiv:section-unknown,A|C|G
p0191,2013,Linking human brain local activity fluctuations to structural and functional network architectures,journal:NeuroImage [listed],A|D
p0192,2002,When and where do we apply what we learn - A taxonomy for far transfer,journal:Psychological Bulletin [listed],B
p0193,2020,Organization of cortico-hippocampal networks in the human brain,journal-unknown(10.1016/j.neur),A|B|D|E|G
p0194,2024,Hippocampal-cortical interactions during event boundaries support retention of complex narrative events,arXiv:category-unknown,A|D|E
p0195,2019,Linguistic generalization and compositionality in modern artificial neural networks,arXiv:cs.CL,A|B|E|G
p0196,2013,Random effects structure for confirmatory hypothesis testing - Keep it maximal,journal:Journal of Memory and Language [listed],A|B|G
p0197,2020,Fast reinforcement learning with generalized policy updates,journal-unknown(10.1073/pnas.1),A|B|D|G
p0198,2020,Implicit Gradient Regularization,arXiv:category-unknown,A|E|G
p0199,2018,Measuring abstract reasoning in neural networks (1),arXiv:category-unknown,A|B|D|G
p0200,2018,Measuring abstract reasoning in neural networks,arXiv:category-unknown,A|B|D|G
p0201,2019,Analyzing biological and artificial neural networks - challenges with opportunities for synergy,arXiv:q-bio.NC,A
p0202,2013,Online evaluation of novel choices by simultaneous representation of multiple memories,journal-unknown(10.1038/nn.351),A|B|G
p0203,2016,Repetition suppression - a means to index neural representations using BOLD,journal:Philosophical Transactions of the Royal Society B: Biological Sciences [listed],A|D
p0204,2016,Unmasking Latent Inhibitory Connections in Human Cortex to Reveal Dormant Cortical Memories,journal:Neuron [direct-scan],A
p0205,2017,Inhibitory engrams in perception and memory,journal:Proceedings of the National Academy of Sciences [direct-scan],A|D
p0207,2019,Consolidating the Case for Transient Hippocampal Memory Traces,journal:Trends in Cognitive Sciences [direct-scan],A|G
p0208,2019,Remote Memory and the Hippocampus - A Constructive Critique,journal:Trends in Cognitive Sciences [direct-scan],A|B|D
p0209,2018,Nonmonotonic recruitment of ventromedial prefrontal cortex during remote memory recall,journal:PLOS Biology [listed],A|D
p0210,2019,Imaging the human hippocampus with optically-pumped magnetoencephalography,journal:NeuroImage [listed],A|E|G
p0211,2019,The Neural Dynamics of Novel Scene Imagery,journal:The Journal of Neuroscience [listed],A
p0212,2019,Gradient Descent with Identity Initialization Eff ... ns Positive-Definite Linear Transformations by Deep Residual Networks,arXiv:category-unknown,A
p0213,2019,Meta-Learning Deep Energy-Based Memory Models,arXiv:category-unknown,A
p0214,2020,Serologic testing of U.S. blood donations to identify SARS-CoV-2-reactive antibodies - December 2019-January 2020,journal-unknown(10.1093/cid/ci),A|B
p0215,2019,Continual Learning with Self-Organizing Maps,arXiv:category-unknown,A|B|G
p0216,2015,"Four converging measures of temporal discountin ... , executive functions, thinking dispositions, and behavioral outcomes",journal:Frontiers in Psychology [listed],A|E|G
p0217,2017,Network neuroscience,journal:Nature Neuroscience [direct-scan],A|B|D|E
p0218,2020,Reflections on the past two decades of neuroscience,journal:Nature Reviews Neuroscience [direct-scan],A|B|E|G
p0219,2019,An Integrative Memory model of recollection and familiarity to understand memory deficits,journal:Behavioral and Brain Sciences [listed],A
p0220,2024,Stability from subspace rotations and traveling waves,bioRxiv:section-unknown,A|B|D|G
p0221,2023,Scaling models of visual working memory to natural images,arXiv:category-unknown,A|B|D|E|G
p0222,2013,Simulation as an engine of physical scene understanding,journal-unknown(10.1073/pna),A|G
p0223,2018,"Relational inductive biases, deep learning, and graph networks",arXiv:category-unknown,A|B|E|G
p0224,2025,A neural circuit framework for economic choice - From building blocks of valuation to compositionality in multitasking,bioRxiv:section-unknown,A|B|G
p0225,2017,Network Dissection - Quantifying Interpretability of Deep Visual Representations,arXiv:category-unknown,A|B|E
p0226,2026,Neural mechanisms of time-forward predictions for naturalistic auditory tone sequences,journal:Nature Communications [direct-scan],A|E|G
p0227,2026,Distinct neuronal populations in the human brain combine content and context,journal:Nature [direct-scan],A|B|G
p0229,2006,The fate of old memories after medial temporal lobe damage,journal:The Journal of Neuroscience [listed],A|G
p0230,2025,Abstract rule learning promotes cognitive flexibility in complex environments across species,journal:Nature Communications [direct-scan],A|B|E|G
p0231,2018,"Core Network Contributions to Remembering the Past, Imagining the Future, and Thinking Creatively",journal-unknown(10.1162/jocn_a),A|D
p0232,2020,Learning to Continually Learn,arXiv:category-unknown,A|B|G
p0233,2024,xLSTM - Extended Long Short-Term Memory,arXiv:cs.LG,B|C|G
p0235,2007,Learning the value of information in an uncertain world,journal:Nature Neuroscience [direct-scan],A|B|G
p0236,2008,Associative learning of social value,journal:Nature [direct-scan],A|D|E|G
p0237,2018,What Is a Cognitive Map - Organizing Knowledge for Flexible Behavior,journal:Neuron [direct-scan],A|B|G
p0238,2024,Titans - Learning to memorize at test time,arXiv:category-unknown,A|B|C|G
p0239,2026,Language models need sleep - Learning to self-modify and consolidate memories,arXiv:category-unknown,A|B|C|G
p0240,2026,Memory Caching - RNNs with growing memory,arXiv:category-unknown,A|B|E|G
p0241,2023,"Schemas, reinforcement learning, and the medial prefrontal cortex",journal:Neuron [direct-scan],A|B|G
p0242,2015,Delineating the Effect of Semantic Congruency on Episodic Memory - The Role of Integration and Relatedness,journal:PLOS ONE [listed],A
p0243,2018,"Working with Schemas, Predicting with Schemas",journal:The Journal of Neuroscience [listed],A|B
p0244,2019,The role of prior knowledge in incremental associative learning - An empirical and computational approach,journal:Journal of Memory and Language [listed],A|B
p0245,2020,Mnemonic prediction errors bias hippocampal states,journal:Nature Communications [direct-scan],A|B|D|G
p0246,2020,Prior knowledge promotes hippocampal separation but cortical assimilation in the left inferior frontal gyrus,journal:Nature Communications [direct-scan],A
p0247,2021,Mnemonic prediction errors promote detailed memories,bioRxiv:section-unknown,A|E|G
p0248,2023,Predictions transform memories - How expected versus unexpected events are integrated or separated in memory,journal:Neuroscience &amp; Biobehavioral Reviews [listed],A|B|G
p0249,2025,Anxiety modulates event segmentation,journal:Neuroscience &amp; Biobehavioral Reviews [listed],A|B|E|G
p0250,2023,A ‘programming’ framework for recurrent neural networks,journal:Nature Machine Intelligence [direct-scan],A|B|G
p0251,2018,Identification of memory reactivation during sleep by EEG classification,journal:NeuroImage [listed],A
p0252,2017,Synthetic and Natural Noise Both Break Neural Machine Translation,arXiv:category-unknown,A|B
p0253,2018,Overfitting or perfect fitting - Risk bounds for classification and regression rules that interpolate,arXiv:stat.ML,A|B|E|G
p0254,2018,To understand deep learning we need to understand kernel learning (1),arXiv:category-unknown,B|G
p0255,2018,To understand deep learning we need to understand kernel learning,arXiv:category-unknown,B|G
p0256,2019,Reconciling modern machine-learning practice and the classical bias-variance trade-off (1),journal:Proceedings of the National Academy of Sciences [direct-scan],A|B|G
p0257,2019,Reconciling modern machine-learning practice and the classical bias-variance trade-off,journal:Proceedings of the National Academy of Sciences [direct-scan],A|B|G
p0258,2011,Relationship between functional magnetic resonance imaging-identified regions and neuronal category selectivity,journal:The Journal of Neuroscience [listed],A
p0259,2022,Narrative thinking lingers in spontaneous thought,journal:Nature Communications [direct-scan],A|G
p0260,2024,Spontaneously emerging internal models of visual se ... bine abstract and event-specific information in the prefrontal cortex (1),journal:Cell Reports [listed],A|B|G
p0261,2024,Spontaneously emerging internal models of visual se ... bine abstract and event-specific information in the prefrontal cortex,journal:Cell Reports [listed],A|B|G
p0262,2016,Grid-cell representations in mental simulation,journal-unknown(10.7554/eLife.),A|G
p0263,2018,Navigating cognition - Spatial codes for human thinking,journal:Science [direct-scan],A|E|G
p0264,2018,Structuring Time in Human Lateral Entorhinal Cortex (1),bioRxiv:section-unknown,A
p0265,2018,Structuring Time in Human Lateral Entorhinal Cortex,bioRxiv:section-unknown,A|D
p0266,2019,Mapping sequence structure in the human lateral entorhinal cortex,journal-unknown(10.7554/eLife.),A|B|D
p0267,2020,Longformer - The Long-Document Transformer,arXiv:category-unknown,A|B|E
p0268,2011,Constructing realistic engrams - poststimulus ... f hippocampus and dorsal striatum predicts subsequent episodic memory,journal:Journal of Neuroscience [listed],A|B|E
p0269,2018,The Hippocampal Film Editor - Sensitivity and Specificity to Event Boundaries in Continuous Experience,journal-unknown(10.1523/JNEURO),A|D|E
p0270,2012,Loss of reliable temporal structure in event-related averaging of naturalistic stimuli,journal:NeuroImage [listed],A|E
p0271,2014,Shifting gears in hippocampus - temporal dissociation between familiarity and novelty signatures in a single event,journal:The Journal of Neuroscience [listed],A
p0272,2015,Memory Retrieval in Mice and Men,bioRxiv:section-unknown,A|D
p0273,2021,The limited reach of surprise - Evidence against effects of surprise on memory for preceding elements of an event,journal:Psychonomic Bulletin &amp; Review [direct-scan],A|B
p0274,2018,Full interpretation of minimal images,journal:Cognition [listed],A|D|E
p0277,2007,Greedy Layer-Wise Training of Deep Networks,"journal:Advances in Neural Information Processing Systems 19 [title-match, score=1.0]",A|B
p0278,2012,Better Mixing via Deep Representations,arXiv:cs.LG,A|B|D|E
p0279,2015,Towards Biologically Plausible Deep Learning,arXiv:category-unknown,A|B|E|G
p0280,2017,Modern machine learning outperforms GLMs at predicting spikes,bioRxiv:section-unknown,A|B|D|E|G
p0281,2018,Redefine statistical significance,journal:Nature Human Behaviour [direct-scan],E
p0282,2015,Computational principles of biological memory,arXiv:q-bio.NC,A|E
p0283,2016,Computational principles of synaptic memory consolidation,journal:Nature Neuroscience [direct-scan],A|E|G
p0284,2021,Place cells may simply be memory cells - Memory compression leads to spatial tuning and history dependence,journal-unknown(10.1073/pnas.2),A|E|G
p0285,2021,pnas.2018422118.sapp,arXiv:category-unknown,A|B|D
p0286,2024,"Semantic relatedness proactively benefits learning, memory, and interdependence across episodes",journal:eLife [direct-scan],A|B
p0287,2025,Classic free recall memory effects using video stimuli,journal:Memory [listed],A|E
p0288,2015,Specifying the core network supporting episodic simulation and episodic memory by activation likelihood estimation,journal:Neuropsychologia [listed],A|D
p0289,2011,A neural mechanism mediating the impact of episodic prospection on farsighted decisions,journal:The Journal of Neuroscience [listed],A|E|G
p0290,2017,Eigen-Distortions of Hierarchical Representations,arXiv:category-unknown,A|B
p0291,2013,Emergent sensing of complex environments by mobile animal groups,journal:Science [direct-scan],E|G
p0293,2020,Dissociating memory accessibility and precision in forgetting,journal:Nature Human Behaviour [direct-scan],A|G
p0294,2020,Cortical network responses map onto data-driven features that capture visual semantics of movie fragments,journal:Scientific Reports [direct-scan],A|B|D|E
p0297,2023,The Reversal Curse - LLMs trained on 'A is B' fail to learn 'B is A',arXiv:cs.CL,B|C
p0298,2019,Does Nonlinear Neural Network Dynamics Explain Human Confidence in a Sequence of Perceptual Decisions,bioRxiv:section-unknown,A|E|G
p0299,2024,A Tunable and Druggable Mechanism to Delay Forgetting of Olfactory Memories in C. elegans,bioRxiv:section-unknown,A|E
p0300,2020,The Geometry of Abstraction in the Hippocampus and Prefrontal Cortex (1),bioRxiv:section-unknown,A|B|D|G
p0301,2020,The Geometry of Abstraction in the Hippocampus and Prefrontal Cortex,journal:Cell [direct-scan],A|B|D|G
p0302,2009,Forgetting and Retrieval,unknown-venue,A|D
p0304,2018,Understanding and Improving Interpolation in Autoencoders via an Adversarial Regularizer,arXiv:category-unknown,A|B
p0305,2016,Ventromedial prefrontal damage causes a pervasive impairment of episodic memory and future thinking,journal:Neuropsychologia [listed],A|E|G
p0306,2020,Temporal fluctuations in the brain's modular architecture during movie-watching,journal:NeuroImage [listed],A|D|E|G
p0307,2021,Is Activity Silent Working Memory Simply Episodic Memory,journal:Trends in Cognitive Sciences [direct-scan],A|E
p0308,2023,Blocked training facilitates learning of multiple schemas,journal:Neuron [direct-scan],A|B|E|G
p0309,2024,Blocked training facilitates learning of multiple schemas,journal:Communications Psychology [direct-scan],A|B|D|G
p0310,2024,Episodic memory development - Bridging animal and human research,journal:Neuron [direct-scan],A|G
p0311,2019,Brain-to-Brain Synchrony and Learning Outcomes ... s - Evidence from a Real-world Classroom Electroencephalography Study,journal:Journal of Cognitive Neuroscience [listed],A|G
p0312,2019,The Animal-AI Environment - Training and Testing Animal-Like Artificial Cognition,arXiv:category-unknown,A|B|G
p0313,2022,The multi-angle extended three-dimensional activities (META) stimulus set - A tool for studying event cognition,journal:Behavior Research Methods [listed],A|E|G
p0314,2022,Uncertainty-driven updating enables human-like segmentation and categorization of naturalistic activity (1),arXiv:category-unknown,A|B|D|E|G
p0316,2025,Dynamics of specialization in neural modules under resource constraints,journal:Nature Communications [direct-scan],A|D|G
p0317,2025,Learning to operate an imagined speech Brain-Computer Interface involves the spatial and frequency tuning of neural activity,journal:Communications Biology [direct-scan],A|B|D|G
p0318,2018,Learning and transfer of working memory gating policies,journal:Cognition [listed],A|B|D|G
p0319,2018,Just above Chance - Is It Harder to Decode Information from Prefrontal Cortex Hemodynamic Activity Patterns,journal:Journal of Cognitive Neuroscience [listed],A|B|G
p0320,2024,Task structure tailors the geometry of neural representations in human lateral prefrontal cortex,bioRxiv:section-unknown,A
p0321,2023,Synaptic compensatory plasticity in Alzheimer's disease,journal:The Journal of Neuroscience [listed],A|E
p0322,2018,Humans are still the best lossy image compressors,arXiv:category-unknown,A|E|G
p0323,2018,Decision by sampling implements efficient coding of psychoeconomic functions,journal:Psychological Review [listed],A|B|D|G
p0324,2021,Procedure Planning in Instructional Videos via Contextual Modeling and Model-based Policy Learning,arXiv:category-unknown,A|B|D|G
p0325,2024,Memory’s pulse - episodic memory formation is theta-rhythmic,bioRxiv:section-unknown,A|D|E
p0326,2026,Episodic memory encoding fluctuates at a theta rhythm of 3–10 Hz,journal:Nature Human Behaviour [direct-scan],A|B|D
p0327,2021,Memory and decision making interact to shape the value of unchosen options,journal:Nature Communications [direct-scan],A|G
p0328,2020,What Are Memories For - The Hippocampus Bridges Past Experience with Future Decisions,journal:Trends in Cognitive Sciences [direct-scan],A|B|E|G
p0329,2023,The role of memory in counterfactual valuation,journal:Journal of Experimental Psychology: General [direct-scan],A|G
p0330,2019,Neural Markers of Event Boundaries,journal:Topics in Cognitive Science [listed],A|B|E|G
p0331,2011,Mapping anterior temporal lobe language areas with fMRI - a multicenter normative study,journal-unknown(10.1016/j.neur),A|E
p0332,2026,A communication subspace relays context-dependent actions from human prefrontal to motor cortex,journal:Nature Neuroscience [direct-scan],A|B|D
p0333,2025,A foundation model to predict and capture human cognition,journal-unknown(10.1038/s41586),A|B|E|G
p0334,2008,The hippocampus and memory - insights from spatial processing,journal:Nature Reviews Neuroscience [direct-scan],A|B
p0335,2022,Multi-Task Dynamical Systems,arXiv:category-unknown,A|B
p0336,2017,Pure Correlates of Exploration and Exploitation in the Human Brain,bioRxiv:section-unknown,A|E|G
p0337,2011,Distance Dependent Chinese Restaurant Processes,unknown-venue,A|B|D|E|G
p0338,2003,Latent Dirichlet Allocation,unknown-venue,B|E
p0341,2018,Learning sparse transformations through backpropagation,arXiv:stat.ML,A|B|E
p0342,2013,Spatially constrained hierarchical parcellation of the brain with resting-state fMRI,journal:NeuroImage [listed],A|B|D|G
p0343,2016,Model-Free Episodic Control,arXiv:category-unknown,A|E|G
p0344,2018,Measures of neural similarity,bioRxiv:section-unknown,A|B|D|G
p0345,2020,Measures of neural similarity,journal:Computational Brain &amp; Behavior [listed],A|B|D|G
p0346,2026,From sequences to schemas - low-rank recurrent dynamics underlie abstract relational representations,bioRxiv:section-unknown,A|B|D
p0347,2017,A tutorial on the free-energy framework for modelling perception and learning,journal:Journal of Mathematical Psychology [listed],A|B|D|E
p0348,2006,The physics of optimal decision making - a formal analysis of models of performance in two-alternative forced-choice tasks,"journal:Nature [title-match, score=1.0]",G
p0349,2009,The brain atlas concordance problem - quantitative comparison of anatomical parcellations,journal:PLoS ONE [listed],A|B|E|G
p0352,2018,Prior knowledge modulates the neural substrates of encoding and retrieving naturalistic events at short and long delays,journal:Neurobiology of Learning and Memory [listed],A|D|G
p0353,2014,"Win-Stay, Lose-Sample - a simple sequential algorithm for approximating Bayesian inference",journal:Cognitive Psychology [listed],A
p0354,2019,Feature-Specific Neural Reactivation during Episodic Memory,bioRxiv:section-unknown,A|B|D
p0355,2018,Computational mechanisms underlying cortical responses to the affordance properties of visual scenes,journal:PLOS Computational Biology [listed],A|B|D|G
p0356,2012,Detecting representations of recent and remote autobiographical memories in vmPFC and hippocampus,journal:The Journal of Neuroscience [listed],A|E
p0357,2026,Uncovering event and narrative structure from temporal memory,unknown-venue,A|B|E
p0358,2007,Dynamics of Hippocampal-Cortical Interactions During Memory Consolidation - Insights from Functional Brain Imaging,unknown-venue,A|E
p0359,2017,The hippocampus is particularly important for building associations across stimulus domains,journal:Neuropsychologia [listed],A|E
p0360,2021,Improving language models by retrieving from trillions of tokens,arXiv:category-unknown,A|B|C|G
p0361,2017,Variational Memory Addressing in Generative Models,arXiv:category-unknown,A|B|E
p0362,2013,Cortical and hippocampal correlates of deliberation during model-based decisions for rewards in humans,journal:PLoS Computational Biology [listed],A|B|G
p0363,2017,Reinstated episodic context guides sampling-based decisions for reward,journal:Nature Neuroscience [direct-scan],A|B|G
p0364,2017,Reminders of past choices bias decisions for reward in humans,journal:Nature Communications [direct-scan],A|G
p0365,2018,Perceptual decisions result from the continuous accumulation of memory and sensory evidence,bioRxiv:section-unknown,A|G
p0367,2018,Intrinsic Geometric Vulnerability of High-Dimensional Artificial Intelligence,arXiv:category-unknown,B|G
p0368,2012,Attentional stimulus selection through selective synchronization between monkey visual areas,journal:Neuron [direct-scan],A|D
p0369,2024,When do measured representational distances reflect the neural representational geometry,bioRxiv:section-unknown,A|B|E
p0370,2022,A deeper look at vision and memory,journal:Nature Neuroscience [direct-scan],A|D|G
p0371,2025,When do measured representational distances reflect the neural representational geometry,journal-unknown(10.7554/eLife.),A|B
p0372,2019,Cooperating yet distinct brain networks engaged during naturalistic paradigms - A meta-analysis of functional MRI results,journal:Network Neuroscience [listed],A|D|E
p0373,2007,Multilevel structure in behaviour and in the brain - a model of Fuster's hierarchy,journal:Philosophical Transactions of the Royal Society B: Biological Sciences [listed],A|B|G
p0374,2004,Doing without schema hierarchies - a recurrent connectionist approach to normal and impaired routine sequential action,"journal:Psychological Review [title-match, score=1.0]",A|B|E|G
p0375,2006,Short-term memory for serial order - a recurrent neural network model,journal:Psychological Review [listed],A|B|D|E|G
p0377,2009,Hierarchically organized behavior and its neural foundations - a reinforcement learning perspective,journal-unknown(10.1016/j.cogn),A|B|E|G
p0378,2019,"Reinforcement Learning, Fast and Slow",journal:Trends in Cognitive Sciences [direct-scan],A|B|G
p0379,2020,Deep Reinforcement Learning and Its Neuroscientific Implications,journal:Neuron [direct-scan],A|B|E|G
p0380,2020,Variability in the analysis of a single neuroimaging dataset by many teams,journal-unknown(10.18112/openn),A|E|G
p0381,2021,Memory for individual items is related to nonreinforced preference change,bioRxiv:section-unknown,A|B|G
p0382,2022,Fast rule switching and slow rule updating in a perceptual categorization task,journal:eLife [direct-scan],A|B|D|E|G
p0383,2019,"Real numbers, data science and chaos - How to fit any dataset with a single parameter",arXiv:cs.LG,A|B
p0384,2026,Age differences in hippocampal neural timescales during movie-viewing,bioRxiv:section-unknown,A|B|E
p0385,2019,Unreproducible Research is Reproducible,arXiv:category-unknown,A|B|E|G
p0386,2022,Acute and postacute sequelae associated with SARS-CoV-2 reinfection,journal:Nature Medicine [listed],A
p0387,2012,Bayesian just-so stories in psychology and neuroscience,journal:Psychological Bulletin [listed],A|G
p0388,2007,Impaired familiarity with preserved recollection after anterior temporal-lobe resection that spares the hippocampus,"journal:Proceedings of the National Academy of Sciences [title-match, score=1.0]",A|B
p0389,2018,Abstract Memory Representations in the Ventromedial Prefrontal Cortex and Hippocampus Support Concept Generalization,journal:The Journal of Neuroscience [listed],A|B|D
p0390,2020,Tracking prototype and exemplar representations in the brain across learning,journal:eLife [direct-scan],A|B|D|E|G
p0391,2023,Tuned geometries of hippocampal representations meet the demands of social memory,bioRxiv:section-unknown,A|B|E|G
p0392,2024,Tuned geometries of hippocampal representations meet the computational demands of social memory,journal:Neuron [direct-scan],A|B
p0393,2018,"The ventral visual pathway represents animal appearance over animacy, unlike human behavior and deep neural networks",bioRxiv:section-unknown,A|G
p0394,2008,Visual long-term memory has a massive storage capacity for object details,"journal:Proceedings of the National Academy of Sciences [title-match, score=1.0]",A|D|G
p0396,2018,Intuitive experimentation in the physical world,journal:Cognitive Psychology [listed],A|B|E|G
p0398,2020,The Surprising Role of the Default Mode Network,bioRxiv:section-unknown,A|B|E|G
p0399,2018,Retroactive and graded prioritization of memory by reward,journal:Nature Communications [direct-scan],A|B|G
p0402,2018,Is coding a relevant metaphor for the brain (1),bioRxiv:section-unknown,A|B
p0403,2018,Is coding a relevant metaphor for the brain,bioRxiv:section-unknown,A|G
p0404,2017,Creating Memories for False Autobiographical Events in Childhood - A Systematic Review,journal:Applied Cognitive Psychology [listed],A|G
p0406,2021,Interhemispheric transfer of working memories,journal:Neuron [direct-scan],A|D
p0407,2024,Efficient value synthesis in the orbitofro ... ins how loss aversion adapts to the ranges of gain and loss prospects,journal:eLife [direct-scan],A|B|G
p0408,2016,OpenAI Gym,arXiv:category-unknown,A|B|E|G
p0409,2016,Rapid and independent memory formation in the parietal cortex,journal:Proceedings of the National Academy of Sciences [direct-scan],A|D|G
p0410,2024,Neural context reinstatement of recurring events,bioRxiv:section-unknown,A
p0411,2009,Decoding and reconstructing color from responses in human visual cortex,journal:The Journal of Neuroscience [listed],A
p0413,2001,Recognition memory - what are the roles of the perirhinal cortex and hippocampus,"journal:Nature Reviews Neuroscience [title-match, score=1.0]",A|E
p0414,2024,The Topology of Representational Geometry,journal-unknown(10.1073/pnas.X),A|E
p0415,2008,The simplest complete model of choice response time - linear ballistic accumulation,journal:Cognitive Psychology [listed],A|G
p0416,2007,A temporal ratio model of memory,journal:Psychological Review [listed],A|D|G
p0417,2020,Language Models are Few-Shot Learners,arXiv:cs.CL,A|B|C|E|G
p0418,2020,Language models are few-shot learners (1),arXiv:category-unknown,B|C|G
p0419,2015,Anxious individuals have difficulty learning the causal statistics of aversive environments,journal:Nature Neuroscience [direct-scan],A|B|G
p0420,2022,When unsupervised training benefits category learning,journal:Cognition [listed],A|B|E|G
p0421,2026,One token is enough - Fingerprinting and verifying large language models from single-token output distributions,arXiv:category-unknown,A|C
p0422,2025,Understanding learning through uncertainty and bias,journal:Communications Psychology [direct-scan],A|B|G
p0423,2018,Boundaries Shape Cognitive Representations of Spaces and Events,journal:Trends in Cognitive Sciences [direct-scan],A|E|G
p0424,2018,Multiple Scales of Representation along the Hippocampal Anteroposterior Axis in Humans,journal:Current Biology [direct-scan],A
p0425,2020,Integration and differentiation of hippocampal memory traces,journal:Neuroscience &amp; Biobehavioral Reviews [listed],A|B
p0427,2013,Rats and humans can optimally accumulate evidence for decision-making,journal:Science [direct-scan],A|B|G
p0428,2017,Globally Optimal Gradient Descent for a ConvNet with Gaussian Inputs,arXiv:category-unknown,A|B|G
p0429,2017,SGD Learns Over-parameterized Networks that Provably Generalize on Linearly Separable Data,arXiv:category-unknown,B|G
p0430,2023,Sparks of Artificial General Intelligence - Early experiments with GPT-4,arXiv:category-unknown,A|C|E|G
p0431,2009,Dissociable components of rule-guided behavior depend on distinct medial and prefrontal regions,journal:Science [direct-scan],A|B|E|G
p0432,2017,Computerized cognitive testing for use in clinical trials - A comparison of the NIH Toolbox and Cogstate C3 batteries,journal-unknown(10.14283/jpad.),A|G
p0433,2010,The role of the hippocampus in prediction and imagination,journal:Annual Review of Psychology [direct-scan],A|B|G
p0434,2019,"The brain's default network - updated anatomy, physiology and evolving insights","journal:Nature Reviews Neuroscience [title-match, score=1.0]",A|B|D|E
p0435,2012,In Support of a Distinction between Voluntary and ... Control - A Review of the Literature on Proportion Congruent Effects,journal:Frontiers in Psychology [listed],A|D|E|G
p0436,2025,Expectation violations signal goals in novel human communication,journal:Nature Communications [direct-scan],A|G
p0437,2018,Hippocampal State Transitions at the Boundaries between Trial Epochs,bioRxiv:section-unknown,A|E|G
p0438,2009,Complex brain networks - graph theoretical analysis of structural and functional systems,journal:Nature Reviews Neuroscience [direct-scan],A|B|E|G
p0439,2009,Harnessing chaos in recurrent neural networks,journal:Neuron [direct-scan],A|G
p0440,2009,State-dependent computations - spatiotemporal processing in cortical networks,journal:Nature Reviews Neuroscience [direct-scan],A|D|E
p0441,2009,Accurate path integration in continuous attractor network models of grid cells,journal-unknown(10.1371/journa),A|B|G
p0442,2018,Exact information propagation through fully-connected feed forward neural networks,arXiv:category-unknown,B|G
p0443,2020,China's successful control of COVID-19,unknown-venue,A
p0444,2022,Multi-view manifold learning of human brain state trajectories,bioRxiv:section-unknown,A
p0445,2023,Multi-view manifold learning of human brain-state trajectories,journal:Nature Computational Science [listed],A
p0446,2026,Human learning of noninvasive brain–computer interfaces via manifold geometry,journal:Nature Neuroscience [direct-scan],A|B|G
p0447,2012,Synchronous oscillatory neural ensembles for rules in the prefrontal cortex,journal:Neuron [direct-scan],A
p0449,2025,Smartwatch- and smartphone-based remote assessment of brain health and detection of mild cognitive impairment,journal:Nature Medicine [listed],A|B
p0450,2019,Inferring Event-Predictive Goal-Directed Object Manipulations in REPRISE,journal:Lecture Notes in Computer Science [conference],A|B|G
p0451,2019,"Learning, planning, and control in a monolithic neural event inference architecture",journal:Neural Networks [listed],A|B
p0452,2005,"Theta rhythm of navigation - link between path integration and landmark navigation, episodic and semantic memory",journal-unknown(10.1002/h),A|E|G
p0453,2019,Utility of the Idling Brain - Abstraction of New Knowledge,journal:Cell [direct-scan],A
p0454,2013,"Memory, navigation and theta rhythm in the hippocampal-entorhinal system",journal:Nature Neuroscience [direct-scan],A|G
p0455,2018,Space and Time - The Hippocampus as a Sequence Generator,journal:Trends in Cognitive Sciences [direct-scan],A
p0457,2024,Brain and eye movement dynamics track the transition from learning to memory-guided action (1),journal:Current Biology [direct-scan],A|G
p0458,2024,Brain and eye movement dynamics track the transition from learning to memory-guided action,journal:Current Biology [direct-scan],A|G
p0459,2017,Methods for cleaning the BOLD fMRI signal,journal:NeuroImage [listed],A
p0460,2018,Language GANs Falling Short,arXiv:cs.CL,A|B|E|G
p0461,2017,Deep convolutional models improve predictions of macaque V1 responses to natural images,bioRxiv:section-unknown,A|B
p0462,2014,Deep neural networks rival the representation of primate IT cortex for core visual object recognition,journal:PLoS Computational Biology [listed],A|B|G
p0463,2016,A Bayesian method for reducing bias in neural representational similarity analysis,unknown-venue,A|B|G
p0464,2026,Mapping the neuronal building blocks of human language with language models,journal:Nature [direct-scan],A|B|C
p0465,2019,Development of Hippocampal-Prefrontal Cortex Interactions through Adolescence,journal:Cerebral Cortex [direct-scan],A|D|G
p0466,2017,The impact of T1 versus EPI spatial normalization templates for fMRI data analyses,journal:Human Brain Mapping [listed],A
p0467,2019,Unsupervised identification of the internal states that shape natural behavior,bioRxiv:section-unknown,A|B|G
p0468,2017,Semantics derived automatically from language corpora contain human-like biases,journal-unknown(10.7910/DVN/DX),A|C|E|G
p0469,2022,Leveraging artificial intelligence to improve people’s planning strategies,journal-unknown(10.1073/pnas.),A|B|E|G
p0470,2024,Optimal metacognitive control of memory recall,journal:Psychological Review [listed],A|B|E|G
p0471,2018,Evaluating the replicability of social science experiments in Nature and Science between 2010 and 2015,journal:Nature Human Behaviour [direct-scan],A
p0472,2024,"Hyper-Binding - Older Adults Form Too Many Associations, Not Too Few",journal:Current Directions in Psychological Science [listed],A|E|G
p0473,2018,Increased hippocampus to ventromedial prefrontal connectivity during the construction of episodic future events,journal:Hippocampus [direct-scan],A|B|D
p0474,2023,Relational Constraints On Neural Networks Reproduce Human Biases towards Abstract Geometric Regularity,arXiv:category-unknown,A|B|E|G
p0475,2014,Revealing human inductive biases for category learning by simulating cultural transmission,journal:Psychonomic Bulletin &amp; Review [direct-scan],A|B|G
p0476,2016,An Analysis of Deep Neural Network Models for Practical Applications,arXiv:category-unknown,A|G
p0477,2018,Emergent Communication through Negotiation,arXiv:category-unknown,A|B|E|G
p0478,2021,Internally Generated Time in the Rodent Hippocampus is Logarithmically Compressed,bioRxiv:section-unknown,A|B
p0479,2025,A neuronal code for object representation and memory in the human amygdala and hippocampus,journal:Nature Communications [direct-scan],A|B|G
p0480,2022,Computational reconstruction of mental representations using human behavior,arXiv:category-unknown,A|B|D
p0481,2024,Towards biologically plausible model-based re ... nt learning in recurrent spiking networks by dreaming new experiences,journal:Scientific Reports [direct-scan],A|G
p0482,2011,Normalization as a canonical neural computation,journal-unknown(10.1038/nrn313),A|D|G
p0483,2019,Reward revaluation biases hippocampal replay content away from the preferred outcome,journal:Nature Neuroscience [direct-scan],A|B|E|G
p0484,2017,Adjudicating between face-coding models with individual-face fMRI responses,journal:PLOS Computational Biology [listed],A|B|D
p0485,2020,Extracting Training Data from Large Language Models,arXiv:category-unknown,A|B|C|E
p0486,2014,The emergence of semantic meaning in the ventral temporal pathway,journal:Journal of Cognitive Neuroscience [listed],A
p0487,2010,Power posing - brief nonverbal displays affect neuroendocrine levels and risk tolerance,journal:Psychological Science [direct-scan],A|B|D
p0488,2023,BrainLM - A foundation model for brain activity recordings,bioRxiv:section-unknown,A|B
p0490,2017,Flexible retrieval - When true inferences produce false memories,journal-unknown(10.1037/xlm000),A|G
p0491,2011,Hippocampal replay in the awake state - a potential substrate for memory consolidation and retrieval,journal:Nature Neuroscience [direct-scan],A|D|G
p0492,2014,Effects of interleaved and blocked study on delayed test of category learning generalization,journal:Frontiers in Psychology [listed],A|B|E|G
p0493,2014,Putting category learning in order - Categ ... oral arrangement affect the benefit of interleaved over blocked study,journal:Memory &amp; Cognition [listed],A|B|E|G
p0494,2015,The benefits of interleaved and blocked study - different tasks benefit from different schedules of study,journal:Psychonomic Bulletin &amp; Review [direct-scan],A|B|G
p0495,2015,What you learn is more than what you see - what can sequencing effects tell us about inductive category learning,journal:Frontiers in Psychology [listed],A
p0497,2021,The most efficient sequence of study depends on the type of test,journal:Applied Cognitive Psychology [listed],A|E|G
p0498,2023,Comprehensive review of task-based neuroimaging ... ve deficits in Alzheimer's disease using electrophysiological methods,journal-unknown(10.1016/j.arr.),A|E|G
p0499,2021,How usefulness shapes neural representations during goal-directed behavior,journal:Science Advances [listed],A|B|G
p0500,2022,A randomized controlled trial to test the efficacy ... lacks - African Americans with diabetes and mild cognitive impairment,journal-unknown(10.1016/j.cct.),A
p0501,2025,What does it mean to understand language,arXiv:cs.CL,A|B
p0502,2025,Discovering symbolic cognitive models from human and animal behavior,bioRxiv:section-unknown,A|B|C|E|G
p0503,2022,Brains and algorithms partially converge in natural language processing,journal:Communications Biology [direct-scan],A|B|C|G
p0504,2022,Deep language algorithms predict semantic comprehension from brain activity,journal:Scientific Reports [direct-scan],A|B|C
p0505,2006,The precuneus - a review of its functional anatomy and behavioural correlates,journal:Brain [listed],A|B|D
p0506,2026,Attention modulates value normalization in human reinforcement learning by shaping reward encoding,journal:Nature Communications [direct-scan],A|E|G
p0507,2018,Universal Sentence Encoder,arXiv:category-unknown,A|B|C|G
p0508,2024,An evolved universal transformer memory,arXiv:category-unknown,B|C|G
p0509,2014,CA3 size predicts the precision of memory recall,journal:Proceedings of the National Academy of Sciences [direct-scan],A|B
p0510,2016,Semantic representations in the temporal pole predict false memories,journal:Proceedings of the National Academy of Sciences [direct-scan],A|D|G
p0511,2018,Uncertainty Estimation in Bayesian Neural Networks And Links to Interpretability,arXiv:cs.LG,A|B|D|E|G
p0512,2018,"Toward a unified theory of efficient, predictive, and sparse coding",journal:Proceedings of the National Academy of Sciences [direct-scan],A|B|D|G
p0513,2019,Inferring the function performed by a recurrent neural network,bioRxiv:section-unknown,A|G
p0514,2013,Joint segmentation of multivariate time series with hidden process regression for human activity recognition,arXiv:stat.ML,A|E
p0516,2016,"A Probability Distribution over Latent Causes, in the Orbitofrontal Cortex",journal:The Journal of Neuroscience [listed],A|B|G
p0517,2017,Lingering representations of stimuli influence recall organization,journal:Neuropsychologia [listed],A|B|D
p0518,2017,Overlap among Spatial Memories Triggers Repulsion of Hippocampal Representations,journal:Current Biology [direct-scan],A
p0519,2019,Interference between overlapping memories is predicted by neural states during learning,journal:Nature Communications [direct-scan],A|B|D
p0520,2020,Adaptive repulsion of long-term memory representations is triggered by event similarity,bioRxiv:section-unknown,A|E|G
p0521,2008,Some of the authors of this publication are also working on these related projects:,unknown-venue,A|E|G
p0522,2025,Episodic and associative memory from spatial scaffolds in the hippocampus,journal:Nature [direct-scan],A|B|G
p0523,2017,The Code for Facial Identity in the Primate Brain,journal:Cell [direct-scan],A|D|E
p0524,2016,A Compositional Object-Based Approach to Learning Physical Dynamics,arXiv:category-unknown,A|B|G
p0525,2018,BOLD5000 - A public fMRI dataset of 5000 images,arXiv:q-bio.NC,A|D
p0526,2018,Endogenous variation in ventromedial prefrontal cort ... te dynamics during naturalistic viewing reflects affective experience (1),bioRxiv:section-unknown,A|B|E
p0527,2018,Endogenous variation in ventromedial prefrontal cort ... te dynamics during naturalistic viewing reflects affective experience,bioRxiv:section-unknown,A|B|E
p0528,2019,"BOLD5000, a public fMRI dataset while viewing 5000 visual images",journal:Scientific Data [direct-scan],A|D
p0529,2021,Chang et al. 2020 - Relating the past with the prese ... ation integration and segregation during ongoing narrative processing,bioRxiv:section-unknown,A|G
p0530,2021,Relating the past with the present - Information integration and segregation during ongoing narrative processing,journal:Journal of Cognitive Neuroscience [listed],A|B|E
p0531,2022,Information flow across the cortical timescale hierarchy during narrative construction,journal:Proceedings of the National Academy of Sciences [direct-scan],A|B|D|E
p0532,2025,Sleep microstructure organizes memory replay,journal-unknown(10.1038/s4),A|B
p0533,2018,Large-Scale Cortical Networks for Hierarchical Prediction and Prediction Error in the Primate Brain,journal:Neuron [direct-scan],A|B|G
p0534,2018,Interpreting Deep Learning - The Machine Learning Rorschach Test,arXiv:category-unknown,A|B
p0536,2006,Probabilistic models of language processing and acquisition,journal:Trends in Cognitive Sciences [direct-scan],A
p0537,2003,Simplicity - a unifying principle in cognitive science,"journal:Trends in Cognitive Sciences [title-match, score=1.0]",A|B
p0538,2010,Bayesian models of cognition,unknown-venue,A|B
p0540,2015,Multiple gates on working memory (1),journal-unknown(10.1016/j.cobe),A|D|E|G
p0541,2015,Multiple gates on working memory,journal-unknown(10.1016/j.cobe),A|D|E|G
p0542,2011,From an executive network to executive control - a computational model of the n-back task,"journal:Journal of Cognitive Neuroscience [title-match, score=0.978]",A|G
p0543,2016,Computational principles of memory,journal:Nature Neuroscience [direct-scan],A|B|D|E|G
p0544,2015,A Large-Scale Circuit Mechanism for Hierarchical Dynamical Processing in the Primate Cortex,journal-unknown(10.1016/j.ne),B|D|E|G
p0545,2019,The intrinsic attractor manifold and population dynamics of a canonical cognitive circuit across waking and sleep,journal:Nature Neuroscience [direct-scan],A|B|E
p0546,2013,One Billion Word Benchmark for Measuring Progress in Statistical Language Modeling,arXiv:cs.CL,A|B|G
p0547,2017,Multi-view Representation Learning with Applications to Functional Neuroimaging Data,arXiv:category-unknown,A|B|D
p0548,2024,The causal structure and computational value of narratives,journal:Trends in Cognitive Sciences [direct-scan],A|D|E|G
p0549,2026,Learning what to remember - A cognitively grounded multi-factor value model for agentic memory,arXiv:category-unknown,A|D|G
p0550,2011,Associative retrieval processes in the human medial temporal lobe - hippocampal retrieval success and CA1 mismatch detection,bioRxiv:section-unknown,A|D
p0551,2013,Encoding and retrieval of artificial visuoauditory memory traces in the auditory cortex requires the entorhinal cortex,journal:Journal of Neuroscience [listed],A|G
p0553,2015,A Reduced-Dimension fMRI Shared Response Model,unknown-venue,A|D|E
p0554,2015,Prediction strength modulates responses in human area CA1 to sequence violations,journal-unknown(10.1152/jn.001),A|D
p0555,2015,Processing timescales as an organizing principle for primate cortex,journal:Neuron [direct-scan],A|B|D|E
p0556,2016,A Convolutional Autoencoder for Multi-Subject fMRI Data Aggregation,arXiv:category-unknown,A|B|D|E|G
p0557,2016,Accessing Real-Life Episodic Information from Minutes ... Hours Earlier Modulates Hippocampal and High-Order Cortical Dynamics,journal:Cerebral Cortex [direct-scan],A|D|E
p0558,2016,"DeepLab - Semantic Image Segmentation with Deep Convolutional Nets, Atrous Convolution, and Fully Connected CRFs",arXiv:category-unknown,A|B|D|G
p0559,2016,"Untangling the relatedness among correlations, part I ... c approaches to inter-subject correlation analysis at the group level",journal:NeuroImage [listed],A|B|E|G
p0560,2016,bhv155supp,unknown-venue,A|E
p0561,2017,A unified model of human semantic knowledge and its disorders,journal:Nature Human Behaviour [direct-scan],A|B|D
p0562,2017,Shared memories reveal shared structure in neural activity across individuals (1),journal:Nature Neuroscience [direct-scan],A|D|E
p0563,2017,Shared memories reveal shared structure in neural activity across individuals,journal:Nature Neuroscience [direct-scan],A|B|E
p0564,2017,"Untangling the relatedness among correlations, Part I ... ject correlation group analysis through linear mixed-effects modeling",journal:NeuroImage [listed],A|B|E
p0565,2018,Dynamical Isometry and a Mean Field Theory of RNNs - Gating Enables Signal Propagation in Recurrent Neural Networks,arXiv:category-unknown,A|B|E|G
p0566,2018,Neural Ordinary Differential Equations,arXiv:category-unknown,A|B|E
p0567,2019,Artificially Enhancing and Suppressing Hippocampus-Mediated Memories,journal:Current Biology [direct-scan],A|B|G
p0568,2019,Inter-subject representational similarity analysis re ... vidual variations in affective experience when watching erotic movies,bioRxiv:section-unknown,A|G
p0569,2019,Learning to Perform Role-Filler Binding with Schematic Knowledge,arXiv:category-unknown,A|B
p0570,2019,Modular Meta-Learning with Shrinkage,arXiv:category-unknown,A|B|E|G
p0571,2019,"Untangling the Relatedness among Correlations, Part I ... alysis through Bayesian Multilevel Modeling for Naturalistic Scanning",bioRxiv:section-unknown,A|B|E|G
p0572,2020,Big Self-Supervised Models are Strong Semi-Supervised Learners,arXiv:category-unknown,A|B
p0573,2020,Intriguing Properties of Contrastive Losses,arXiv:category-unknown,A|B|D
p0575,2023,Alpha oscillatory activity is causally linked to working memory retention,journal:PLOS Biology [listed],A|B
p0576,2024,Deep learning and large language models for audio and ... in predicting suicidal acts in Chinese psychological support hotlines,arXiv:category-unknown,A|B|C|D|G
p0577,2026,Continuous strategy adaptation and discrete switching driven by environment and internal state in meta-learning,bioRxiv:section-unknown,A|B|E|G
p0578,2026,Interpreting human sleep activity through neural contrastive learning,journal:Neuron [direct-scan],A|B|E
p0579,2026,Learning to select computations in recurrent neural circuits,bioRxiv:section-unknown,A|B|D|G
p0580,2022,Development of updating in working memory in 4-7-year-old children,journal-unknown(10.1037/dev000),A|G
p0581,2017,A Survey of Model Compression and Acceleration for Deep Neural Networks,arXiv:category-unknown,A|B|E|G
p0582,2018,Polynomial Regression As an Alternative to Neural Nets,arXiv:cs.LG,A|B
p0583,2025,Independent continuous tracking of multiple agents in the human hippocampus,bioRxiv:section-unknown,A|B|E
p0584,2018,Scaling up molecular pattern recognition with DNA-based winner-take-all neural networks,journal:Nature [direct-scan],A|B
p0585,2023,Barcoding of episodic memories in the hippocampus of a food-caching bird (1),bioRxiv:section-unknown,A|G
p0586,2023,Barcoding of episodic memories in the hippocampus of a food-caching bird,journal:Cell [direct-scan],A
p0587,2026,"Online behavioral studies are safe for now - Unusual RTs do not imply bots (A reply to Van der Stigchel et al., 2026)",bioRxiv:section-unknown,A|G
p0590,2018,Geometric Generalization Based Zero-Shot Learning Dataset Infinite World - Simple Yet Powerful,arXiv:category-unknown,A|B|D|E
p0591,2019,Constructing and Forgetting Temporal Context in the Human Cerebral Cortex,bioRxiv:section-unknown,A|B|E|G
p0592,2020,Constructing and Forgetting Temporal Context in the Human Cerebral Cortex,bioRxiv:section-unknown,A|B|E|G
p0593,2020,Mapping the Timescale Organization of Neural Language Models,arXiv:category-unknown,A|B|C|D|G
p0594,2019,Generating Long Sequences with Sparse Transformers,arXiv:category-unknown,A|B
p0595,2019,Predicting the partition of behavioral variability in speed perception with naturalistic stimuli,journal:The Journal of Neuroscience [listed],A|B|E|G
p0596,2025,Learning reshapes the hippocampal representation hierarchy,bioRxiv:section-unknown,A|B|D|G
p0597,2017,Cueing cognitive flexibility - Item-specific learning of switch readiness,journal-unknown(10.1037/xhp000),A|B|D|G
p0599,2014,Learning Phrase Representations using RNN Encoder-Decoder for Statistical Machine Translation (1),arXiv:category-unknown,A|B|G
p0600,2014,Learning Phrase Representations using RNN Encoder-Decoder for Statistical Machine Translation,arXiv:category-unknown,A|B|G
p0601,2014,On the Properties of Neural Machine Translation - Encoder-Decoder Approaches,arXiv:category-unknown,G
p0602,2018,Compositional Obverter Communication Learning From Raw Visual Input,arXiv:category-unknown,A|B|D|E|G
p0603,2014,The Loss Surfaces of Multilayer Networks,arXiv:category-unknown,A|B
p0605,2009,Experience sampling during fMRI reveals default network and executive system contributions to mind wandering,journal-unknown(10.1016/j.ijps),A|G
p0606,2017,Your Brain on the Movies - A Computational Ap ... ox-office Performance from Viewer's Brain Responses to Movie Trailers,journal:Frontiers in Neuroinformatics [listed],A|B|G
p0607,2011,Kernel regression for fMRI pattern prediction,journal-unknown(10.1016/j.neur),A|B
p0609,2016,Hierarchical Multiscale Recurrent Neural Networks,arXiv:category-unknown,A|B|E
p0612,2021,Cognitive control persistently enhances hippocampal information processing,journal:Nature [direct-scan],A|B|E|G
p0613,2024,Preparatory activity and the expansive null-space,journal:Nature Reviews Neuroscience [direct-scan],A|E
p0614,2006,Neural variability in premotor cortex provides a signature of motor preparation,journal:The Journal of Neuroscience [listed],A
p0615,2010,Stimulus onset quenches neural variability - a widespread cortical phenomenon,journal:Nature Neuroscience [direct-scan],A
p0616,2012,Neural population dynamics during reaching,journal:Nature [direct-scan],A
p0617,2019,"What 'wins' in VMPFC - Scenes, situations, or schema",journal:Neuroscience &amp; Biobehavioral Reviews [listed],A|E|G
p0618,2019,Deep Neural Networks as Scientific Models,journal:Trends in Cognitive Sciences [direct-scan],A|B|E
p0619,2014,Resolving human object recognition in space and time,journal:Nature Neuroscience [direct-scan],A|B|E
p0620,2016,Comparison of deep neural networks to spatio-tempora ... f human visual object recognition reveals hierarchical correspondence,journal:Scientific Reports [direct-scan],A|B|D|G
p0621,2017,Neural dynamics of real-world object vision that guide behaviour,bioRxiv:section-unknown,A|D
p0623,2009,Decisions in changing conditions - the urgency-gating model,journal:The Journal of Neuroscience [listed],A|E|G
p0624,2013,"Whatever next - Predictive brains, situated agents, and the future of cognitive science",journal-unknown(10.1017/S01405),A|B|E|G
p0625,2016,Remembering Preservation in Hippocampal Amnesia,journal:Annual Review of Psychology [direct-scan],A|D
p0626,2019,What Does BERT Look At - An Analysis of BERT's Attention,arXiv:category-unknown,A|B|C|D|G
p0627,2020,Does hippocampal volume explain performance differences on hippocampal-dependent tasks,journal:NeuroImage [listed],A|G
p0628,2021,Contextual expectations shape cortical reinstatement of sensory representations,bioRxiv:section-unknown,A|D
p0630,2003,Can animals recall the past and plan for the future,unknown-venue,A|B
p0631,2015,Virtual environmental enrichment through video games improves hippocampal-associated memory,journal:The Journal of Neuroscience [listed],A|B|E|G
p0632,2017,The Ebb and Flow of Experience Determines the Temporal Structure of Memory,journal:Current Opinion in Behavioral Sciences [direct-scan],A|B|E
p0633,2019,Transcending time in the brain - How event memories are constructed from experience,journal:Hippocampus [direct-scan],A|E
p0634,2025,Hippocampal representations drift in stable multisensory environments,journal:Nature [direct-scan],A|G
p0635,2017,Theta phase synchronization is the glue that binds human associative memory,journal:Current Biology [direct-scan],A
p0637,2024,Dentate gyrus ensembles gate context-dependent neural states and memory retrieval,bioRxiv:section-unknown,A|B|D|G
p0638,2019,Asking the right questions about the psychology of human inquiry - Nine open challenges,journal:Psychonomic Bulletin &amp; Review [direct-scan],A|B|E|G
p0639,2023,An adversarial collaboration to critically evaluate theories of consciousness,bioRxiv:section-unknown,A|E
p0640,2022,A memory-based theory of emotional disorders,arXiv:cs.CL,A|B
p0641,2017,Boosting Dilated Convolutional Networks with Mixed Tensor Decompositions,arXiv:category-unknown,A|B|D
p0642,2017,Computational approaches to fMRI analysis,journal:Nature Neuroscience [direct-scan],A|B|D|E
p0643,2017,Prestimulus Activity in the Cingulo-Opercular Network Predicts Memory for Naturalistic Episodic Experience,bioRxiv:section-unknown,A|B|G
p0644,2018,DNN or k-NN - That is the Generalize vs. Memorize Question,arXiv:category-unknown,B
p0645,2019,Prestimulus Activity in the Cingulo-Opercular Network Predicts Memory for Naturalistic Episodic Experience,journal:Cerebral Cortex [direct-scan],A|B|G
p0646,2019,Separability and Geometry of Object Manifolds in Deep Neural Networks,bioRxiv:section-unknown,A|B|E
p0647,2021,The hippocampus constructs narrative memories across distant events,journal:Current Biology [direct-scan],A
p0648,2011,Rapid transfer of abstract rules to novel contexts in human lateral prefrontal cortex,journal:Frontiers in Human Neuroscience [listed],A|B|D|G
p0649,2013,Multi-task connectivity reveals flexible hubs for adaptive task control,journal:Nature Neuroscience [direct-scan],A|B|D
p0651,2016,The Behavioral Relevance of Task Information in Human Prefrontal Cortex,journal:Cerebral Cortex [direct-scan],A|D|E|G
p0652,2016,Rhythms of the hippocampal network,journal:Nature Reviews Neuroscience [direct-scan],A|D
p0653,2008,Understanding memory through hippocampal remapping,journal:Trends in Neurosciences [listed],A|E
p0654,2015,Estimating the reproducibility of psychological science,journal:Science [direct-scan],A|G
p0655,2018,Implementing Neural Turing Machines,arXiv:cs.LG,A|B|C|G
p0656,2015,Memory hierarchies map onto the hippocampal long axis in humans,journal:Nature Neuroscience [direct-scan],A|B|G
p0657,2017,"Hippocampal hierarchical networks for space, time, and memory",journal:Current Opinion in Behavioral Sciences [direct-scan],A|B|E
p0658,2025,Neural codes track prior events in a narrative and predict subsequent memory for details,journal:Communications Psychology [direct-scan],A|E
p0659,2019,Reinforcement learning - bringing together computation and cognition,journal:Current Opinion in Behavioral Sciences [direct-scan],A|B|G
p0660,2025,A habit and working memory model as an alternative account of human reward-based learning,journal:Nature Human Behaviour [direct-scan],A|B|G
p0661,2014,Opponent actor learning (OpAL) - modeling inter ... s of striatal dopamine on reinforcement learning and choice incentive,journal:Psychological Review [listed],A|B|E|G
p0662,2016,Neural signature of hierarchically structured e ... edicts clustering and transfer of rule sets in reinforcement learning,journal-unknown(10.1016/j.cogn),A|B|D|E|G
p0663,2016,Capacity and Trainability in Recurrent Neural Networks,arXiv:category-unknown,B|E|G
p0664,2009,Forgetting the unforgettable through conversation - socially shared retrieval-induced forgetting of September 11 memories,unknown-venue,A|E
p0665,2016,Mnemonic convergence in social networks - The emergent properties of cognition at a collective level (1),journal:Proceedings of the National Academy of Sciences [direct-scan],A|E|G
p0666,2016,Mnemonic convergence in social networks - The emergent properties of cognition at a collective level,journal:Proceedings of the National Academy of Sciences [direct-scan],A|E|G
p0667,2000,Synaptic mechanisms and network dynamics underlying spatial working memory in a cortical network model,"journal:Cerebral Cortex [title-match, score=1.0]",A|D|E
p0668,2024,Hippocampal representations of alternative possibilities are flexibly generated to meet cognitive demands,bioRxiv:section-unknown,A|B|E|G
p0669,2024,Latent representations in hippocampal network model co-evolve with behavioral exploration of task structure,journal:Nature Communications [direct-scan],A|B|G
p0670,2017,Word Translation Without Parallel Data,arXiv:category-unknown,A|B|C
p0671,2012,The representation of biological classes in the human brain,journal:The Journal of Neuroscience [listed],A
p0672,2016,Constantinescu.SM,journal:Science [direct-scan],A|B|D
p0673,2016,Organizing conceptual knowledge in humans with a gridlike code,journal:Science [direct-scan],A
p0674,2016,The neuroscience of working memory capacity and training,journal:Nature Reviews Neuroscience [direct-scan],A|B|D|G
p0675,2023,What can 1.8 billion regressions tell us about the pressures shaping high-level visual representation in brains and machines,bioRxiv:section-unknown,A|B|G
p0676,2004,It takes two neurons to ride a bicycle,unknown-venue,A|G
p0677,2004,Universality in elementary cellular automata,unknown-venue,A|B|E
p0678,2019,Cortico-hippocampal network connections support the multidimensional quality of episodic memory,bioRxiv:section-unknown,A|D
p0679,2000,Contention scheduling and the control of routine activities,journal:Cognitive Neuropsychology [listed],A|B|G
p0680,2019,Little evidence for Fast Mapping (FM) in adults - A review and discussion,journal:Cognitive Neuroscience [listed],A|B|D|E
p0681,2020,Mapping the organization and dynamics of the posterior medial network during movie watching,bioRxiv:section-unknown,A|D
p0682,2002,Control of goal-directed and stimulus-driven attention in the brain,journal:Nature Reviews Neuroscience [direct-scan],A|E
p0684,2002,What's new with the amnesic patient H.M.,journal:Nature Reviews Neuroscience [direct-scan],A|E|G
p0685,2002,What's new with the amnesic patient HM,journal:Nature Reviews Neuroscience [direct-scan],A|E|G
p0686,2023,Improving Memory Search through Model-Based Cue Selection,unknown-venue,A|B|E|G
p0687,2025,Hierarchical context guides human memory search,unknown-venue,A|B|E|G
p0688,2024,The Role of Episodic Memory in Storytelling - Comparing Large Language Models with Humans,arXiv:category-unknown,A|B|C|E|G
p0689,2023,Humans decompose tasks by trading off utility and computational cost,journal:PLOS Computational Biology [listed],A|B|G
p0690,2017,Cortical microcircuits as gated-recurrent neural networks,arXiv:q-bio.NC,A|C|D|G
p0691,2023,Abstract representations emerge in human hippocampal neurons during inference behavior (1),bioRxiv:section-unknown,A|B|E|G
p0692,2023,Abstract representations emerge in human hippocampal neurons during inference behavior,bioRxiv:section-unknown,A|B|E|G
p0693,2024,Abstract representations emerge in human hippocampal neurons during inference,journal:Nature [direct-scan],A|B|E|G
p0694,2012,The advantage of brief fMRI acquisition runs for multi-voxel pattern detection across runs,journal-unknown(10.1016/j.neur),A|B|G
p0695,2014,Fast mapping rapidly integrates information into existing memory networks,journal-unknown(10.1037/xge000),A|B|C|G
p0697,2007,Collective minds,unknown-venue,A|D|G
p0698,2002,Collective memory and spatial sorting in animal groups,journal-unknown(10.1006/yjtbi.),A|B|G
p0699,2018,The Necessity of the Hippocampus for Statistical Learning,journal:Journal of Cognitive Neuroscience [listed],A|E|G
p0700,2008,"What are the differences between long-term, short-term, and working memory",journal-unknown(10.1016/S0079-),A|E
p0701,2010,"The Magical Mystery Four - How is Working Memory Capacity Limited, and Why",journal:Current Directions in Psychological Science [listed],A|D|E
p0702,2006,Why does brain damage impair memory - A connectionist model of object recognition memory in perirhinal cortex,journal:The Journal of Neuroscience [listed],A|B|D
p0703,2019,A Roadmap for Understanding Memory - Decomposing Cognitive Processes into Operations and Representations,journal:eneuro [listed],A|E
p0704,2016,Testing neurocognitive predictions of the hub-and-spoke model of semantic memory with network representational similarity analysis,journal:The Journal of Neuroscience [listed],A|B|E
p0705,2018,Connecting natural and artificial neural networks in functional brain imaging using structured sparsity,bioRxiv:section-unknown,A|E
p0706,2017,A dynamic approach to recognition memory,journal:Psychological Review [listed],A|B|E|G
p0707,2015,Connecting functional brain imaging and Parallel Distributed Processing,"journal:Language, Cognition and Neuroscience [listed]",A|B|E
p0708,2019,Focusing on what matters - Modulation of the human hippocampus by relational attention,journal:Hippocampus [direct-scan],A|D|G
p0709,2008,Predictive coding and the slowness principle - an information-theoretic approach,"journal:Neural Computation [title-match, score=1.0]",A|D
p0710,2023,Goal-oriented representations in the human hippocampus during planning and navigation,journal:Nature Communications [direct-scan],A|B|G
p0711,2023,Seeing and understanding epistemic actions,journal:Proceedings of the National Academy of Sciences [direct-scan],A|B|G
p0712,2021,Using deep reinforcement learning to reveal how the ... abstract state-space representations in high-dimensional environments,journal:Neuron [direct-scan],A|D|G
p0713,2010,Fast saccades toward faces - face detection in just 100 ms,journal-unknown(10.1167/10.4.1),A|B|G
p0714,2013,Evaluating Amazon's Mechanical Turk as a tool for experimental behavioral research,journal:PLoS ONE [listed],A|B|G
p0715,2024,A generic noninvasive neuromotor interface for human-computer interaction,bioRxiv:section-unknown,A|B|E|G
p0716,2018,Emergence of grid-like representations by training recurrent neural networks to perform spatial localization,arXiv:category-unknown,A|B|D|G
p0717,2019,Searching for Semantic Knowledge - A Vector Space Semantic Analysis of the Feature Generation Task,journal:Frontiers in Human Neuroscience [listed],A|B|D
p0718,2019,Sequences in popular cinema generate inconsistent event segmentation,"journal:Attention, Perception, &amp; Psychophysics [listed]",A|B|E
p0719,2019,Large-scale narrative events in popular cinema,journal-unknown(10.1186/s41235),A|B|E
p0720,2013,Attention during natural vision warps semantic representation across the human brain,journal:Nature Neuroscience [direct-scan],A|G
p0721,2026,Interpretable abstractions of artificial neural ... edict behavior and neural activity during human information gathering,journal:Nature Neuroscience [direct-scan],A|B|G
p0722,2004,Phenomenal characteristics associa ... forward into the future - influence of valence and temporal distance,journal:Consciousness and Cognition [listed],A
p0724,2021,Slices of the past - how events are temporally compressed in episodic memory,journal:Consciousness and Cognition [listed],A|E|G
p0725,2020,A distributional code for value in dopamine-based reinforcement learning,journal:Nature [direct-scan],A|B|E|G
p0726,2019,Transformer-XL - Attentive Language Models Beyond a Fixed-Length Context,arXiv:category-unknown,A|B|C|G
p0727,2011,Variational Gaussian Process Dynamical Systems,arXiv:stat.ML,A|B
p0728,2014,Variational Inference for Uncertainty on the Inputs of Gaussian Process Models,arXiv:stat.ML,A|B
p0729,2015,A Top-Down Approach for a Synthetic Autobiographical Memory System,journal:Lecture Notes in Computer Science [conference],A|G
p0730,2019,From choice architecture to choice engineering,journal:Nature Communications [direct-scan],A|G
p0731,2018,Time-dependent memory transformation along the hippocampal anterior-posterior axis,journal:Nature Communications [direct-scan],A
p0732,2016,Topology and Geometry of Half-Rectified Network Optimization,arXiv:stat.ML,A|B|G
p0733,2017,Frustratingly Short Attention Spans in Neural Language Modeling,arXiv:category-unknown,A|B|C
p0734,2008,A rational account of memory predicts left prefrontal activation during controlled retrieval,journal:Cerebral Cortex [direct-scan],A|B|G
p0735,2019,The Role of Hierarchical Dynamical Functions in Coding for Episodic Memory and Cognition,journal:Journal of Cognitive Neuroscience [listed],A|B|D|E|G
p0736,2026,"Human neuron activity during an 83-minute movie from 2,286 neurons and 29 patients",journal:Scientific Data [direct-scan],A|D|E
p0737,2024,Larimar - Large Language Models with episodic memory control,arXiv:category-unknown,A|B|C|G
p0738,2021,Memory as a Computational Resource,journal:Trends in Cognitive Sciences [direct-scan],B|E
p0739,2021,Clustering and the efficient use of cognitive resources,arXiv:category-unknown,A|B|G
p0741,2018,Evaluating Compositionality in Sentence Embeddings,arXiv:category-unknown,A|B|C|G
p0742,2018,Remembrance of inferences past - Amortization in human hypothesis generation,journal:Cognition [listed],A
p0743,2019,A theory of learning to infer,bioRxiv:section-unknown,A|B|E
p0744,2019,Causal Reasoning from Meta-reinforcement Learning,arXiv:category-unknown,A|B|E|G
p0745,2022,Language models show human-like content effects on reasoning,arXiv:category-unknown,A|B|C|G
p0746,2024,Control of working memory by phase-amplitude coupling of human hippocampal neurons,journal:Nature [direct-scan],A|D
p0747,2024,Persistent activity during working memory maintenance predicts long-term memory formation in the human hippocampus,journal:Neuron [direct-scan],A|D
p0748,2014,Identifying and attacking the saddle point problem in high-dimensional non-convex optimization (1),unknown-venue,B|G
p0749,2014,Identifying and attacking the saddle point problem in high-dimensional non-convex optimization,arXiv:category-unknown,B|G
p0750,2006,"Item, context and relational episodic encoding in humans",journal:Current Opinion in Neurobiology [direct-scan],A|G
p0751,2015,How the hippocampus preserves order - the role of prediction and context,journal:Trends in Cognitive Sciences [direct-scan],A
p0752,2002,Hippocampal contributions to episodic encoding - insights from relational and item-based learning,journal-unknown(10.1152/jn.000),A|G
p0754,2005,The demise of short-term memory revisited - empirical and computational investigations of recency effects,journal:Psychological Review [listed],A|E
p0755,2009,Hippocampal replay of extended experience,journal:Neuron [direct-scan],A|G
p0756,2018,Hyperspherical Variational Auto-Encoders,arXiv:category-unknown,A|B|E|G
p0757,2025,Goals as reward-producing programs,journal:Nature Machine Intelligence [direct-scan],A|E|G
p0758,2023,Memory for artwork is predictable,journal:Proceedings of the National Academy of Sciences [direct-scan],A|B|D|G
p0759,2009,A complementary systems account of word learning - neural and behavioural evidence,journal:Philosophical Transactions of the Royal Society B: Biological Sciences [listed],A|B
p0760,2014,"What do differences between multi-voxel and univaria ... - How subject-, voxel-, and trial-level variance impact fMRI analysis",journal-unknown(10.1016/j.neur),A|B|E
p0761,2021,Compositional memory in attractor neural networks with one-step learning,journal:Neural Networks [listed],A|B
p0762,2018,Are we of two minds,journal:Nature Neuroscience [direct-scan],A|B|G
p0763,2005,Uncertainty-based competition between prefrontal and dorsolateral striatal systems for behavioral control,journal:Nature Neuroscience [direct-scan],A|B|G
p0764,2006,Cortical substrates for exploratory decisions in humans,journal:Nature [direct-scan],A|B|E|G
p0765,2011,Model-based influences on humans' choices and striatal prediction errors,journal:Neuron [direct-scan],A|B|G
p0766,2017,Probability matching in perceptrons - Effects of conditional dependence and linear nonseparability,journal:PLOS ONE [listed],A|E|G
p0768,2026,Three-dimensional object perception can emerge from predictive learning,journal:Developmental Science [listed],A|B|E|G
p0769,2005,Theoretical Neuroscience - Computational and Mathematical Modeling of Neural Systems,unknown-venue,A|B|E
p0771,2008,"Reinforcement learning - the good, the bad and the ugly",journal:Current Opinion in Neurobiology [direct-scan],A|B|G
p0772,2013,Remembering what could have happened - neural correlates of episodic counterfactual thinking,journal:Neuropsychologia [listed],A|G
p0774,2018,Boundary extension is attenuated in patients with ventromedial prefrontal cortex damage,journal:Cortex [listed],A|G
p0775,2025,Humans and LLMs rate deliberation as superior to intuition on complex reasoning tasks,journal:Communications Psychology [direct-scan],A|C
p0777,2023,Top-down attention shifts behavioral and neural event boundaries in narratives with overlapping event scripts,bioRxiv:section-unknown,A|E
p0778,2024,Top-down attention shifts behavioral and neural event boundaries in narratives with overlapping event scripts,journal:Current Biology [direct-scan],A|B|E
p0779,2025,Multivariate neural markers of individual differences in thought control difficulties,bioRxiv:section-unknown,A|D
p0780,2019,The number sense is an emergent property of a deep convolutional neural network trained for object recognition,bioRxiv:section-unknown,A|G
p0781,2013,Bootstrap learning via modular concept discovery,unknown-venue,A|E|G
p0782,2020,Acetylcholine and the complex interdependence of memory and attention (1),journal:Current Opinion in Behavioral Sciences [direct-scan],A|B|G
p0783,2020,Acetylcholine and the complex interdependence of memory and attention,journal:Current Opinion in Behavioral Sciences [direct-scan],A|B|G
p0784,2013,"Hippocampal damage impairs recognition memory broadly, affecting both parameters in two prominent models of memory",journal:Proceedings of the National Academy of Sciences [direct-scan],A
p0785,2017,Organization of high-level visual cortex in human infants,journal:Nature Communications [direct-scan],A
p0786,2025,DeepSeek-R1 - Incentivizing Reasoning Capability in LLMs via Reinforcement Learning,arXiv:cs.CL,A|B|G
p0787,2012,Off-Policy Actor-Critic,arXiv:cs.LG,G
p0788,2015,The Neural Representation of Sequences - From Transition Probabilities to Algebraic Patterns and Linguistic Trees,journal:Neuron [direct-scan],A|B
p0789,2022,Curriculum learning for human compositional generalization,journal-unknown(10.1073/pnas.),A|B|E|G
p0791,2018,A comprehensive evaluation of increasing tempora ... lerated protocols and effects on statistical outcome measures in fMRI,journal:NeuroImage [listed],A
p0792,2024,Sparse Autoencoders reveal temporal difference learning in large language models,arXiv:category-unknown,A|C|E|G
p0793,2018,Hierarchical heterogeneity across human cortex shapes large-scale neural dynamics,bioRxiv:section-unknown,A|B|D
p0794,2019,Distinct modes of functional connectivity induced by movie-watching,journal:NeuroImage [listed],A|B|D
p0796,2009,ImageNet - A large-scale hierarchical image database,"journal:2009 IEEE Conference on Computer Vision and Pattern Recognition [title-match, score=1.0]",A|B
p0797,2015,Clusterless Decoding of Position from Multiunit Activity Using a Marked Point Process Filter,journal:Neural Computation [listed],A|B|D|E|G
p0798,2026,Toward the cognitive modeling of dynamic decision making,journal:Psychonomic Bulletin &amp; Review [direct-scan],A|B|E|G
p0799,2013,Predicting Parameters in Deep Learning,arXiv:cs.LG,A|B
p0800,2013,Rational variability in children's causal inferences - the Sampling Hypothesis,journal:Cognition [listed],A|B
p0801,2019,The Representation of Semantic Information Across Hu ... tex During Listening Versus Reading Is Invariant to Stimulus Modality,journal:The Journal of Neuroscience [listed],A|G
p0802,2021,Hippocampal replay of experience at real-world speeds,bioRxiv:section-unknown,A|E|G
p0803,2024,Testing AI on language comprehension tasks reveals insensitivity to underlying meaning,journal:Scientific Reports [direct-scan],A|B|C|E|G
p0804,2015,The Necessity of Rostrolateral Prefrontal Cortex for Higher-Level Sequential Behavior,journal:Neuron [direct-scan],A|G
p0805,2013,Moderate levels of activation lead to forgetting in the think - no-think paradigm,journal:Neuropsychologia [listed],A|B|G
p0806,2013,Memory consolidation by replay of stimulus-specific neural activity,journal:The Journal of Neuroscience [listed],A
p0807,2018,An Optimistic Outlook Creates a Rosy Past - The Impact of Episodic Simulation on Subsequent Memory,journal:Psychological Science [direct-scan],A|B
p0808,2018,BERT - Pre-training of Deep Bidirectional Transformers for Language Understanding,arXiv:category-unknown,A|B|D
p0809,2019,BERT - Pre-training of Deep Bidirectional Transformers for Language Understanding,arXiv:category-unknown,A|B|D
p0810,2019,Disentangled behavioural representations,arXiv:category-unknown,A|G
p0811,2019,Models that learn how humans learn - The case of decision-making and its disorders,journal:PLOS Computational Biology [listed],A|B|G
p0812,2018,Reducing Network Agnostophobia (1),unknown-venue,B|D|G
p0813,2018,Reducing Network Agnostophobia,unknown-venue,B|G
p0814,2017,Linguistic Knowledge as Memory for Recurrent Neural Networks,arXiv:category-unknown,A|B|E|G
p0816,2007,Untangling invariant object recognition,journal:Trends in Cognitive Sciences [direct-scan],A|G
p0817,2012,How does the brain solve visual object recognition,journal:Neuron [direct-scan],A|E|G
p0818,2011,The role of responsive feeding in overweight during infancy and toddlerhood - a systematic review,journal-unknown(10.1038/ijo.20),A|B|E|G
p0819,2017,"Representational models - A common f ... encoding, pattern-component, and representational-similarity analysis",journal:PLOS Computational Biology [listed],A|B
p0821,2017,Pattern Component Modeling - A Flexible Approa ... derstanding The Representational Structure Of Brain Activity Patterns,bioRxiv:section-unknown,A|B|D|E
p0822,2010,The memory function of sleep,journal:Nature Reviews Neuroscience [direct-scan],A|D|E|G
p0823,2024,Substantial doubt remains about the efficacy of anti-amyloid antibodies,journal:Journal of Alzheimer's Disease [listed],A|E
p0824,2019,Shared Neural Mechanisms of Visual Perception and Imagery,journal:Trends in Cognitive Sciences [direct-scan],A|D|E
p0825,2017,Brain-to-Brain Synchrony Tracks Real-World Dynamic Group Interactions in the Classroom,journal:Current Biology [direct-scan],A
p0826,2019,Crowdsourcing neuroscience - inter-brain coupling during face-to-face interactions outside the laboratory,bioRxiv:section-unknown,A|G
p0828,2016,Cortical tracking of hierarchical linguistic structures in connected speech,journal:Nature Neuroscience [direct-scan],A|B|D
p0830,2025,Reading specific memories from human neurons before and after sleep,bioRxiv:section-unknown,A|B|D|E
p0831,2017,Sharp Minima Can Generalize For Deep Nets,arXiv:category-unknown,A|B|E
p0832,2026,Memory retrieval in transformers - Insights from the Encoding Specificity Principle,arXiv:category-unknown,A|C|D
p0833,2021,Neural circuits and symbolic processing,journal:Neurobiology of Learning and Memory [listed],A|B|G
p0834,2002,Executive control during episodic retrieval - multiple prefrontal processes subserve source memory,unknown-venue,A|B
p0835,2020,NeuroQuery - comprehensive meta-analysis of human brain mapping,"journal:eLife [title-match, score=1.0]",A|E
p0836,2010,Evidence for grid cells in a human memory network,journal:Nature [direct-scan],A|G
p0837,2013,Goals and habits in the brain,journal:Neuron [direct-scan],A|G
p0838,2015,Model-based choices involve prospective neural activity,journal:Nature Neuroscience [direct-scan],A|G
p0839,2021,Narrative Event Segmentation in the Cortical Reservoir,bioRxiv:section-unknown,A|B|C|E
p0840,2025,Towards large language models with human-like episodic memory (1),journal:Trends in Cognitive Sciences [direct-scan],A|B|C
p0841,2025,Towards large language models with human-like episodic memory,journal:Trends in Cognitive Sciences [direct-scan],A|B|C
p0842,2014,The preclinical Alzheimer cognitive composite - measuring amyloid-related decline - Measuring amyloid-related decline,journal-unknown(10.1001/jamane),A|E
p0843,2026,Structured and flexible representations in medial-frontal cortex support goal-directed navigation,bioRxiv:section-unknown,A|B|G
p0844,2016,Extracting grid cell characteristics from place cell inputs using non-negative principal component analysis,journal-unknown(10.7554/eLife.),A|B|G
p0845,2025,Hippocampal sequences represent working memory and implicit timing,journal:Cell Reports [listed],A|G
p0846,2016,Learning to Act by Predicting the Future,arXiv:category-unknown,A|B|E|G
p0847,2020,An image is worth 16x16 words - Transformers for image recognition at scale,arXiv:category-unknown,A|G
p0848,2016,Statistical learning shapes face evaluation,journal:Nature Human Behaviour [direct-scan],A|D|G
p0849,2022,Social learning of a spatial task by observation alone,journal:Frontiers in Behavioral Neuroscience [listed],A|B|G
p0850,2003,Visual field representations and locations of visual areas V1 - 2 - 3 in human visual cortex,journal:Journal of Vision [listed],A|E
p0851,2025,"The avalanche of memory - Recent feelings of fam ... ctivity, unlock the brain’s subsequent ability to reactivate memories (1)",bioRxiv:section-unknown,A|B|D|G
p0852,2025,"The avalanche of memory - Recent feelings of fam ... ctivity, unlock the brain’s subsequent ability to reactivate memories",bioRxiv:section-unknown,A|B|D|G
p0853,2018,Human-like generalization in a machine through predicate learning,arXiv:category-unknown,A|B|E|G
p0856,2016,Neurogenesis Deep Learning,arXiv:category-unknown,A|B
p0857,2011,Preplay of future place cell sequences by hippocampal cellular assemblies,journal:Nature [direct-scan],A
p0858,2018,Nested sequences of hippocampal assemblies during behavior support subsequent sleep replay,journal-unknown(10.6080/K0Z899),A|B|E|G
p0859,2025,Language is widely distributed throughout the brain,journal:Nature Reviews Neuroscience [direct-scan],A|D
p0860,2022,Flexible multitask computation in recurrent networks utilizes shared dynamical motifs (1),bioRxiv:section-unknown,A|B|E|G
p0861,2022,Flexible multitask computation in recurrent networks utilizes shared dynamical motifs,bioRxiv:section-unknown,A|B|E|G
p0862,2022,Representational drift - Emerging theories for continual learning and experimental future directions,journal:Current Opinion in Neurobiology [direct-scan],A|E|G
p0863,2024,Flexible multitask computation in recurrent networks utilizes shared dynamical motifs,journal:Nature Neuroscience [direct-scan],A|B|E|G
p0864,2023,Demystifying the Academic Research Enterprise - Becoming a successful scholar in a complex and competitive environment,arXiv:category-unknown,B|G
p0865,2018,Algorithmic Regularization in Learning Deep Homogeneous Models - Layers are Automatically Balanced,arXiv:category-unknown,A|E
p0866,2018,Gradient Descent Finds Global Minima of Deep Neural Networks,arXiv:cs.LG,A|B
p0867,2013,The influence of context boundaries on memory for the sequential order of events,journal:Journal of Experimental Psychology: General [direct-scan],A|B|E
p0868,2014,Temporal memory is shaped by encoding stability and intervening item reactivation,journal:The Journal of Neuroscience [listed],A|E|G
p0869,2016,Temporal binding within and across events,journal:Neurobiology of Learning and Memory [listed],A|B|D|E
p0870,2017,Commentary - Distinct neural mechanisms for remembering when an event occurred,journal:Frontiers in Psychology [listed],A|E
p0872,2023,Visual working memories are abstractions of percepts,bioRxiv:section-unknown,A|D|G
p0873,2016,Benchmarking Deep Reinforcement Learning for Continuous Control,arXiv:category-unknown,A|B|G
p0874,2016,RL$^2$ - Fast Reinforcement Learning via Slow Reinforcement Learning,arXiv:category-unknown,A|G
p0875,2017,One-Shot Imitation Learning,arXiv:category-unknown,A|B
p0876,2025,Electrophysiological signatures underlying variability in human memory consolidation,journal:Nature Communications [direct-scan],A|E
p0877,2018,"High Dimensional Spaces, Deep Learning and Adversarial Examples",journal:Physical Review Letters [listed],A|B|E
p0878,2015,Single-unit recordings in the macaque face patch system reveal limitations of fMRI MVPA,journal:The Journal of Neuroscience [listed],A|E|G
p0879,2016,Timely diagnosis for Alzheimer's disease - A literature review on benefits and challenges,journal:Journal of Alzheimer’s Disease [listed],A|B
p0880,2022,The role of population structure in computations through neural dynamics,journal:Nature Neuroscience [direct-scan],A
p0881,2011,Adaptive Subgradient Methods for Online Learning and Stochastic Optimization,unknown-venue,D|E|G
p0882,2009,Predicting not to predict too much - how the cellular machinery of memory anticipates the uncertain future,journal:Philosophical Transactions of the Royal Society B: Biological Sciences [listed],A
p0883,2004,Rites of Passage of the Engram - Reconsolidation and the Lingering Consolidation Hypothesis,unknown-venue,A|B
p0884,2016,Rediscovering area CA2 - unique properties and functions,journal:Nature Reviews Neuroscience [direct-scan],A|D|E
p0885,2012,The hippocampus and the flexible use and processing of language,journal:Frontiers in Human Neuroscience [listed],A|E
p0887,2006,Development of shared information in communication despite hippocampal amnesia,journal:Nature Neuroscience [direct-scan],A|B
p0889,2019,"Semantic memory and the hippocampus - Revisiting, reaffirming, and extending the reach of their critical relationship",journal:Frontiers in Human Neuroscience [listed],A|B|D|G
p0890,2024,Bayesian evaluation of diverging theories of episodic and affective memory distortions in dysphoria,journal:Nature Communications [direct-scan],A|D
p0891,2018,An adaptive coding model of neural function in prefrontal cortex,"journal:Nature Reviews Neuroscience [title-match, score=1.0]",A|D|G
p0892,2000,Common regions of the human frontal lobe recruited by diverse cognitive demands,"journal:Trends in Neurosciences [title-match, score=1.0]",A
p0893,2018,"Hippocampal representations as a function of time, subregion, and brain state",journal:Neurobiology of Learning and Memory [listed],A|B|E
p0894,2016,Memory states influence value-based decisions,journal-unknown(10.1037/xge000),A|B|G
p0895,2009,Distinct memory signatures in the hippocampus - intentional States distinguish match and mismatch enhancement signals (1),journal:The Journal of Neuroscience [listed],A|B|D
p0896,2009,Distinct memory signatures in the hippocampus - intentional States distinguish match and mismatch enhancement signals,journal-unknown(10.1523/JNEURO),A|B|D
p0897,2012,Evidence for area CA1 as a match - mismatch detector - a high-resolution fMRI study of the human hippocampus (1),journal:Hippocampus [direct-scan],A|D
p0898,2012,Evidence for area CA1 as a match - mismatch detector - a high-resolution fMRI study of the human hippocampus,journal:Hippocampus [direct-scan],A|D
p0899,2012,Memory's penumbra - episodic memory decisions induce lingering mnemonic biases,journal-unknown(10.1126/scienc),A|B|G
p0900,2014,Associative encoding and retrieval are predicted by functional connectivity in distinct hippocampal area CA1 pathways,journal:The Journal of Neuroscience [listed],A|D
p0901,2018,More Than the Sum of Its Parts - A Role for the Hippocampus in Configural Reinforcement Learning,journal:Neuron [direct-scan],A|D|G
p0902,2019,Modulating the Use of Multiple Memory Systems in Value-based Decisions with Contextual Novelty (1),journal:Journal of Cognitive Neuroscience [listed],A|G
p0903,2019,Modulating the Use of Multiple Memory Systems in Value-based Decisions with Contextual Novelty,journal:Journal of Cognitive Neuroscience [listed],A|G
p0904,2020,Organizing recurrent network dynamics by task-computation to enable continual learning,arXiv:category-unknown,A|B|E|G
p0905,2018,Event segmentation protects emotional memories from competing experiences encoded close in time,journal:Nature Human Behaviour [direct-scan],A|B|E
p0906,2025,"Neural population activity for memory - Properties, computations, and codes",journal:Neuron [direct-scan],A|D|E
p0907,2023,Reconstructing computational system dynamics from neural data with recurrent neural networks,journal:Nature Reviews Neuroscience [direct-scan],A|B|E|G
p0908,2018,"The Quality of Response Time Data Inference - A Blinded, Collaborative Assessment of the Validity of Cognitive Models",journal:Psychonomic Bulletin &amp; Review [direct-scan],A|B|E|G
p0909,2020,The extent and drivers of gender imbalance in neuroscience reference lists,arXiv:category-unknown,E
p0910,2021,Hippocampus-retrosplenial cortex interaction is increased during phasic REM and contributes to memory consolidation,journal:Scientific Reports [direct-scan],A|B|D
p0911,2026,Acetylcholine - a candidate substrate for hippocampal predictive learning,journal:Nature Reviews Neuroscience [direct-scan],A|B|G
p0912,2017,The Hierarchical Cortical Organization of Human Speech Processing,journal:The Journal of Neuroscience [listed],A|B|D
p0913,2025,"Strong memory, weak control - An empirical study of executive functioning in LLMs",arXiv:category-unknown,A|C|D|E|G
p0914,2015,Explicit memory creation during sleep demonstrates a causal role of place cells in navigation,journal:Nature Neuroscience [direct-scan],A|G
p0915,2019,Episodic Memory in Lifelong Language Learning,arXiv:category-unknown,A|B|E|G
p0916,2026,The prefrontal cortex controls memory organization in the hippocampus,journal:Nature Neuroscience [direct-scan],A
p0917,2025,The cost of thinking is similar between large reasoning models and humans,journal:Proceedings of the National Academy of Sciences [direct-scan],A|B|C|D|G
p0918,2023,Predictive neural representations of naturalistic dynamic input,journal:Nature Communications [direct-scan],A|B|D|G
p0919,2019,Real-time triggering reveals concurrent lapses of attention and working memory,journal:Nature Human Behaviour [direct-scan],A|G
p0920,2000,Neural representation and the cortical code,"journal:Annual Review of Neuroscience [title-match, score=1.0]",A|B|E|G
p0921,2012,"How prediction errors shape perception, attention, and motivation",journal:Frontiers in Psychology [listed],A|B|E|G
p0922,2018,On the Learning Dynamics of Deep Neural Networks,arXiv:category-unknown,A|B|D
p0923,2017,The neural representation of personall ... ar and unfamiliar faces in the distributed system for face perception,bioRxiv:section-unknown,E
p0924,2012,A specific role for septohippocampal acetylcholine in memory,journal:Neuropsychologia [listed],A
p0926,2018,The Redemption of Noise - Inference with Neural Populations,journal:Trends in Neurosciences [listed],A
p0927,2021,What do RL Models Measure - Interpreting Model Parameters in Cognition and Neuroscience,arXiv:category-unknown,A|B|G
p0928,2023,Predictive and Interpretable - Combining Artifici ... sic Cognitive Models to Understand Human Learning and Decision Making,bioRxiv:section-unknown,A|B|G
p0929,2024,Hybrid neural-cognitive models reveal how memory shapes human reward learning,PsyArXiv,A|B|E|G
p0930,2026,Hybrid neural-cognitive models reveal how memory shapes human reward learning,journal:Nature Human Behaviour [direct-scan],A|G
p0931,2019,7 Tesla MRI of the ex vivo human brain at 100 micron resolution,bioRxiv:section-unknown,E
p0932,2024,Causal effect of video gaming on mental well-being in Japan 2020-2022,journal:Nature Human Behaviour [direct-scan],A|E|G
p0933,2023,Principles of cognitive control over task focus and task switching,journal:Nature Reviews Psychology [listed],A|E
p0934,2021,Geometry of neural computation unifies working memory and planning,bioRxiv:section-unknown,A|B|G
p0935,2000,A cortical-hippocampal system for declarative memory,"journal:Nature Reviews Neuroscience [title-match, score=1.0]",A|E
p0936,2004,Hippocampus - cognitive processes and neural representations that underlie declarative memory,unknown-venue,A|D|E
p0937,2014,Time cells in the hippocampus - a new dimension for mapping memories,journal:Nature Reviews Neuroscience [direct-scan],A|E|G
p0938,2017,Memory - Organization and Control,journal:Annual Review of Psychology [direct-scan],A|D
p0939,2018,Barlow versus Hebb - When is it time to abandon the no ... eature detectors and adopt the cell assembly as the unit of cognition,journal:Neuroscience Letters [listed],A|B|D
p0940,2007,The medial temporal lobe and recognition memory,journal:Annual Review of Neuroscience [listed],A|D
p0941,2017,Seeing it all - Convolutional network layers map the function of the human visual system,journal:NeuroImage [listed],A|B|G
p0942,2018,Dynamic Prediction During Perception of Everyday Events,bioRxiv:section-unknown,A|B|E|G
p0943,2016,Cluster failure - Why fMRI inferences for spatial extent have inflated false-positive rates,journal:Proceedings of the National Academy of Sciences [direct-scan],G
p0944,2024,A cellular basis for mapping behavioural structure,journal:Nature [direct-scan],A|B|E
p0945,2019,Changing temporal context in human temporal lobe promotes memory of distinct episodes,journal:Nature Communications [direct-scan],A|D|G
p0946,2018,Striatal action-value neurons reconsidered,journal-unknown(10.7554/eLife.),A|B|G
p0947,2025,The individual determinants of morning dream recall,journal:Communications Psychology [direct-scan],A|E|G
p0948,2014,Focus versus breadth - The effects of neural gain on information processing,unknown-venue,A|B|D|E|G
p0949,2013,The effects of neural gain on attention and learning,journal:Nature Neuroscience [direct-scan],A|D|G
p0950,2021,A pupillary index of susceptibility to decision biases,journal:Nature Human Behaviour [direct-scan],A|B|E|G
p0951,2000,Remembering episodes - a selective role for the hippocampus during retrieval,"journal:Nature Neuroscience [title-match, score=1.0]",A|D
p0952,2008,"Testing a neurocomputational model of recollection, familiarity, and source recognition","journal:Journal of Experimental Psychology: Learning, Memory, and Cognition [listed]",A|B|G
p0953,2025,Fragmented replay of very large environments in the hippocampus of bats,journal:Cell [direct-scan],A|B|G
p0954,2015,Neural modularity helps organisms evolve to learn new skills without forgetting old skills,journal:PLOS Computational Biology [listed],A|B|C|G
p0955,2019,Episodic memory retrieval is supported by rapid replay of episode content,bioRxiv:section-unknown,A|D|G
p0956,2018,Limitations of Topological Data Analysis for event-related fMRI,bioRxiv:section-unknown,A|D
p0957,2019,Facilitating open-science with realistic fMRI simulation - validation and application,bioRxiv:section-unknown,A|B
p0958,2019,Feasibility of topological data analysis for event-related fMRI,journal:Network Neuroscience [listed],A|B|D
p0959,2021,Evidence of hippocampal learning in human infants,journal:Current Biology [direct-scan],A|B
p0960,2019,A model of event knowledge,journal:Psychological Review [listed],A
p0961,2017,A model of event knowledge,unknown-venue,A|D|E
p0962,2023,GPTs are GPTs - An Early Look at the Labor Market Impact Potential of Large Language Models,arXiv:category-unknown,A|C|E|G
p0964,2018,Adversarial Examples that Fool both Computer Vision and Time-Limited Humans,journal:Lecture Notes in Computer Science [conference],A|D
p0965,2025,Context-dependent decision-making in the primate hippocampal-prefrontal circuit,journal:Nature Neuroscience [direct-scan],A|B|G
p0966,2018,Semantic memory in developmental amnesia,journal:Neuroscience Letters [listed],A|D|E
p0968,2014,Large capacity temporary visual memory,journal-unknown(10.1037/a00339),A|D
p0969,2017,Interference and memory capacity limitations,journal:Psychological Review [listed],A|G
p0970,2019,"Specialized coding of sensory, motor and cognitive variables in VTA dopamine neurons",journal:Nature [direct-scan],A|G
p0971,2017,A Rotation and a Translation Suffice - Fooling CNNs with Simple Transformations,arXiv:category-unknown,A|G
p0972,2026,Action information is integrated into entorhinal representations of conceptual space and is reflected in eye movements,journal:PLOS Biology [listed],A|B
p0973,2025,BOLD signal changes can oppose oxygen metabolism across the human cortex,journal:Nature Neuroscience [direct-scan],A|E
p0974,2025,Representational drift reflects ongoing balancing of stochastic changes by Hebbian learning,bioRxiv:section-unknown,A|D|G
p0975,2019,Scene Perception in the Human Brain,journal-unknown(10.1146/annure),A|B|D|E|G
p0976,2020,Reward Prediction Error and Declarative Memory,journal-unknown(10.1016/j.tics),A|D|E|G
p0977,2010,Why Does Unsupervised Pre-training Help Deep Learning,unknown-venue,B|D
p0978,2001,Traveling electrical waves in cortex - insights from phase dynamics and speculation on a computational role,unknown-venue,A|B
p0979,2002,Humans integrate visual and haptic information in a statistically optimal fashion,"journal:Nature [title-match, score=1.0]",A
p0980,2011,Hidden Markov models for the stimulus-response relationships of multistate neural systems,"journal:Neural Computation [title-match, score=1.0]",A|B
p0981,2018,Neural scene representation and rendering,journal:Science [direct-scan],A|B
p0982,2018,IMPALA - Scalable Distributed Deep-RL with Importance Weighted Actor-Learner Architectures (1),arXiv:category-unknown,A|B|G
p0983,2018,IMPALA - Scalable Distributed Deep-RL with Importance Weighted Actor-Learner Architectures,arXiv:category-unknown,A|B|G
p0984,2018,FMRIPrep - a robust preprocessing pipeline for functional MRI,bioRxiv:section-unknown,A|D
p0985,2019,Crowdsourced MRI quality metrics and expert quality annotations for training of humans and machines,journal:Scientific Data [direct-scan],A|B|G
p0986,2020,Analysis of task-based functional MRI data preprocessed with fMRIPrep,journal:Nature Protocols [listed],A|B|D
p0987,2018,Towards Understanding Linear Word Analogies,arXiv:category-unknown,B|C
p0988,2013,"Searchlight analysis - promise, pitfalls, and potential",journal:NeuroImage [listed],A|D|E|G
p0989,2017,Learning Explanatory Rules from Noisy Data,arXiv:category-unknown,A|B|D
p0990,2012,Brain templates and atlases,journal:NeuroImage [listed],A|G
p0991,2014,Machines Learning - Towards a New Synthetic Autobiographical Memory,arXiv:stat.ML,A|B
p0992,2018,Can Neural Networks Understand Logical Entailment,arXiv:category-unknown,A|D|G
p0993,2011,What constitutes an episode in episodic memory,journal:Psychological Science [direct-scan],A|B|E
p0994,2014,Similarity breeds proximity - pattern similari ... contexts is related to later mnemonic judgments of temporal proximity,journal:Neuron [direct-scan],A|E
p0995,2017,Direct Brain Stimulation Modulates Encoding States and Memory Performance in Humans,journal:Current Biology [direct-scan],A|B|D|E|G
p0996,2018,Closed-loop stimulation of temporal cortex rescues functional networks and improves memory,journal:Nature Communications [direct-scan],A|B|D|G
p0997,2017,Plastic reorganization of neural systems for perception of others in the congenitally blind,journal:NeuroImage [listed],A
p0998,2022,Functional correlates of cognitive performa ... poral lobe epilepsy - Insights from task-based and resting-state fMRI,journal:PLOS ONE [listed],A|D|G
p0999,2018,"Ongoing, rational calibration of reward-driven perceptual biases",journal-unknown(10.7554/eLife.),A|B|D|G
p1000,2024,2-D Neural Geometry Underpins Hierarchical Organization of Sequence in Human Working Memory,bioRxiv:section-unknown,A|B|C|E|G
p1001,2025,From memories to maps - Mechanisms of in-context reinforcement learning in transformers,arXiv:cs.AI,A|C|G
p1002,2025,Humans learn generalizable representations through efficient coding,journal:Nature Communications [direct-scan],A|B|D|G
p1003,2023,Time separating spatial memories does not influence their integration in humans,journal:PLOS ONE [listed],A|B|G
p1004,2026,The resource-rational dynamics of evidence accumulation,bioRxiv:section-unknown,A|G
p1005,2005,The neuroscience of mammalian associative learning,journal:Annual Review of Psychology [direct-scan],A
p1006,2018,Dataset of human medial temporal lobe single neuron activity during declarative memory encoding and recognition,journal:Scientific Data [direct-scan],A|D
p1007,2019,Growing Action Spaces,arXiv:category-unknown,A|B|G
p1008,2006,"1 - f noise in human cognition - is it ubiquitous, and what does it mean","journal:Psychonomic Bulletin &amp; Review [title-match, score=1.0]",A|G
p1009,2023,Neural representational geometries correlate with behavioral differences in monkeys and recurrent neural networks,bioRxiv:section-unknown,A|B|G
p1010,2024,Neural representational geometries reflect behavioral differences in monkeys and recurrent neural networks,journal:Nature Communications [direct-scan],A|B|D|G
p1011,2016,Experience-dependent hippocampal pattern differentiation prevents interference during subsequent learning,journal:Nature Communications [direct-scan],A|D|E
p1012,2020,Improved object recognition using neural networks trained to mimic the brain’s statistical properties,journal:Neural Networks [listed],A|B|G
p1013,2016,Neural correlate of the construction of sentence meaning,journal:Proceedings of the National Academy of Sciences [direct-scan],A|E
p1014,2024,Language is primarily a tool for communication rather than thought,journal:Nature [direct-scan],A|E
p1015,2020,On Catastrophic Interference in Atari 2600 Games,arXiv:category-unknown,A|G
p1016,2018,What have we learned from deep representations for action recognition,arXiv:category-unknown,A|B|D|G
p1017,2017,Modular Continual Learning in a Unified Visual Environment,arXiv:category-unknown,A|B|G
p1018,2018,Reliable individual differences in fine-grained cortical functional architecture,bioRxiv:section-unknown,A|D
p1019,2017,Understanding GANs - the LQG Setting,arXiv:category-unknown,B|E|G
p1020,2000,Minimization of Boolean complexity in human concept learning,"journal:Nature [title-match, score=1.0]",A|D|E
p1021,2002,On the mathematical foundations of learning,unknown-venue,A|B|E|G
p1022,2025,Studying memory narratives with natural language processing,journal:Trends in Cognitive Sciences [direct-scan],A|E
p1023,2024,Were RNNs all we needed,arXiv:category-unknown,A|B|C|G
p1024,2025,Retrieving non-cued episodic memories by taking a cascading walk down memory lane(s),journal:Proceedings of the National Academy of Sciences [direct-scan],A|D|E
p1025,2024,Remapping revisited - how the hippocampus represents different spaces,journal:Nature Reviews Neuroscience [direct-scan],A|E|G
p1026,2003,Prospective and retrospective memory coding in the hippocampus,"journal:Neuron [title-match, score=1.0]",A|G
p1027,2016,Communicative signals support abstract rule learning by 7-month-old infants,journal:Scientific Reports [direct-scan],A|B|E
p1028,2018,Testing the fast consolidation hypothesis of retrieval-mediated learning,bioRxiv:section-unknown,A|E
p1029,2019,Retrieval aids the creation of a generalised memory trace and strengthens episode-unique information,journal:NeuroImage [listed],A|D|E|G
p1030,2017,"Symbolic, Distributed and Distributional Rep ... or Natural Language Processing in the Era of Deep Learning - a Survey",arXiv:category-unknown,B|E
p1031,2025,Using natural language processing to analyse text data in behavioural science,journal:Nature Reviews Psychology [listed],A|C|E
p1032,2019,Computational noise in reward-guided learning drives behavioral variability in volatile environments,journal:Nature Neuroscience [direct-scan],A|G
p1033,2015,Functional connectome fingerprinting - identifying individuals using patterns of brain connectivity,journal:Nature Neuroscience [direct-scan],A|D
p1034,2017,Can brain state be manipulated to emphasize individual differences in functional connectivity,journal:NeuroImage [listed],A|B|D|E
p1035,2018,Layer-dependent activity in human prefrontal cortex during working memory,bioRxiv:section-unknown,A|D
p1036,2019,Idiosynchrony - From shared responses to individual differences during naturalistic neuroimaging,unknown-venue,A|E|G
p1037,2024,NNsight and NDIF - Democratizing access to open-weight foundation model internals,arXiv:category-unknown,A|B|C|G
p1038,2016,Cognition does not affect perception - Evaluating the evidence for 'top-down' effects,journal:Behavioral and Brain Sciences [listed],A|B|E
p1039,2024,Problem choice and decision trees in science and engineering,journal:Cell [direct-scan],B|E|G
p1042,2018,Lack of group-to-individual generalizability is a threat to human subjects research,journal:Proceedings of the National Academy of Sciences [direct-scan],A|B
p1043,2023,Text embedding models yield high-resolution insights into conceptual knowledge from short multiple-choice quizzes,journal-unknown(10.1038/s41467),A|C|G
p1044,2025,Reevaluating the role of education in cognitive decl ... - Insights from large-scale longitudinal cohorts across 33 countries,bioRxiv:section-unknown,A|E|G
p1045,2026,Punctuated memory change - The temporal dynamics and brain basis of memory stability in aging,bioRxiv:section-unknown,E
p1046,2018,Comparing continual task learning in minds and machines,journal:Proceedings of the National Academy of Sciences [direct-scan],A|B|G
p1047,2021,Rich and lazy learning of task representations in brains and neural networks (1),bioRxiv:section-unknown,A|B|C|D|G
p1048,2021,Rich and lazy learning of task representations in brains and neural networks,bioRxiv:section-unknown,A|B|C|D|G
p1049,2022,Orthogonal representations for robust context-dependent task performance in brains and neural networks,journal:Neuron [direct-scan],A|B|D|G
p1050,2023,Continual task learning in natural and artificial agents,journal:Trends in Neurosciences [listed],A|E|G
p1051,2023,Modelling continual learning in humans with Hebbian context gating and exponentially decaying task signals,journal:PLOS Computational Biology [listed],A|B|G
p1052,2016,A Cool Approach to Probing Speech Cortex,journal:Neuron [direct-scan],A|D
p1053,2017,Event segmentation improves event memory up to one month later,journal-unknown(10.1037/xlm000),A|D|E|G
p1054,2018,Comparing Fixed and Adaptive Computation Time for Recurrent Neural Networks,arXiv:category-unknown,A|B|G
p1055,2016,Explicit representation of confidence informs future value-based decisions,journal:Nature Human Behaviour [direct-scan],A|G
p1056,2018,Human episodic memory retrieval is accompanied by a neural contiguity effect,journal:The Journal of Neuroscience [listed],A|D
p1057,2018,Using human brain activity to guide machine learning,journal:Scientific Reports [direct-scan],A|B|D|E|G
p1058,2017,Representation and Computation in Cognitive Models,journal:Topics in Cognitive Science [listed],A|B|E
p1059,2024,Internal attention modulates the functional state of novel stimulus-response associations in working memory,journal:Cognition [listed],A|B|G
p1061,2019,Stiffness - A New Perspective on Generalization in Neural Networks,arXiv:category-unknown,B|D
p1062,2024,APOE4 homozygozity represents a distinct genetic form of Alzheimer's disease,journal:Nature Medicine [listed],A
p1063,2002,Critical role of the hippocampus in memory for sequences of events,journal:Nature Neuroscience [direct-scan],A|D|G
p1064,2004,Recollection-like memory retrieval in rats is dependent on the hippocampus,journal-unknown(10.1038/nature),A|D
p1065,2017,Bayesian Recurrent Neural Networks,arXiv:category-unknown,A|B|C|G
p1066,2017,Noisy Networks for Exploration,arXiv:category-unknown,A|E|G
p1067,2019,Generalization of Reinforcement Learners with Working and Episodic Memory,arXiv:category-unknown,A|B|G
p1069,2006,Reverse replay of behavioural sequences in hippocampal place cells during the awake state,journal:Nature [direct-scan],A|G
p1070,2020,A predictive processing model of episodic memory and time perception,bioRxiv:section-unknown,A|B|G
p1071,2024,Human-like Episodic Memory for Infinite Context LLMs,arXiv:category-unknown,A|B|C|E|G
p1072,2007,Spontaneous fluctuations in brain activity observed with functional magnetic resonance imaging,journal:Nature Reviews Neuroscience [direct-scan],A
p1073,2006,Coherent spontaneous activity accounts for trial-to-trial variability in human evoked brain responses,journal:Nature Neuroscience [direct-scan],A|E|G
p1075,2018,A Theory of Sequence Indexing and Working Memory in Recurrent Neural Networks,journal:Neural Computation [listed],A|B|G
p1076,2011,Support Vector Machines as Probabilistic Models,unknown-venue,B|E
p1077,2025,A vectorial code for semantics in human hippocampus,bioRxiv:section-unknown,A|B|C
p1078,2023,Bridging the data gap between children and large language models,arXiv:category-unknown,A|B|C|G
p1079,2025,Cognitive modeling using artificial intelligence,unknown-venue,A|B|G
p1080,2012,Mechanisms of hierarchical reinforcement learning in corticostriatal circuits 1 - computational analysis,journal:Cerebral Cortex [direct-scan],A|B|D|E|G
p1081,2012,BREVIA Predicting Pragmatic Reasoning in Language Games,journal:Science [direct-scan],A|D
p1082,2021,Expectation-driven novelty effects in episodic memory,journal:Neurobiology of Learning and Memory [listed],A|E|G
p1083,2019,Pattern separation is the key driver of expectation-modulated memory,bioRxiv:section-unknown,A|E|G
p1084,2018,Beneficial and detrimental effects of schema incongruence on memory for contextual events,bioRxiv:section-unknown,A|G
p1085,2019,SOLID-Similar object and lure image database,journal:Behavior Research Methods [listed],A|G
p1086,2020,Pattern Separation Underpins Expectation-Modulated Memory,journal:The Journal of Neuroscience [listed],A|D|E|G
p1087,2021,Experiencing surprise - the temporal dynamics of its impact on memory,bioRxiv:section-unknown,A|B|E|G
p1088,2026,Human hippocampal ripples tune cortical responses based on predicted uncertainty,journal:Nature Neuroscience [direct-scan],A|B|D|G
p1089,2005,The organization of recent and remote memories,journal:Nature Reviews Neuroscience [direct-scan],A|B|D
p1090,2020,Concepts and Compositionality - In Search of the Brain's Language of Thought,arXiv:category-unknown,A
p1091,2019,The neurobiological foundation of memory retrieval,journal:Nature Neuroscience [direct-scan],A|D|G
p1092,2024,Engrams,journal-unknown(10.1016/j.),A|B|D|E
p1093,2018,"The Lottery Ticket Hypothesis - Finding Sparse, Trainable Neural Networks (1)",arXiv:category-unknown,A|B|G
p1094,2018,"The Lottery Ticket Hypothesis - Finding Sparse, Trainable Neural Networks",arXiv:category-unknown,A|B|G
p1095,2019,Stabilizing the Lottery Ticket Hypothesis,arXiv:category-unknown,A|B|G
p1096,2018,Compositional clustering in task structure learning,journal:PLOS Computational Biology [listed],A|B|G
p1097,2020,Structured Event Memory - A neuro-symbolic model of event cognition,bioRxiv:section-unknown,A|B|E
p1098,2017,Meta Learning Shared Hierarchies,arXiv:category-unknown,A|B|E|G
p1099,2016,Linguistic features identify Alzheimer's disease in narrative speech,journal:Journal of Alzheimer's Disease [listed],A|D
p1100,2006,Experience-dependent representation of visual categories in parietal cortex,journal:Nature [direct-scan],A|B|D|E|G
p1101,2013,A functional and perceptual signature of the second visual area in primates,journal:Nature Neuroscience [direct-scan],A|D|E
p1102,2011,TRACX - a recognition-based connectionist framework for sequence segmentation and chunk extraction,journal:Psychological Review [listed],A|B|G
p1103,2020,MR-based camera-less eye tracking using deep neural networks,bioRxiv:section-unknown,A|B
p1104,2021,Magnetic resonance-based eye tracking using deep neural networks,journal:Nature Neuroscience [direct-scan],A
p1105,2017,Big data and the industrialization of neuroscience - A safe roadmap for understanding the brain,journal:Science [direct-scan],A|B|E
p1106,2020,Learning to Segment Actions from Observation and Narration,arXiv:category-unknown,A|B
p1107,2008,Individual differences in executive functions are almost entirely genetic in origin,journal-unknown(10.1037/0096-3),A|G
p1108,2005,A mechanism for cognitive dynamics - neuronal communication through neuronal coherence,journal:Trends in Cognitive Sciences [direct-scan],A
p1110,2020,Binding and Retrieval in Action Control (BRAC),journal:Trends in Cognitive Sciences [direct-scan],A|B|G
p1111,2018,Does predictive coding have a future,journal:Nature Neuroscience [direct-scan],A|B|D|G
p1113,2003,Dynamic causal modelling,journal-unknown(10.1016/S1053-),A|B|D
p1114,2019,Variational representational similarity analysis,journal:NeuroImage [listed],A|G
p1115,2019,Fast Lane to Slow Science,journal:Trends in Cognitive Sciences [direct-scan],A|E
p1116,2018,Measuring human sensitivity to perturbations within the manifold of natural images,bioRxiv:section-unknown,A|E|G
p1117,2025,Devaluing memories of reward - a case for dopamine,journal:Communications Biology [direct-scan],A|B|D|G
p1118,2026,A large Chinese dataset of ten-category semantic relations with developmental performance in children and adolescents,journal:Scientific Data [direct-scan],A|B|E|G
p1119,2018,Addressing Function Approximation Error in Actor-Critic Methods,arXiv:category-unknown,A|B|E|G
p1122,2016,Why neurons mix - high dimensionality for higher cognition,journal:Current Opinion in Neurobiology [direct-scan],A|B|E
p1123,2000,Cortical dynamics of memory,unknown-venue,A|B|C|E
p1124,2018,Entropy and mutual information in models of deep neural networks,arXiv:cs.LG,B|E|G
p1125,2019,Weight Agnostic Neural Networks,arXiv:category-unknown,A|B|G
p1126,2006,Sleep after learning aids memory recall,bioRxiv:section-unknown,A
p1127,2016,Uncertainty in deep learning,arXiv:category-unknown,A|B|E
p1128,2015,A Theoretically Grounded Application of Dropout in Recurrent Neural Networks,arXiv:category-unknown,A|B|G
p1129,2015,Dropout as a Bayesian Approximation - Representing Model Uncertainty in Deep Learning,arXiv:category-unknown,A|B|G
p1130,2017,Neural Manifolds for the Control of Movement,journal:Neuron [direct-scan],A|E|G
p1132,2017,Deep Echo State Network (DeepESN) - A Brief Survey,arXiv:cs.LG,B
p1133,2013,The neuroscience of learning - beyond the Hebbian synapse,journal:Annual Review of Psychology [direct-scan],A|B|E|G
p1134,2017,Deep Learning for Time-Series Analysis,arXiv:cs.LG,A|B|D
p1135,2019,Mutual exclusivity as a challenge for neural networks,arXiv:category-unknown,A|B|G
p1136,2021,Compressing large-scale Transformer-based models - A case study on BERT,arXiv:category-unknown,A|B|G
p1137,2008,Memory traces in dynamical systems,"journal:Proceedings of the National Academy of Sciences [title-match, score=1.0]",A|B|D|E|G
p1138,2015,On simplicity and complexity in the brave new world of large-scale neuroscience,journal:Current Opinion in Neurobiology [direct-scan],A|B|D
p1139,2021,Are self-caused distractors easier to ignore - Experiments with the flanker task,"journal:Attention, Perception, &amp; Psychophysics [listed]",A|B|D|G
p1140,2016,Linear dynamical neural population models through nonlinear embeddings,arXiv:category-unknown,A|B|C|D|G
p1141,2017,"A theory of multineuronal dimensionality, dynamics and measurement",bioRxiv:section-unknown,A|B
p1142,2025,Increasing alignment of large language models with language processing in the human brain,journal:Nature Computational Science [listed],A|B|C|G
p1145,2018,Conditional Neural Processes,arXiv:category-unknown,A|B|G
p1146,2018,Neural Processes,arXiv:category-unknown,A|B|G
p1147,2023,Knowledge generalization and the costs of multitasking,journal:Nature Reviews Neuroscience [direct-scan],A|B|E|G
p1148,2025,The origin of color categories,journal-unknown(10.1073/pnas.),A|B|G
p1149,2017,A map of abstract relational knowledge in the human hippocampal-entorhinal cortex,journal-unknown(10.7554/eLife.),A|B|D|E|G
p1151,2024,The impact of episodic memory on decision-making in aging - Scenarios from everyday life situations,journal:Brain Sciences [listed],A|G
p1152,2024,Universal scale-free representations in human visual cortex,arXiv:category-unknown,A|B
p1153,2018,A Dedicated Population for Reward Coding in the Hippocampus,journal:Neuron [direct-scan],A|G
p1156,2015,Escaping From Saddle Points - Online Stochastic Gradient for Tensor Decomposition,arXiv:cs.LG,B
p1157,2025,A survey of large language models in mental health disorder detection on social media,journal:2025 IEEE 41st International Conference on Data Engineering Workshops (ICDEW) [conference],A|B|C
p1160,2021,A nested cortical hierarchy of neural states underlies event segmentation in the human brain,bioRxiv:section-unknown,A|B|E
p1161,2023,A probabilistic successor representation for context-dependent learning,journal:Psychological Review [listed],A|B|G
p1162,2018,Generalisation in humans and deep neural networks,arXiv:category-unknown,A|B|G
p1163,2020,Shortcut learning in deep neural networks,journal:Nature Machine Intelligence [direct-scan],B|E|G
p1164,2008,Internally generated reactivation of single neurons in human hippocampus during free recall,journal:Science [direct-scan],A
p1165,2018,Human single neuron activity precedes emergence of conscious perception,journal:Nature Communications [direct-scan],A|G
p1166,2018,A Dataset for Telling the Stories of Social Media Videos,arXiv:category-unknown,A|C
p1167,2026,Dynamic shifts between pattern separation and reinstatement in human CA3 and dentate gyrus,bioRxiv:section-unknown,A|E
p1168,2014,Beyond Power Calculations - Assessing Type S (Sign) and Type M (Magnitude) Errors,journal:Perspectives on Psychological Science [listed],A|E|G
p1169,2013,Bayesian Data Analysis,unknown-venue,B
p1170,2020,Incremental hypothesis revision in causal reasoning across development,unknown-venue,A|B
p1171,2017,Generative Temporal Models with Memory,arXiv:category-unknown,A|B
p1172,2019,Beyond generalization - Enhancing accurate interpretation of flexible models,bioRxiv:section-unknown,A|B|D|E
p1173,2018,How to Characterize the Function of a Brain Region,journal:Trends in Cognitive Sciences [direct-scan],A|D|E
p1174,2002,Thresholding of statistical maps in functional neuroimaging using the false discovery rate,journal:NeuroImage [listed],B|E
p1175,2021,Clone-structured graph representations enable flexible learning and vicarious evaluation of cognitive maps,journal:Nature Communications [direct-scan],A|B|E|G
p1176,2024,"RatInABox, a toolkit for modelling locomotion and neuronal activity in continuous environments",journal:eLife [direct-scan],A|B|G
p1177,2023,Using large language models to study human memory for meaningful narratives (1),bioRxiv:section-unknown,A|B|C|E|G
p1178,2023,Using large language models to study human memory for meaningful narratives,bioRxiv:section-unknown,A|B|C|E|G
p1181,2018,"different beliefs to one another and to observational data, but they can also function as a “protective belt” that explains away",journal:Psychonomic Bulletin &amp; Review [direct-scan],A|B|E
p1182,2018,Uncertainty and exploration,bioRxiv:section-unknown,A|B|E|G
p1183,2019,What does the free energy principle tell us about the brain,arXiv:q-bio.NC,A|B|G
p1184,2012,A tutorial on Bayesian nonparametric models,journal:Journal of Mathematical Psychology [listed],A|B
p1185,2017,Reinforcement Learning and Episodic Memory in Humans and Animals - An Integrative Framework,journal:Annual Review of Psychology [direct-scan],A|B|D|G
p1186,2017,Reinforcement learning and episodic memory in humans and animals - An integrative framework (1),journal:Annual Review of Psychology [direct-scan],A|B|D|G
p1187,2010,Learning latent structure - carving nature at its joints,journal-unknown(10.1016/j.conb),A|B|E|G
p1189,2013,Perceptual estimation obeys Occam's razor,journal:Frontiers in Psychology [listed],A|B
p1190,2019,Believing in dopamine,journal:Nature Reviews Neuroscience [direct-scan],A|B|E|G
p1191,2010,"Context, learning, and extinction (1)",journal:Psychological Review [listed],A|B|G
p1192,2010,"Context, learning, and extinction",journal:Psychological Review [listed],A|B|G
p1193,2011,A topographic latent source model for fMRI data,journal:NeuroImage [listed],A|B|E
p1194,2012,Nonparametric variational inference,unknown-venue,A|B
p1195,2012,The successor representation and temporal context,"journal:Neural Computation [title-match, score=1.0]",A|B|E|G
p1196,2014,Decomposing spatiotemporal brain patterns into topographic latent sources,journal-unknown(10.1016/j.neur),A|B|G
p1197,2014,Statistical computations underlying the dynamics of memory updating,journal:PLoS Computational Biology [listed],A|B|E|G
p1198,2015,"Computational rationality - A converging paradigm for intelligence in brains, minds, and machines",journal-unknown(10.1126/scienc),A|E|G
p1199,2015,Discovering latent causes in reinforcement learning,journal:Current Opinion in Behavioral Sciences [direct-scan],A|B|E|G
p1200,2017,The computational nature of memory modification,journal-unknown(10.7554/eLife.),A|B|D|E|G
p1201,2021,Reconsidering the evidence for learning in single cells,journal:eLife [direct-scan],A|B|E|G
p1202,2025,Key-value memory in the brain,arXiv:q-bio.NC,A|E|G
p1203,2018,Effect Size and Power in fMRI Group Analysis,bioRxiv:section-unknown,A|G
p1204,2025,Distractor-specific control adaptation in multidimensional environments,journal:Nature Human Behaviour [direct-scan],A|B|G
p1205,2017,Interpretation of Neural Networks is Fragile,arXiv:category-unknown,A|B|D|G
p1206,2014,What is a memory schema - A historical perspective on current neuroscience literature,journal:Neuropsychologia [listed],A|B|D
p1207,2014,Schema representation in patients with ventromedial PFC lesions,journal:The Journal of Neuroscience [listed],A|D|G
p1208,2019,Dynamic Neural Representations - An Inferential Challenge for fMRI,journal:Trends in Cognitive Sciences [direct-scan],A|D|E
p1209,2023,An integrated model of semantics and control,arXiv:category-unknown,A|B|D|E|G
p1210,2024,Toward the emergence of intelligent control - Episodic Generalization and Optimization (1),arXiv:category-unknown,A|B|D|E|G
p1212,2025,"An integrated model of semantics and control, part 2 - Solving the similarity paradox through Context Inference",arXiv:category-unknown,A|B|C|E|G
p1214,2022,A large and rich EEG dataset for modeling human visual object recognition,journal:NeuroImage [listed],A|B
p1215,2024,The Algonauts Project 2025 challenge - How the Human Brain Makes Sense of Multimodal Movies,journal:Nature Neuroscience [direct-scan],A|B|G
p1216,2007,Prospection - experiencing the future,journal:Science [direct-scan],A|E
p1217,2017,Towards Understanding the Invertibility of Convolutional Neural Networks,arXiv:category-unknown,A|B|E
p1219,2017,Neurobiology of Schemas and Schema-Mediated Memory,journal:Trends in Cognitive Sciences [direct-scan],A|D
p1221,2017,Ventromedial prefrontal cortex generates pr ... theta coherence desynchronization - A schema instantiation hypothesis,journal:Cortex [listed],A|G
p1222,2004,Remembering our past - functional neuroanatomy of recollection of recent and very remote personal events,journal:Cerebral Cortex [direct-scan],A|B
p1223,2006,Hippocampal contributions to recollection in retrograde and anterograde amnesia,journal:Hippocampus [direct-scan],A|G
p1224,2006,Mechanisms of spontaneous confabulations - a strategic retrieval account,journal:Brain [listed],A|G
p1225,2009,Ventromedial prefrontal cortex lesions produce early functional alterations during remote memory retrieval,journal:The Journal of Neuroscience [listed],A|D|G
p1226,2018,Autobiographical memory - From experiences to brain representations,journal:Neuropsychologia [listed],A|B|E
p1227,2021,Hippocampal replay reflects specific past experiences rather than a plan for subsequent choice,bioRxiv:section-unknown,A|E|G
p1228,2018,Adversarial Spheres,arXiv:category-unknown,A|B|E|G
p1229,2020,Dynamic content reactivation supports naturalistic autobiographical recall in humans,journal:The Journal of Neuroscience [listed],A|E
p1230,2021,Evidence supporting a time-limited hippocampal role in retrieving autobiographical memories,journal-unknown(10.1073/pnas.2),A|D
p1232,2023,Developmental changes in exploration resemble stochastic optimization,journal:Nature Human Behaviour [direct-scan],B|E|G
p1234,2019,The roles of supervised machine learning in systems neuroscience,journal-unknown(10.1126/scienc),A|E|G
p1235,2016,A multi-modal parcellation of human cerebral cortex (1),journal:Nature [direct-scan],D|E
p1236,2016,A multi-modal parcellation of human cerebral cortex (2),journal:Nature [direct-scan],D|G
p1237,2016,A multi-modal parcellation of human cerebral cortex (3),journal:Nature [direct-scan],A|D
p1238,2016,A multi-modal parcellation of human cerebral cortex,journal:Nature [direct-scan],A|B
p1239,2018,A bias–variance trade-off governs individual differences in on-line learning in an unpredictable environment,journal:Nature Human Behaviour [direct-scan],A|B|G
p1240,2010,States versus rewards - dissociable neural predic ... signals underlying model-based and model-free reinforcement learning,journal:Neuron [direct-scan],A|B|E|G
p1241,2011,Understanding dopamine and reinforcement learning - the dopamine reward prediction error hypothesis,journal:Proceedings of the National Academy of Sciences [direct-scan],A|B|G
p1242,2010,Understanding the difficulty of training deep feedforward neural networks,unknown-venue,B|D|E
p1244,2011,Distinct neural systems involved in agency and animacy detection,"journal:Journal of Cognitive Neuroscience [title-match, score=1.0]",A|B
p1245,2025,Hippocampal reactivation of planned trajectories is required for effective goal choice in an allocentric memory task,bioRxiv:section-unknown,A|D|E|G
p1248,2020,Controversial stimuli - Pitting neural networks against each other as models of human cognition,arXiv:category-unknown,A|B|E|G
p1249,2007,The neural basis of decision making,journal:Annual Review of Neuroscience [listed],A|B|G
p1250,2017,Effects of cues to event segmentation on subsequent memory,journal:Cognitive Research: Principles and Implications [listed],A|B|D|E
p1251,2022,Sleep prevents catastrophic forgetting in spiking neural networks by forming a joint synaptic weight representation,journal:PLOS Computational Biology [listed],A|B|G
p1252,2009,Memory without feedback in a neural network,journal:Neuron [direct-scan],A|B|C|G
p1254,2018,Brain-to-brain coupling during handholding is associated with pain reduction,journal:Proceedings of the National Academy of Sciences [direct-scan],A|B|E
p1255,2024,Alignment of brain embeddings and artificial contextual embeddings in natural language points to common geometric patterns,journal:Nature Communications [direct-scan],A|B|C|E
p1256,2019,Generalisation dynamics of online learning in over-parameterised neural networks,arXiv:category-unknown,A|B|G
p1257,2018,Learning by neural reassociation,journal-unknown(10.1038/s41593),A|E
p1258,2019,Extensive childhood experience with Pokémon suggests eccentricity drives organization of visual cortex,journal:Nature Human Behaviour [direct-scan],A|B|E
p1259,2023,A large-scale fMRI dataset for the visual processing of naturalistic scenes,journal:Scientific Data [direct-scan],A|B|E|G
p1260,2019,Persistence of neuronal representations through time and damage in the hippocampus,journal-unknown(10.22002/d1.12),A|G
p1261,2023,Coordinated Replay Sample Selection for Continual Federated Learning,arXiv:category-unknown,B|C|E|G
p1262,2009,Measuring Invariances in Deep Networks,unknown-venue,A|B|D
p1263,2013,An Empirical Investigation of Catastrophic Forgetting in Gradient-Based Neural Networks,arXiv:category-unknown,A|B|G
p1264,2014,Generative Adversarial Nets,arXiv:stat.ML,A|B|E
p1265,2016,Pragmatic Language Interpretation as Probabilistic Inference,journal:Trends in Cognitive Sciences [direct-scan],A|B|D|E
p1266,2008,A rational analysis of rule-based concept learning,journal:Cognitive Science [direct-scan],A|E
p1267,2011,Learning a theory of causality,unknown-venue,A|B
p1269,2019,Visual Working Memory Impairments for Single Items Following Medial Temporal Lobe Damage,journal-unknown(10.13140/RG.2.),A|D|E
p1270,2018,The unreasonable effectiveness of small neural ensembles in high-dimensional brain,journal:eLife [direct-scan],A|B|E|G
p1271,2016,Generation and Evaluation of a Cortical Area Parcellation from Resting-State Correlations,journal:Cerebral Cortex [direct-scan],A|B|D
p1272,2017,"BIDS apps - Improving ease of use, accessibility, and reproducibility of neuroimaging data analysis methods",journal:PLOS Computational Biology [listed],A|B
p1273,2018,Functionally distinct high and low theta oscillations in the human hippocampus,bioRxiv:section-unknown,A
p1274,2019,Recurrent Independent Mechanisms,arXiv:category-unknown,A|B|G
p1276,2019,Improving sensory representations using episodic memory,journal:Hippocampus [direct-scan],A|B|E|G
p1278,2019,Holistic Recollection via Pattern Completion Involves Hippocampal Subfield CA3,journal:The Journal of Neuroscience [listed],A|E
p1279,2006,Entropy Regularization,unknown-venue,A|B|D|E|G
p1280,2017,The effect of episodic retrieval on inhibition in task switching,journal:Behavior Research Methods [listed],A|G
p1281,2018,Recasting Gradient-Based Meta-Learning as Hierarchical Bayes,arXiv:cs.LG,A|B|G
p1283,2016,Adaptive Computation Time for Recurrent Neural Networks,arXiv:category-unknown,A|G
p1285,2016,Hybrid computing using a neural network with dynamic external memory,journal:Nature [direct-scan],A|G
p1286,2017,Shared Spatiotemporal Category Representations in Biological and Artificial Deep Neural Networks,bioRxiv:section-unknown,A|G
p1287,2024,"The Visual Experience Dataset - Over 200 recorded hours of integrated eye movement, odometry, and egocentric video",journal:Scientific Reports [direct-scan],A|E|G
p1288,2025,Dopaminergic action prediction errors serve as a value-free teaching signal,journal:Nature [direct-scan],A|B|E|G
p1289,2019,Shaping Belief States with Generative Environment Models for RL,arXiv:category-unknown,A|B|G
p1290,2019,"Locus Coeruleus Phasic, But Not Tonic, Activation Initiates Global Remapping in a Familiar Environment",journal:The Journal of Neuroscience [listed],A|D|G
p1291,2024,Neural dynamics of shifting attention between perception and working-memory contents,journal:Proceedings of the National Academy of Sciences [direct-scan],A|G
p1292,2014,No evidence that 'fast-mapping' benefits novel learning in healthy Older adults,journal:Neuropsychologia [listed],A|E|G
p1293,2017,Does prediction error drive one-shot declarative learning,journal:Journal of Memory and Language [listed],A|D|E|G
p1294,2019,"Knowledge is power - Prior knowledge aids memory for both congruent and incongruent events, but in different ways",journal:Journal of Experimental Psychology: General [direct-scan],A|B|D|G
p1295,2019,Markov models-Markov chains,journal:Nature Methods [listed],A|B|E
p1296,2020,Assembly-Specific Disruption of Hippocampal Replay Leads to Selective Memory Deficit,journal:Neuron [direct-scan],A|B|D|G
p1297,2025,Ensemble reactivations during brief rest drive fast learning of sequences,journal:Nature [direct-scan],A|G
p1298,2020,Event conjunction - How the hippocampus integrates episodic memories across event boundaries,journal:Hippocampus [direct-scan],A|E|G
p1299,2005,A Bayesian View of Language Evolution by Iterated Learning,unknown-venue,A|E
p1300,2007,Language evolution by iterated learning with bayesian agents,"journal:Cognitive Science [title-match, score=1.0]",A|E|G
p1301,2005,Structure and strength in causal induction,journal:Cognitive Psychology [listed],A|B
p1302,2006,Griffiths06,unknown-venue,A|G
p1303,2006,Optimal predictions in everyday cognition,"journal:Psychological Science [title-match, score=1.0]",A|G
p1304,2007,From mere coincidences to meaningful discoveries,journal:Cognition [listed],A|B|E
p1305,2007,Topics in semantic representation,journal:Psychological Review [listed],A|G
p1306,2010,Probabilistic models of cognition - exploring representations and inductive biases,journal:Trends in Cognitive Sciences [direct-scan],A|B|G
p1307,2012,How the Bayesians got their beliefs (and what those beliefs actually are) - comment on Bowers and Davis (2012),journal:Psychological Bulletin [listed],A|B|E|G
p1308,2015,Rational use of cognitive resources - levels of analysis between the computational and the algorithmic,journal:Topics in Cognitive Science [listed],A
p1309,2016,Brain oscillations track the formation of episodic memories in the real world,journal:NeuroImage [listed],A|G
p1310,2018,Subjective randomness as statistical inference,journal:Cognitive Psychology [listed],A|B|E
p1311,2019,Directional coupling of slow and fast hippocampa ... a with neocortical alpha - beta oscillations in human episodic memory,journal:Proceedings of the National Academy of Sciences [direct-scan],A|D
p1312,2019,Doing more with less - meta-reasoning and meta-learning in humans and machines,journal:Current Opinion in Behavioral Sciences [direct-scan],A|B|G
p1313,2014,The functional architecture of the ventral temporal cortex and its role in categorization,journal:Nature Reviews Neuroscience [direct-scan],A|D
p1314,2006,A neural representation of categorization uncertainty in the human brain,journal:Neuron [direct-scan],A|D|E|G
p1315,2018,Distinct contributions of functional and deep neural ... to representational similarity of scenes in human brain and behavior,journal-unknown(10.7554/7:e328),A|D|G
p1316,2021,Overfitting the literature to one set of stimuli and data,journal:The Journal of Neuroscience [listed],A
p1317,2018,Deep Convolutional modeling of human face selective columns reveals their role in pictorial face representation,bioRxiv:section-unknown,A|B|E|G
p1318,2019,"How curiosity enhances hippocampus-dependent ... he Prediction, Appraisal, curiosity, and Exploration (PACE) framework",journal:Trends in Cognitive Sciences [direct-scan],A|B|D|G
p1319,2013,Expected reward modulates encoding-related theta activity before an event,journal:NeuroImage [listed],A|D|G
p1320,2014,States of curiosity modulate hippocampus-dependent learning via the dopaminergic circuit,journal:Neuron [direct-scan],A|B|D|G
p1322,2024,Emergence and reconfiguration of modular structure for artificial neural networks during continual familiarity detection,arXiv:category-unknown,A|D|G
p1323,2024,Memory's gatekeeper - The role of PFC in the encoding of congruent events,journal-unknown(10.1073/pnas.),A|B|D
p1324,2017,What the success of brain imaging implies about the neural code,journal-unknown(10.7554/eLife.),A|B
p1325,2020,How computational modeling can force theory building in psychological science,"journal:Perspectives on Psychological Science [title-match, score=1.0]",A|B|E
p1326,2018,Multivariate pattern analysis for MEG - A comparison of dissimilarity measures,journal-unknown(10.1016/j.),A|E|G
p1327,2026,Regional specialization in prefrontal cortex manifests in the reliability of task progression codes,journal:Neuron [direct-scan],A|B|E|G
p1328,2017,Memory Augmented Neural Networks with Wormhole Connections,arXiv:cs.LG,A|B|C|E
p1329,2018,Dynamic Neural Turing Machine with Continuous and Discrete Addressing Schemes,arXiv:cs.LG,B|C|E
p1331,2016,A Model of Representational Spaces in Human Cortex,journal:Cerebral Cortex [direct-scan],A|D
p1332,2018,A computational model of shared fine-scale structure in the human connectome,journal:PLOS Computational Biology [listed],A|B|D|E
p1333,2024,Serial position effects of large Language Models,arXiv:category-unknown,A|B|C|E|G
p1334,2024,Latent learning drives sleep-dependent plasticity in distinct CA1 subpopulations,arXiv:category-unknown,A|B|D|E|G
p1335,2010,Hippocampal replay is not a simple function of experience,journal:Neuron [direct-scan],A|G
p1336,2018,On Characterizing the Capacity of Neural Networks using Algebraic Topology,arXiv:category-unknown,B|D|G
p1337,2011,"Grid cells, place cells, and geodesic generalization for spatial reinforcement learning",journal:PLoS Computational Biology [listed],A|B|G
p1338,2024,HippoRAG - Neurobiologically inspired long-term memory for large language models,arXiv:category-unknown,A|B|C|G
p1339,2025,From RAG to memory - Non-parametric continual learning for large language models,arXiv:category-unknown,C|D|G
p1340,2014,Deep Neural Networks Reveal a Gradient in th ... y of Neural Representations across the Brain's Ventral Visual Pathway,arXiv:q-bio.NC,A|B|D|G
p1341,2015,Deep Neural Networks Reveal a Gradient in the Complexity of Neural Representations across the Ventral Stream,journal:Journal of Neuroscience [listed],A|B|D
p1342,2017,Modeling the Dynamics of Human Brain Activity with Recurrent Neural Networks,journal:Frontiers in Computational Neuroscience [listed],A|B|D
p1343,2017,Deep adversarial neural decoding,arXiv:q-bio.NC,A|B|D
p1344,2013,Knowledge Matters - Importance of Prior Information for Optimization,arXiv:cs.LG,A|B|G
p1345,2023,Prediction error is out of context - The dominance of contextual stability in segmenting episodic events,journal:Neuropsychologia [listed],A|B|E|G
p1347,2018,Recurrent World Models Facilitate Policy Evolution,arXiv:category-unknown,A|B|D|G
p1348,2018,World Models (1),arXiv:category-unknown,A|B|D|G
p1349,2018,World Models,arXiv:category-unknown,A|B|D|G
p1351,2018,Soft Actor-Critic - Off-Policy Maximum Entropy Deep Reinforcement Learning with a Stochastic Actor,arXiv:category-unknown,G
p1352,2020,Let's Agree to Agree - Neural Networks Share Classification Order on Real Datasets,arXiv:category-unknown,A|B|E
p1353,2020,Embracing Change - Continual Learning in Deep Neural Networks,journal-unknown(10.1016/j.ti),A|B|G
p1354,2018,Convergent temperature representations in artificial and biological neural networks,bioRxiv:section-unknown,A|B|D|E|G
p1355,2018,Learning Latent Dynamics for Planning from Pixels,arXiv:category-unknown,A|B|E|G
p1356,2023,The human brain reactivates context-specific past information at event boundaries of naturalistic experiences,journal:Nature Neuroscience [direct-scan],A|E|G
p1357,2013,Brain organization into resting state networks emerges at criticality on a model of the human connectome,journal:Physical Review Letters [listed],A|D|G
p1359,2024,Probing perceptual uncertainty to examine the relationship between curiosity and confidence,journal:The Journal of Neuroscience [listed],A
p1360,2024,Neural Prioritisation of Past Solutions Supports Generalisation,bioRxiv:section-unknown,A|B
p1361,2023,Identifying causal subsequent memory effects,journal-unknown(10.1073/pnas.),A|D|G
p1362,2023,Study-Phase Reinstatement,bioRxiv:section-unknown,A|B
p1363,2018,The revolution will not be controlled - natural stimuli in speech neuroscience,"journal:Language, Cognition and Neuroscience [listed]",A|E
p1364,2020,The revolution will not be controlled - natural stimuli in speech neuroscience,"journal:Language, Cognition and Neuroscience [listed]",A|E
p1365,2025,Reconciling time and prediction error theories of associative learning,bioRxiv:section-unknown,A|B|E|G
p1367,2008,Neural correlates of mentalizing-related computations during strategic interactions in humans,"journal:Proceedings of the National Academy of Sciences [title-match, score=1.0]",A|B|D|G
p1368,2019,Analogues of mental simulation and imagination in deep learning,journal:Current Opinion in Behavioral Sciences [direct-scan],A|B|G
p1369,2015,Think again - The amount of mental simulation tracks uncertainty in the outcome,unknown-venue,A|B|G
p1370,2017,Metacontrol for Adaptive Imagination-Based Optimization,arXiv:category-unknown,A|B|G
p1371,2018,Relational inductive bias for physical construction in humans and machines,arXiv:category-unknown,A|B|G
p1372,2025,High-dimensional structure underlying individual differences in naturalistic visual experience,arXiv:q-bio.NC,A|B|C|E
p1373,2015,Learning both Weights and Connections for Efficient Neural Network,arXiv:category-unknown,A|B
p1374,2026,Behavioral hierarchy without a hierarchical brain,bioRxiv:section-unknown,B|E
p1376,2014,A high-resolution 7-Tesla fMRI dataset from complex natural stimulation with an audio movie,journal:Scientific Data [direct-scan],A
p1377,2017,A random-matrix theory of the number sense,journal:Philosophical Transactions of the Royal Society B: Biological Sciences [listed],A|B|E
p1378,2019,Sequence-to-Sequence Speech Recognition with Time-Depth Separable Convolutions,arXiv:category-unknown,A|B|E
p1379,2016,The CMA Evolution Strategy - A Tutorial,arXiv:cs.LG,E|G
p1380,2018,Fast deep reinforcement learning using online adjustments from the past,arXiv:category-unknown,A|B|G
p1381,2016,Oscillations and Episodic Memory - Addressing the Synchronization - Desynchronization Conundrum,journal:Trends in Neurosciences [listed],A|B
p1383,2018,"Systems consolidation revisited, but not revised - The promise and limits of optogenetics in the study of memory",journal:Neuroscience Letters [listed],A|B
p1384,2010,A Bridge Over Troubled Water - Reconsolidation as a Link Between Cognitive and Neuroscientific Memory Research Traditions,journal:Annual Review of Psychology [direct-scan],A
p1385,2010,A bridge over troubled water - reconsolidation as a link between cognitive and neuroscientific memory research traditions (1),journal:Annual Review of Psychology [direct-scan],A
p1386,2013,Decay happens - the role of active forgetting in memory,journal:Trends in Cognitive Sciences [direct-scan],A|B
p1387,2020,Nonsense correlations in neuroscience,bioRxiv:section-unknown,A|B|E|G
p1388,2020,Array programming with NumPy,journal:Nature [direct-scan],A|E
p1389,2019,Continuous Meta-Learning without Tasks,arXiv:category-unknown,A|B|E|G
p1390,2017,Functional connectivity networks for preoperative brain mapping in neurosurgery,journal-unknown(10.3171/2016.6),A|D
p1392,2018,A critical period for second language acquisition - Evidence from 2 - 3 million English speakers,journal:Cognition [listed],A|B|G
p1393,2022,Aging with GRACE - Lifelong Model Editing with Discrete Key-Value Adaptors,arXiv:category-unknown,A|B|C|E|G
p1394,2012,Choice-specific sequences in parietal cortex during a virtual-navigation decision task,journal:Nature [direct-scan],A|B|G
p1395,2008,Perirhinal cortex supports encoding and familiarity-based recognition of novel associations,journal:Neuron [direct-scan],A
p1396,2007,Deconstructing episodic memory with construction,journal:Trends in Cognitive Sciences [direct-scan],A|B
p1397,2009,The construction system of the brain,journal:Philosophical Transactions of the Royal Society B: Biological Sciences [listed],A
p1398,2007,Patients with hippocampal amnesia cannot imagine new experiences,journal-unknown(10.1136/jnnp.2),A|G
p1399,2017,Neuroscience-Inspired Artificial Intelligence,arXiv:category-unknown,A|E
p1400,2005,What is the function of hippocampal theta rhythm -Linkin ... data to phasic properties of field potential and unit recording data,journal:Hippocampus [direct-scan],A|B
p1401,2006,The role of acetylcholine in learning and memory (1),journal:Current Opinion in Neurobiology [direct-scan],A|B|E|G
p1402,2006,The role of acetylcholine in learning and memory,journal:Current Opinion in Neurobiology [direct-scan],A|B|E|G
p1403,2011,Models of hippocampus,journal:Neurobiology of Learning and Memory [listed],A|B|G
p1404,2005,Hippocampal mechanisms for the context-dependent retrieval of episodes,journal:Neural Networks [listed],A|G
p1406,2018,A network model of behavioural performance in a rule learning task,journal:Philosophical Transactions of the Royal Society B: Biological Sciences [listed],A|B|D|E|G
p1407,2002,A proposed function for hippocampal theta rhythm ... e phases of encoding and retrieval enhance reversal of prior learning,"journal:Neural Computation [title-match, score=0.971]",A|G
p1408,2020,Overview of computational models of hippocampus and related structures - Introduction to the special issue,journal:Hippocampus [direct-scan],A|B
p1409,2012,Future trends in Neuroimaging - Neural processes as expressed within real-life contexts,journal-unknown(10.1016/j.neur),A|E
p1410,2004,Intersubject synchronization of cortical activity during natural vision,journal:Science [direct-scan],A|E
p1411,2008,A hierarchy of temporal receptive windows in human cortex,journal:The Journal of Neuroscience [listed],A|B|E
p1412,2008,Enhanced intersubject correlations during movie viewing correlate with successful episodic encoding,journal:Neuron [direct-scan],A|E|G
p1414,2010,Reliability of cortical activity during natural stimulation,journal-unknown(10.1016/j.tics),A|E
p1415,2015,Hierarchical process memory - memory as an integral component of information processing,journal:Trends in Cognitive Sciences [direct-scan],A|B|E|G
p1416,2019,Robust-fit to nature - an evolutionary perspective on biological (and artificial) neural networks,bioRxiv:section-unknown,A|B|D|G
p1417,2020,Direct Fit to Nature - An Evolutionary Perspective on Biological and Artificial Neural Networks,journal:Neuron [direct-scan],A|D|G
p1418,2023,Meta-reinforcement learning via orbitofrontal cortex,journal:Nature Neuroscience [direct-scan],A|B|G
p1419,2018,"Elucidating relations between fMRI, ECoG, and EEG through a common natural stimulus",journal:NeuroImage [listed],A|B|E|G
p1420,2015,Deep Recurrent Q-Learning for Partially Observable MDPs,arXiv:category-unknown,A|B|E|G
p1421,2021,From partners to populations - A hierarchical Bayesian account of coordination and convention,arXiv:category-unknown,A|B|G
p1422,2001,Distributed and overlapping representations of faces and objects in ventral temporal cortex (1),journal:Science [direct-scan],A|D|E
p1424,2011,"A common, high-dimensional model of the representational space in human ventral temporal cortex",journal:Neuron [direct-scan],A|D|E
p1425,2014,Decoding neural representational spaces using multivariate pattern analysis,journal:Annual Review of Neuroscience [listed],A
p1426,2020,Hyperalignment - Modeling shared information encoded in idiosyncratic cortical topographies,journal:eLife [direct-scan],A|B|D|E
p1427,2012,Selecting Computations - Theory and Applications,arXiv:cs.AI,A|B|G
p1428,2004,Combining voxel intensity and cluster extent with permutation test framework,journal:NeuroImage [listed],A
p1429,2006,Decoding mental states from brain activity in humans,journal:Nature Reviews Neuroscience [direct-scan],A|B|E
p1430,2017,Hyperparameter Optimization - A Spectral Approach,arXiv:cs.LG,A|B|D|E|G
p1431,2025,A multimodal Seq2Seq Transformer for predicting brain responses to naturalistic stimuli,arXiv:category-unknown,A|B|D|G
p1432,2015,Deep Residual Learning for Image Recognition,arXiv:category-unknown,A|B|D
p1433,2015,Delving Deep into Rectifiers - Surpassing Human-Level Performance on ImageNet Classification,journal:2015 IEEE International Conference on Computer Vision (ICCV) [conference],A|B|G
p1435,2018,Mask R-CNN,arXiv:category-unknown,A|B
p1436,2021,Contextual inference underlies the learning of sensorimotor repertoires,journal:Nature [direct-scan],A|B|D|G
p1437,2023,Contextual inference in learning and memory,arXiv:cs.LG,A|D|E|G
p1438,2023,The Computational and Neural Bases of Context-Dependent Learning,arXiv:category-unknown,A|B|G
p1439,2014,Individual differences in memory search and their relation to intelligence,journal:Journal of Experimental Psychology: General [direct-scan],A|B|G
p1440,2019,Contiguity in episodic memory,journal:Psychonomic Bulletin &amp; Review [direct-scan],A|B
p1441,2018,Deconstructing multivariate decoding for the study of brain function,journal:NeuroImage [listed],A|E
p1442,2016,The Relationship between Perceptual Decision Variables and Confidence in the Human Brain,journal:Cerebral Cortex [direct-scan],A|B|D|E|G
p1443,2019,"THINGS - A database of 1,854 object concepts and more than 26,000 naturalistic object images",journal:PLOS ONE [listed],A|B|D
p1444,2020,Revealing the multidimensional mental representations of natural objects underlying human similarity judgements,journal:Nature Human Behaviour [direct-scan],A|B|G
p1445,2023,"THINGS-data, a multimodal collection of large-scale ... for investigating object representations in human brain and behavior",journal:eLife [direct-scan],A|B|D|E
p1446,2024,Task-irrelevant stimuli reliably boost phasic pupil-linked arousal but do not affect decision formation,bioRxiv:section-unknown,A|E|G
p1447,2016,"A boost of confidence - The role of the ventromedial prefrontal cortex in memory, decision-making, and schemas",journal-unknown(10.1016/j.neur),A|D|E|G
p1448,2019,Rapid Cortical Plasticity Supports Long-Term Memory Formation,journal:Trends in Cognitive Sciences [direct-scan],A
p1449,2021,Enhanced reinstatement of naturalistic event memories due to hippocampal-network-targeted stimulation,journal:Current Biology [direct-scan],A|D
p1450,2024,An inductive bias for slowly changing features in human reinforcement learning,journal:PLOS Computational Biology [listed],A|B|D|G
p1451,2025,How mood-related physiological states bias economic decisions,journal:Communications Psychology [direct-scan],A|B|G
p1452,2017,Emergence of Locomotion Behaviours in Rich Environments,arXiv:category-unknown,A|G
p1453,2015,ActivityNet - A large-scale video benchmark for human activity understanding,"journal:2015 IEEE Conference on Computer Vision and Pattern Recognition (CVPR) [title-match, score=1.0]",G
p1454,2020,Word contexts enhance the neural representation of individual letters in early visual cortex,journal:Nature Communications [direct-scan],A
p1455,2019,Bidirectional prefrontal-hippocampal dynamics organize information transfer during sleep in humans,journal-unknown(10.1038/s41467),A|B|D
p1456,2020,Association between real-world experiential diversi ... sitive affect relates to hippocampal-striatal functional connectivity,journal:Nature Neuroscience [direct-scan],A|B|D|G
p1457,2016,Primary motor cortex neurons classified in a postural task predict muscle activation patterns in a reaching task,journal-unknown(10.1152/jn.009),A|D
p1458,2009,A Bayesian account of reconstructive memory,journal:Topics in Cognitive Science [listed],A|G
p1459,2009,Hemmer09,journal:Psychonomic Bulletin &amp; Review [direct-scan],A|G
p1460,2009,Integrating episodic memories and prior knowledge at multiple levels of abstraction,journal:Psychonomic Bulletin &amp; Review [direct-scan],A|G
p1461,2017,Prediction Under Uncertainty with Error-Encoding Networks,arXiv:category-unknown,A|B|E
p1462,2022,Ten simple rules for writing a Registered Report,journal:PLOS Computational Biology [listed],A|E|G
p1463,2017,Deep Reinforcement Learning that Matters,arXiv:category-unknown,A|E|G
p1464,2016,Gaussian Error Linear Units (GELUs),arXiv:category-unknown,A|B|G
p1465,2019,Statistical learning shapes neural sequence representations,bioRxiv:section-unknown,A|B|E
p1466,2021,Learning hierarchical sequence representations across human cortex and hippocampus,PsyArXiv,A|B|D|E|G
p1467,2010,A model for memory systems based on processing modes rather than consciousness,journal:Nature Reviews Neuroscience [direct-scan],A|D|E|G
p1468,2010,"Predictive, interactive multiple memory systems",journal:Hippocampus [direct-scan],A|D|G
p1469,2022,Explainable AI toward understanding the performa ... LE Challenge methods in the forecast of Alzheimer's disease diagnosis,journal:PLOS ONE [listed],A|D|E|G
p1471,2018,Impact of human behavioral papers at journal of Neuroscience,bioRxiv:section-unknown,G
p1472,2017,Deep Q-learning from Demonstrations,arXiv:cs.AI,A|G
p1473,2016,Episodic sequence memory is supported by a theta-gamma phase code,journal:Nature Neuroscience [direct-scan],A
p1475,2018,How is experience transformed into memory (1),bioRxiv:section-unknown,A|E
p1476,2018,How is experience transformed into memory,bioRxiv:section-unknown,A|E
p1477,2018,HyperTools - a Python Toolbox for Gaining Geometric Insights into High-Dimensional Data,journal-unknown(10.5281/zenodo),A|B|E|G
p1478,2018,Perceptual boundaries cause mnemonic trade-offs between local boundary processing and across-trial associative binding,"journal:Journal of Experimental Psychology: Learning, Memory, and Cognition [listed]",A|E
p1479,2021,Geometric models reveal behavioural and neural signatures of transforming experiences into memories,journal:Nature Human Behaviour [direct-scan],A|B|E
p1482,2018,The Variational Homoencoder - Learning to learn high capacity generative models from few examples,arXiv:category-unknown,A|B|E|G
p1483,2018,Evidence for a subcircuit in medial entorhinal cortex representing elapsed time during immobility,journal:Nature Neuroscience [direct-scan],A
p1484,2019,Perceptual straightening of natural videos,journal:Nature Neuroscience [direct-scan],A|B|D|E
p1485,2017,SCAN - Learning Hierarchical Compositional Visual Concepts,arXiv:category-unknown,A|B|E|G
p1486,2016,Observational learning computations in neurons of the human anterior cingulate cortex,journal:Nature Communications [direct-scan],A|B|E|G
p1487,2018,Principles of Temporal Processing Across the Cortical Hierarchy (1),journal:Neuroscience [listed],A|B|E
p1488,2018,Principles of Temporal Processing Across the Cortical Hierarchy,journal:Neuroscience [listed],A|B|E
p1489,2016,Linking pattern completion in the hippocampus to predictive coding in visual cortex (1),journal:Nature Neuroscience [direct-scan],A|B|D|G
p1490,2016,Linking pattern completion in the hippocampus to predictive coding in visual cortex,journal:Nature Neuroscience [direct-scan],A|B|G
p1492,2011,Transforming Auto-Encoders,unknown-venue,A|D
p1493,2015,Distilling the Knowledge in a Neural Network,arXiv:stat.ML,A|B|G
p1494,2019,Frontal cortex neuron types categorically encode single decision variables,journal:Nature [direct-scan],A|D|G
p1495,2018,Collective Memory from a Psychological Perspective,journal:Trends in Cognitive Sciences [direct-scan],A|B|E
p1496,2014,The hippocampal CA2 region is essential for social memory,journal:Nature [direct-scan],A
p1497,2018,Spatio-Temporal Dynamics of Intrinsic Networks in Functional Magnetic Imaging Data Using Recurrent Neural Networks,journal:Frontiers in Neuroscience [listed],A|B|D
p1498,2019,Moving beyond P values - Everyday data analysis with estimation plots,bioRxiv:section-unknown,A|B|E
p1499,2019,Moving beyond P values - data analysis with estimation graphics (1),journal:Nature Methods [listed],A|D|E|G
p1500,2019,Moving beyond P values - data analysis with estimation graphics,journal:Nature Methods [listed],A|D|E|G
p1501,2019,The value of abstraction,journal:Current Opinion in Behavioral Sciences [direct-scan],A|B|G
p1502,2022,People construct simplified mental representations to plan,journal:Nature [direct-scan],A|D|G
p1503,2024,Compositional pretraining improves computational efficiency and matches animal behavior on complex tasks,bioRxiv:section-unknown,A|B|D|G
p1504,2015,Triangulation of the neurocomputational architecture underpinning reading aloud,journal:Proceedings of the National Academy of Sciences [direct-scan],A|B|D
p1505,2018,"Concepts, control, and context - A connectionist account of normal and disordered semantic cognition",journal:Psychological Review [listed],A|D
p1507,2010,A category adjustment approach to memory for spatial location in natural scenes,"journal:Journal of Experimental Psychology: Learning, Memory, and Cognition [listed]",A|B|E|G
p1508,2024,Goal commitment is supported by vmPFC through selective attention,journal:Nature Human Behaviour [direct-scan],A|D|E|G
p1509,2025,Humans and neural networks show similar patterns of transfer and interference during continual learning,journal:Nature Human Behaviour [direct-scan],A
p1510,2009,Predicting human resting-state functional connectivity from structural connectivity,journal-unknown(10.1093/cercor),A|B|D
p1511,2012,Not lost in translation - neural responses shared across languages,journal:The Journal of Neuroscience [listed],A|G
p1512,2012,Slow cortical dynamics and the accumulation of information over long timescales,journal:Neuron [direct-scan],A|D
p1513,2018,Switching between internal and external modes - A multiscale learning principle (1),journal:Network Neuroscience [listed],A|B|D|E|G
p1514,2018,Switching between internal and external modes - A multiscale learning principle,journal:Network Neuroscience [listed],A|B|D|E|G
p1515,2023,Psychological Momentum,journal:Current Directions in Psychological Science [listed],A|B|D|G
p1516,2016,Explicit information for category-orthogonal object properties increases along the ventral stream,journal:Nature Neuroscience [direct-scan],A|B|E|G
p1517,2019,False-positive neuroimaging - Undisclosed flexibility ... spatial hypotheses allows presenting anything as a replicated finding,bioRxiv:section-unknown,A|B|E
p1518,2024,Scale matters - Large language models with billions ( ... of parameters better match neural representations of natural language,journal-unknown(10.7554/eLife.),A|B|C|E
p1519,2025,Episodic memory contributions to working memory-supported reinforcement learning,"journal:Journal of Experimental Psychology: Learning, Memory, and Cognition [listed]",A|B|G
p1520,2017,Generic decoding of seen and imagined objects using hierarchical visual features,journal:Nature Communications [direct-scan],A|B|D
p1521,2017,Hierarchical Neural Representation of Dreamed Objects Revealed by Brain Decoding with Deep Neural Network Features,journal:Frontiers in Computational Neuroscience [listed],A|B|D
p1522,2017,ncomms15037-s1,unknown-venue,A|B|D
p1523,2013,Neural decoding of visual imagery during sleep,journal:Science [direct-scan],E
p1524,2025,A neural state space for episodic memories,journal:Trends in Cognitive Sciences [direct-scan],A|B|D
p1525,2015,Evidence for holistic episodic recollection via hippocampal pattern completion,journal-unknown(10.1038/ncomms),A|D|G
p1527,2024,Universality of representation in biological and artificial neural networks,bioRxiv:section-unknown,A|E
p1528,2026,Context structure reshapes the representational geometry of Language Models,arXiv:category-unknown,A|B|C
p1529,2013,"The hippocampus, time, and memory across scales",journal-unknown(10.1037/a00336),A|E
p1530,2002,A Distributed Representation of Temporal Context (1),journal:Journal of Mathematical Psychology [listed],A|B|G
p1531,2002,A Distributed Representation of Temporal Context,journal:Journal of Mathematical Psychology [listed],A|B|G
p1532,2005,The temporal context model in spatial navigation an ... a common explanation of medial temporal lobe function across domains,"journal:Psychological Review [title-match, score=0.896]",A|B
p1533,2012,Ensembles of human MTL neurons 'jump back in time' in response to a repeated stimulus,journal:Hippocampus [direct-scan],A|B|G
p1534,2014,"A unified mathematical framework for coding time, space, and sequences in the hippocampal region",journal:The Journal of Neuroscience [listed],A
p1535,2017,MobileNets - Efficient Convolutional Neural Networks for Mobile Vision Applications,arXiv:category-unknown,A|B|G
p1536,2008,Two fixations suffice in face recognition,journal-unknown(10.1111/j.1467),G
p1537,2021,Eye movement analysis with hidden Markov models (EMHMM) with co-clustering,journal:Behavior Research Methods [listed],A|E|G
p1539,2014,Hippocampal activity patterns carry information about objects in temporal context,journal:Neuron [direct-scan],A|B
p1540,2018,Deep Orthogonal Representations - Fundamental Properties and Applications,arXiv:cs.LG,E
p1542,2025,Neural processing of naturalistic audiovisual events in space and time,journal:Communications Biology [direct-scan],A|B|D
p1543,2015,Cognitive neuroscience. Unlearning implicit social biases during sleep,journal-unknown(10.1126/scienc),A|B|G
p1544,2020,Promoting memory consolidation during sleep - A meta-analysis of targeted memory reactivation,journal-unknown(10.1037/bul000),A
p1545,2021,LoRA - Low-Rank Adaptation of large language models,arXiv:category-unknown,B|C
p1546,2018,Deep Paper Gestalt,arXiv:category-unknown,A|E|G
p1547,2025,Comprehensive exploration of visual working memory mechanisms using large-scale behavioral experiment,journal:Nature Communications [direct-scan],A|B|D|G
p1548,2016,Densely Connected Convolutional Networks,arXiv:category-unknown,A|B
p1549,2024,Binding items to contexts through conjunctive neural representations with the Method of Loci,bioRxiv:section-unknown,A|B
p1550,2024,Cortico-hippocampal interactions underlie schema-supported memory encoding in older adults,bioRxiv:section-unknown,A|D
p1551,2024,Replay-triggered brain-wide activation in humans,journal:Nature Communications [direct-scan],A|D|E
p1552,2026,Probabilistic neural code supports metacognition in value-based decisions in the human brain,bioRxiv:section-unknown,A|G
p1553,2020,Dissociable neural systems for unconditioned acute and sustained fear,journal:NeuroImage [listed],A|E|G
p1554,2025,Episodic memories generation and evaluation benchmark for Large Language Models,arXiv:category-unknown,A|B|C|G
p1555,2012,Event-related fMRI in cognition,journal:NeuroImage [listed],A|B|E|G
p1556,2014,Changes in situation models modulate processes of event perception in audiovisual narratives,"journal:Journal of Experimental Psychology: Learning, Memory, and Cognition [listed]",A|E
p1557,2017,Age-related impairment on a forced-choice version of the Mnemonic Similarity Task,journal-unknown(10.1037/bne000),A|B|D|E|G
p1558,2015,Neural Differentiation Tracks Improved Recall of Competing Memories Following Interleaved Study and Retrieval Practice,journal:Cerebral Cortex [direct-scan],A
p1560,2022,Thalamus - a brain-inspired algorithm for biologically-plausible continual learning and disentangled representations,arXiv:category-unknown,A|B|E|G
p1561,2014,Intrinsic mechanisms stabilize encoding and retrieval circuits differentially in a hippocampal network model,journal-unknown(10.1002/hipo.2),A|B|D
p1562,2026,A neural mechanism for online discovery of latent contexts,bioRxiv:section-unknown,A|B|D|E
p1563,2007,Time course of semantic processes during sentence comprehension - an fMRI study,"journal:NeuroImage [title-match, score=1.0]",A|E
p1564,2019,Meta reinforcement learning as task inference,arXiv:category-unknown,A|B|G
p1565,2019,Optimizing agent behavior over long time scales by transporting value (1),arXiv:category-unknown,A|B|E|G
p1566,2019,Optimizing agent behavior over long time scales by transporting value,journal:Nature Communications [direct-scan],A|B|E|G
p1567,2024,APP antisense oligonucleotides reduce amyloid-β aggregation and rescue endolysosomal dysfunction in Alzheimer's disease,journal:Brain [listed],A|D
p1568,2018,Large-Scale Gradients in Human Cortical Organization,journal:Trends in Cognitive Sciences [direct-scan],A|B|D|G
p1569,2018,A common deliberative process underlies model-based planning and patient intertemporal choice,bioRxiv:section-unknown,A|E|G
p1570,2007,Reconsolidation of episodic memories - a subtle reminder triggers integration of new information,bioRxiv:section-unknown,A|B|D|E
p1571,2019,The compositionality of neural networks - integrating symbolism and connectionism,arXiv:category-unknown,A|B|E
p1572,2023,Data is not available upon request,journal:PLoS ONE [listed],A
p1573,2019,The power of predictions - An emerging paradigm for psychological research,journal:Current Directions in Psychological Science [listed],A|B|E|G
p1574,2013,"Dynamic functional connectivity - promise, issues, and interpretations",journal-unknown(10.1016/j.neur),A|D
p1575,2015,PrAGMATiC - a Probabilistic and Generative Model of Areas Tiling the Cortex,arXiv:category-unknown,A|B|E
p1576,2016,Decoding the Semantic Content of Natural Movies from Human Brain Activity,journal:Frontiers in Systems Neuroscience [listed],A|B|D
p1577,2016,Natural speech reveals the semantic maps that tile human cerebral cortex,journal-unknown(10.1038/nature),A|B|D
p1578,2000,Why do categories affect stimulus judgment,"journal:Journal of Experimental Psychology: General [title-match, score=1.0]",A|B|E
p1579,2011,Are computational models of any use to psychiatry,journal:Neural Networks [listed],A|E
p1580,2016,Computational psychiatry as a bridge from neuroscience to clinical applications,journal:Nature Neuroscience [direct-scan],A|B|G
p1581,2023,Temporal integration is a robust feature of perceptual decisions,journal:eLife [direct-scan],A|B|E|G
p1584,2019,Hippocampus Is What Happens while You're Busy Making Other Plans,journal:Neuron [direct-scan],A|B|G
p1585,2019,The value of what’s to come - neural mechanisms coupling prediction error and reward anticipation,bioRxiv:section-unknown,A|G
p1586,2018,Are Deep Policy Gradient Algorithms Truly Policy Gradient Algorithms,arXiv:category-unknown,A|G
p1587,2019,"Adversarial Examples Are Not Bugs, They Are Features",arXiv:category-unknown,A|B|D|E
p1588,2024,Discrimination of semantically similar verbal memory traces is affected in healthy aging,journal:Scientific Reports [direct-scan],A|C|E
p1590,2015,Batch Normalization - Accelerating Deep Network Training by Reducing Internal Covariate Shift,arXiv:cs.LG,A|B|G
p1591,2019,Context Matters - Recovering Human Semantic Structure from Machine Learning Analysis of Large-Scale Text Corpora,"journal:Cognitive Science [title-match, score=1.0]",A|B
p1592,2022,Context matters - Recovering human semantic structure from machine learning analysis of large-scale text corpora,journal:Cognitive Science [direct-scan],A|B|C|D|E|G
p1593,2024,Sculpting new visual categories into the human brain,journal:Proceedings of the National Academy of Sciences [direct-scan],A|D|E|G
p1594,2021,Memories for third-person experiences in immersive virtual reality,journal:Scientific Reports [direct-scan],A|G
p1596,2014,What Makes a Photograph Memorable,journal:IEEE Transactions on Pattern Analysis and Machine Intelligence [listed],A|D
p1597,2004,Computational irreducibility and the predictability of complex physical systems,journal:Physical Review Letters [listed],A
p1598,2022,Compositional generalization through abstract representations in human and artificial neural networks,arXiv:category-unknown,A|B
p1599,2022,Constructing neural network models from brain data reveals representational transformations linked to adaptive behavior,journal-unknown(10.1038/s41467),A|B|D|G
p1600,2024,Individuals who see the good in the bad engage distinctive default network coordination during post-encoding rest,journal:Proceedings of the National Academy of Sciences [direct-scan],A|B|D
p1602,2022,Atlas - Few-shot learning with retrieval augmented language models,arXiv:category-unknown,A|B|C
p1603,2018,Averaging Weights Leads to Wider Optima and Better Generalization,arXiv:category-unknown,A|B|D
p1605,2021,Reverse-engineering the cortical architecture for controlled semantic cognition,journal:Nature Human Behaviour [direct-scan],A|B|D|E|G
p1606,2013,Direct recordings of grid-like neuronal activity in human spatial navigation,journal:Nature Neuroscience [direct-scan],A|G
p1607,2013,nn.3466-S1,journal:Nature Neuroscience [direct-scan],A
p1608,2005,Modes of cognitive control in recognition and source memory - depth of retrieval,"journal:Psychonomic Bulletin &amp; Review [title-match, score=1.0]",A|G
p1609,2016,Reinforcement Learning with Unsupervised Auxiliary Tasks,arXiv:category-unknown,A|B|D|G
p1610,2017,Population Based Training of Neural Networks,arXiv:category-unknown,A|B|E|G
p1611,2019,Human-level performance in 3D multiplayer games with population-based reinforcement learning,arXiv:category-unknown,A|B|G
p1612,2001,The “echo state” approach to analysing and training recurrent neural networks-with an erratum note,unknown-venue,A|B|E
p1613,2012,Long short-term memory in echo state networks - Details of a simulation study,journal-unknown(10.1016/j.neun),A|B|G
p1614,2004,Harnessing nonlinearity - predicting chaotic systems and saving energy in wireless communication,journal:Science [direct-scan],A|B|G
p1615,2019,Event segmentation reveals working memory forgetting rate,bioRxiv:section-unknown,A|B|D|E
p1616,2022,Event segmentation reveals working memory forgetting rate,journal:iScience [listed],A|D|E|G
p1617,2022,main,journal-unknown(10.1016/j.isci),A|D|E|G
p1618,2026,Prefrontal mechanisms of rule learning,bioRxiv:section-unknown,A|B
p1620,2026,Can we automatize scientific discovery in the cognitive sciences,arXiv:category-unknown,A|B|C|E|G
p1621,2024,Learning attentional templates for value-based decision-making,journal:Cell [direct-scan],A|B|D|G
p1622,2018,Incorporating Context into Language Encoding Models for fMRI (1),bioRxiv:section-unknown,A|B|C|D|E|G
p1623,2018,Incorporating Context into Language Encoding Models for fMRI,journal:Nature [direct-scan],A|B|C|D|E|G
p1624,2017,Learning Low-Dimensional Metrics,arXiv:stat.ML,A|B|D|E
p1625,2023,A computational process-tracing method for measuring people's planning strategies and how they change over time,journal:Behavior Research Methods [listed],A|E|G
p1626,2025,The metabolic costs of cognition,journal:Trends in Cognitive Sciences [direct-scan],A|G
p1627,2016,Classification based hypothesis testing in neur ... nd overlooked statistical properties of linear parametric classifiers,journal:Human Brain Mapping [listed],A
p1628,2018,Beyond Word Importance - Contextual Decomposition to Extract Interactions from LSTMs (1),arXiv:category-unknown,A|B|C|D|G
p1629,2018,Beyond Word Importance - Contextual Decomposition to Extract Interactions from LSTMs,arXiv:category-unknown,A|B|C|D|G
p1630,2021,The formation and retrieval of holistic event memories across development,journal:Journal of Cognition [listed],A|G
p1631,2016,Categorical Reparameterization with Gumbel-Softmax,arXiv:category-unknown,B|E|G
p1632,2017,Human Cortical Neurons in the Anterior Temporal Lobe Reinstate Spiking Activity during Verbal Memory Retrieval,journal:Current Biology [direct-scan],A|B|D
p1633,2019,Positive reward prediction errors during decision-making strengthen memory encoding,journal:Nature Human Behaviour [direct-scan],A|D|G
p1634,2020,"Julian Jara-Ettinger, Chris Baker, Tomer Ullman, & Joshua B. Tenenbaum",arXiv:category-unknown,A|B|G
p1635,2026,Compositionality and systematicity emerge from iterated learning in deep linear networks,journal-unknown(10.1073/pnas.),A|B|D
p1637,2019,Meta-Learning Representations for Continual Learning,arXiv:category-unknown,A
p1638,2019,Prefrontal Pathways Provide Top-Down Control of Memory for Sequences of Events,journal:Cell Reports [listed],A|D|G
p1639,2018,"Learning to Remember, Forget and Ignore using Attention Control in Memory",arXiv:category-unknown,A|B|G
p1640,2018,Using Multi-task and Transfer Learning to Solve Working Memory Tasks,arXiv:category-unknown,A|B|G
p1641,2010,Temporal context calibrates interval timing,journal:Nature Neuroscience [direct-scan],A
p1642,2018,"The Hippocampus - From Memory, to Map, to Memory Map",journal:Trends in Neurosciences [listed],A|B
p1643,2010,Recognition memory and the hippocampus - A test of the hippocampal contribution to recollection and familiarity,bioRxiv:section-unknown,A|G
p1644,2023,An introduction to reinforcement learning for neuroscience,arXiv:q-bio.NC,A|E|G
p1645,2023,A recurrent network model of planning explains hippocampal replay and human behavior,bioRxiv:section-unknown,A|B|D|G
p1646,2022,Mesolimbic dopamine release conveys causal associations,journal:Science [direct-scan],A|B|G
p1647,2018,Reconciling meta-learning and continual learning with online mixtures of tasks,arXiv:category-unknown,A|B|G
p1648,2017,People learn other people's preferences through inverse decision-making,journal:Cognition [listed],A|G
p1650,2022,Representational dynamics of memories for real-life events,bioRxiv:section-unknown,A|E
p1651,2005,Electrolytic lesions of the dorsal hippocampus disrupt renewal of conditional fear after extinction,bioRxiv:section-unknown,A|B|D
p1652,2007,Hippocampal involvement in contextual modulation of fear extinction,journal:Hippocampus [direct-scan],A|B|D|E
p1653,2023,Face familiarity detection with complex synapses,journal-unknown(10.1016/j.isci),A|B|D|E
p1654,2024,Linking in-context learning in transformers to human episodic memory,arXiv:category-unknown,A|B|C|G
p1655,2025,Discovering cognitive strategies with tiny recurrent neural networks,journal:Nature [direct-scan],A|E|G
p1657,2026,The AI hippocampus - How far are we from human memory,arXiv:category-unknown,A|C|D|E
p1658,2023,Modeling naturalistic face processing in humans with deep convolutional neural networks,journal:Proceedings of the National Academy of Sciences [direct-scan],A|B|D|E|G
p1660,2007,Processing of invisible stimuli - advantage of upright faces and recognizable words in overcoming interocular suppression,"journal:Psychological Science [title-match, score=1.0]",A|D
p1661,2018,Integrated externally and internally generated task predictions jointly guide cognitive control in prefrontal cortex,journal-unknown(10.7554/eLife.),A|B
p1662,2018,Predicting the Generalization Gap in Deep Networks with Margin Distributions,arXiv:category-unknown,A|B|E|G
p1663,2020,Prefrontal reinstatement of contextual task demand is predicted by separable hippocampal patterns,journal:Nature Communications [direct-scan],A|D|G
p1664,2021,Knowledge Distillation from BERT Transformer to Speech Transformer for Intent Classification,arXiv:category-unknown,A|G
p1665,2017,How to Escape Saddle Points Efficiently,arXiv:cs.LG,A|B
p1667,2017,Preparing for what might happen - An episodic specificity induction impacts the generation of alternative future events,journal-unknown(10.1016/j.cogn),A|B|E
p1668,2017,Measuring the tendency of CNNs to Learn Surface Statistical Regularities,arXiv:category-unknown,A|B|G
p1669,2002,Actor-critic models of the basal ganglia - new anatomical and computational perspectives,"journal:Neural Networks [title-match, score=1.0]",A|B|D|E|G
p1670,2024,An enduring role for hippocampal pattern completio ... campal contribution to holistic episodic retrieval after a 24 h delay,journal:The Journal of Neuroscience [listed],A|D
p1671,2003,Medicine. Do defaults save lives,unknown-venue,A|B|G
p1672,2005,Hippocampal replay contributes to within session learning in a temporal difference reinforcement learning model,journal:Neural Networks [listed],A|B|G
p1673,2007,Neural ensembles in CA3 transiently encode paths forward of the animal at a decision point,journal:The Journal of Neuroscience [listed],A|G
p1674,2005,Reconstruction of the postsubiculum head direction signal from neural ensembles,journal:Hippocampus [direct-scan],A|G
p1675,2009,"Recollection, familiarity, and cortical reinstatement - a multivoxel pattern analysis",journal:Neuron [direct-scan],A|D
p1676,2021,Fast and flexible - Human program induction in abstract reasoning tasks,arXiv:category-unknown,A|B|D|G
p1677,2023,Abstract representations emerge naturally in neural networks trained to perform multiple tasks,journal:Nature Communications [direct-scan],A|B|G
p1678,2020,Nonlinear mixed selectivity supports reliable neural computation,journal:PLOS Computational Biology [listed],A|B|D|G
p1679,2023,Semi-orthogonal subspaces for value mediate a tradeoff between binding and generalization,PsyArXiv,A|B|E|G
p1680,2024,Semi-orthogonal subspaces for value mediate a binding and generalization trade-off,journal:Nature Neuroscience [direct-scan],A|B|D|G
p1681,2019,Quantifying performance of machine learning methods for neuroimaging data,journal:NeuroImage [listed],A|E|G
p1682,2017,Could a Neuroscientist Understand a Microprocessor,journal:PLOS Computational Biology [listed],A|B|E
p1683,2011,Bayesian Fundamentalism or Enlightenment - On the ... status and theoretical contributions of Bayesian models of cognition,journal:Behavioral and Brain Sciences [listed],A|B|E|G
p1684,2018,Active Function Learning,bioRxiv:section-unknown,A|B|D|G
p1685,2025,Robust encoding of stimulus-response mapping by neurons in visual cortex,journal:Proceedings of the National Academy of Sciences [direct-scan],A|D
p1686,2018,Superior explicit memory despite severe developmental amnesia - In-depth case study and neural correlates,journal:Hippocampus [direct-scan],A|E|G
p1687,2018,Are you thinking what I'm thinking - Synchronization of resting fMRI time-series across subjects,journal:NeuroImage [listed],A|B|D
p1688,2025,When can model-free reinforcement learning be enough for thinking,arXiv:cs.AI,A|B|C|E|G
p1689,2015,An empirical exploration of recurrent network architectures,arXiv:cs.LG,A|B
p1690,2017,Deep Convolutional Neural Networks Outperform Featu ... But Not Categorical Models in Explaining Object Similarity Judgments,journal:Frontiers in Psychology [listed],A|B|D|G
p1691,2019,"To find better neural network models of human vision, find better neural network models of primate vision",bioRxiv:section-unknown,A|B|G
p1692,2026,Hippocampal engrams configure prefrontal context representations to guide flexible decisions,bioRxiv:section-unknown,A|B|G
p1693,2018,Learning What to Remember - Long-term Episodic Memory Networks for Learning from Streaming Data,arXiv:category-unknown,A|C|D|G
p1694,2010,A neurosemantic theory of concrete noun representation based on the underlying brain codes,journal:PLoS ONE [listed],A|B|E
p1695,2021,Intact context memory performance in adults with autism spectrum disorder,journal:Scientific Reports [direct-scan],A|D|E|G
p1696,2013,Oscillatory activity in the monkey hippocampus during visual exploration and memory formation,journal:Proceedings of the National Academy of Sciences [direct-scan],A|E|G
p1697,2023,Webcam eye tracking close to laboratory standards - Comparing a new webcam-based system and the EyeLink 1000,journal:Behavior Research Methods [listed],A|G
p1698,2015,Striatal and midbrain connectivity with the hippocampus selectively boosts memory for contextual novelty,journal:Hippocampus [direct-scan],A|D|E|G
p1699,2015,The pupillary response discriminates between subjective and objective familiarity and novelty,journal:Psychophysiology [listed],A|D|E|G
p1700,2018,Expectation affects learning and modulates memory experience at retrieval,journal:Cognition [listed],A|G
p1701,2018,How do memory systems detect and respond to novelty,journal:Neuroscience Letters [listed],A|E|G
p1702,2022,In vitro neurons learn and exhibit sentience when embodied in a simulated game-world,journal:Neuron [direct-scan],A|G
p1704,2025,ENCODING DATA FOR AND DECODING DATA FROM IN VITRO NEURON STIMULATION,unknown-venue,A|B|G
p1705,2025,Harnessing intelligence from brain cells in vitro,journal:The Neuroscientist [listed],A|B|D|E
p1707,2012,Foundations of Human Memory,unknown-venue,A|B
p1708,2019,Computational Models of Memory Search,journal-unknown(10.1146/annure),A|B|E
p1709,2008,"Putting Short-Term Memory Into Context - Reply to Usher, Davelaar, Haarmann, and Goshen-Gottstein (2008)",journal-unknown(10.1037/a00137),A|B|D
p1710,2008,"Putting short-term memory into context - Reply to Usher, davelaar, Haarmann, and Goshen-Gottstein (2008) (1)",journal:Psychological Review [listed],A|B|D
p1711,2025,Humans rationally balance detailed and temporally abstract world models,journal:Communications Psychology [direct-scan],A|B|G
p1712,2013,"Intrinsic connectivity between the hippocampus, nucleus accumbens, and ventral tegmental area in humans",journal:Hippocampus [direct-scan],A|D|G
p1713,2018,Network constraints on learnability of probabilistic motor sequences,journal:Nature Human Behaviour [direct-scan],A|G
p1714,2024,Trial-by-trial learning of successor representations in human behavior,bioRxiv:section-unknown,A|B|G
p1715,2025,Network structure influences the strength of learned neural representations,journal:Nature Communications [direct-scan],A|E
p1716,2025,The curious case of dopaminergic prediction errors and learning associative information beyond value,journal:Nature Reviews Neuroscience [direct-scan],A|B|D|G
p1717,2025,A generic non-invasive neuromotor interface for human-computer interaction,journal:Nature [direct-scan],A|B|E|G
p1718,2024,Ten simple rules for establishing an experimental lab,journal:PLOS Computational Biology [listed],A|E|G
p1719,2017,Learning to Remember Rare Events,arXiv:category-unknown,A|B
p1721,2002,A Natural Policy Gradient,unknown-venue,B|E|G
p1722,2020,Rotational dynamics in motor cortex are consistent with a feedback controller,bioRxiv:section-unknown,A|E|G
p1723,2018,Novelty-Sensitive Dopaminergic Neurons in the Human Substantia Nigra Predict Success of Declarative Memory Formation,journal:Current Biology [direct-scan],A
p1724,2005,Decoding the visual and subjective contents of the human brain,journal:Nature Neuroscience [direct-scan],A|B|D
p1725,2017,Deep Generative Dual Memory Network for Continual Learning,arXiv:category-unknown,A|B|G
p1726,2007,"Working memory, attention control, and the N-back task - a question of construct validity","journal:Journal of Experimental Psychology: Learning, Memory, and Cognition [title-match, score=1.0]",A
p1728,2021,Proactive and reactive metacontrol in task switching,journal:Memory &amp; Cognition [listed],A|D
p1729,2023,Deep Neural Networks Tend To Extrapolate Predictably,arXiv:category-unknown,A|B|G
p1730,2017,Schema Networks - Zero-shot Transfer with a Generative Causal Model of Intuitive Physics,arXiv:category-unknown,A|B|G
p1731,2019,Entorhinal transformations in abstract frames of reference,journal:PLOS Biology [listed],A|B|G
p1732,2018,Recurrent Experience Replay in Distributed Reinforcement Learning,arXiv:category-unknown,A|B|G
p1733,2019,Evidence that recurrent circuits are critical to the ventral stream's execution of core object recognition behavior (1),journal:Nature Neuroscience [direct-scan],A
p1734,2019,Evidence that recurrent circuits are critical to the ventral stream's execution of core object recognition behavior,bioRxiv:section-unknown,A|E|G
p1735,2025,Free recall is shaped by inference and scaffolded by event structure,journal:Communications Psychology [direct-scan],A|E|G
p1736,2026,Predictive abstract task representations support few-shot learning in the rat brain,bioRxiv:section-unknown,A|B|G
p1737,2009,Awake replay of remote experiences in the hippocampus,journal:Nature Neuroscience [direct-scan],A|G
p1738,2015,Visualizing and Understanding Recurrent Networks,arXiv:category-unknown,A|B|C|E|G
p1739,2008,The critical importance of retrieval for learning,journal:Science [direct-scan],A|G
p1740,2020,Dense Passage Retrieval for Open-Domain Question Answering,arXiv:category-unknown,A|G
p1741,2018,Computational Neuroscience - Mathematical and Statistical Perspectives,arXiv:category-unknown,A|D
p1742,2017,Memory Retrieval from First Principles,journal:Neuron [direct-scan],A|B|D|E
p1743,2014,Cortical activity in the null space - permitting preparation without movement,journal-unknown(10.1038/nn.364),A
p1744,2022,The implications of categorical and category-free mixed selectivity on representational geometries,journal:Current Opinion in Neurobiology [direct-scan],A
p1745,2010,Inter-subject correlation of brain hemodynamic responses during watching a movie - localization in space and frequency,journal:Frontiers in Neuroinformatics [listed],A|B|D|E|G
p1746,2007,Iterated learning - intergenerational knowledge transmission reveals inductive biases,"journal:Psychonomic Bulletin &amp; Review [title-match, score=1.0]",A|B|E|G
p1747,2016,Deep Learning without Poor Local Minima,arXiv:stat.ML,B
p1748,2018,Principles for models of neural information processing,journal:NeuroImage [listed],A|B|G
p1749,2019,Three brain states in the hippocampus and cortex,journal:Hippocampus [direct-scan],A|B|E|G
p1750,2009,I can see what you see,unknown-venue,A|G
p1751,2008,Identifying natural images from human brain activity,journal:Nature [direct-scan],A|G
p1752,2020,Constant Sub-second Cycling between Representations of Possible Futures in the Hippocampus,journal:Cell [direct-scan],A|B|E|G
p1753,2024,Emergent neural dynamics and geometry for generalization in a transitive inference task,journal:PLOS Computational Biology [listed],A|B|E
p1754,2018,Revisiting the Hierarchical Multiscale LSTM,arXiv:category-unknown,A|B|D|E|G
p1755,2002,"Replay, Repair and Consolidation",unknown-venue,A
p1756,2004,Off-line replay maintains declarative memories in a model of hippocampal-neocortical interactions,journal:Nature Neuroscience [direct-scan],A|B|G
p1757,2017,Environmental Geometry Aligns the Hippocampal Map during Spatial Reorientation,journal:Current Biology [direct-scan],A|G
p1758,2017,Environmental deformations dynamically shift the spatial metric of the brain,bioRxiv:section-unknown,A|G
p1759,2022,The representation of context in mouse hippocampus is preserved despite neural drift,journal:Nature Communications [direct-scan],A|G
p1760,2022,On the computational complexity of self-attention,arXiv:cs.LG,A|B|C
p1761,2018,"A Task-Optimized Neural Network Replicates Human Audi ... Predicts Brain Responses, and Reveals a Cortical Processing Hierarchy",journal:Neuron [direct-scan],A|B|G
p1762,2008,The discovery of structural form,unknown-venue,A|B|E
p1763,2007,Learning overhypotheses with hierarchical Bayesian models,journal:Developmental Science [listed],A|B
p1764,2017,What Uncertainties Do We Need in Bayesian Deep Learning for Computer Vision,arXiv:category-unknown,A|B|E|G
p1765,2019,Everything Matters - The ReproNim Perspective on Reproducible Neuroimaging,journal:Frontiers in Neuroinformatics [listed],A|B
p1766,2016,"The representational-hierarchical view of pattern separation - Not just hippocampus, not just space, not just memory",journal:Neurobiology of Learning and Memory [listed],A|B|E
p1767,2012,A computational framework for the study of confidence in humans and animals,journal:Philosophical Transactions of the Royal Society B: Biological Sciences [listed],A|E|G
p1768,2016,Adaptive integration of habits into depth-limited planning defines a habitual-goal-directed spectrum,journal:Proceedings of the National Academy of Sciences [direct-scan],A|G
p1769,2026,FASTIMAGES - Validating replay detection methods in human Neuroimaging using a combined MEG and fMRI dataset,bioRxiv:section-unknown,A|G
p1770,2025,Hippocampal ripples initiate cortical dimensionality expansion for memory retrieval,bioRxiv:section-unknown,A|D|G
p1771,2025,Exploring the role of dimensionality transformation in episodic memory,journal:Trends in Cognitive Sciences [direct-scan],A
p1772,2018,No intrinsic gender differences in children's earliest numerical abilities,journal:npj Science of Learning [listed],E|G
p1773,2003,Bayesian models of object perception,journal-unknown(10.1016/S0959-),A|B|D|G
p1774,2016,On Large-Batch Training for Deep Learning - Generalization Gap and Sharp Minima,arXiv:category-unknown,A|B|E|G
p1775,2013,Theta coordinated error-driven learning in the hippocampus,journal-unknown(10.1371/journa),A|B|D|G
p1776,2018,Narrative construction is intact in episodic amnesia,journal:Neuropsychologia [listed],A
p1777,2014,"Deep supervised, but not unsupervised, models may explain IT cortical representation",journal:PLoS Computational Biology [listed],A|B|D|G
p1778,2017,Fixed versus mixed RSA - Explaining visual ... xed and mixed feature sets from shallow and deep computational models,journal:Journal of Mathematical Psychology [listed],A|B|D|E|G
p1779,2018,"Sharp Nearby, Fuzzy Far Away - How Neural Language Models Use Context",arXiv:category-unknown,A|C
p1780,2015,Probability matching via deterministic neural networks,arXiv:category-unknown,A|B|E|G
p1781,2020,Towards Continual Reinforcement Learning - A Review and Perspectives,arXiv:category-unknown,A|B|E|G
p1782,2018,A La Carte Embedding - Cheap but Effective Induction of Semantic Feature Vectors,arXiv:category-unknown,A|C|D|E|G
p1783,2022,Attractor and integrator networks in the brain,journal:Nature Reviews Neuroscience [direct-scan],B|E|G
p1784,2021,Cortical response to naturalistic stimuli is largely predictable with deep neural networks,journal:Science Advances [listed],A|B|G
p1785,2009,Representation of confidence associated with a decision by neurons in the parietal cortex,journal:Science [direct-scan],A|G
p1786,2007,Object category structure in response patterns of neuronal population in monkey inferior temporal cortex,journal-unknown(10.1152/jn.000),A|B|G
p1787,2021,Dynabench - Rethinking Benchmarking in NLP,arXiv:category-unknown,G
p1788,2016,Extensive training leads to temporal and spatial shifts of cortical activity underlying visual category selectivity,journal:NeuroImage [listed],A|B
p1789,2017,Deep Neural Networks in Computational Neuroscience,bioRxiv:section-unknown,A|B|G
p1790,2019,Recurrence is required to capture the representational dynamics of the human visual system (1),journal:Proceedings of the National Academy of Sciences [direct-scan],A|B|G
p1791,2019,Recurrence is required to capture the representational dynamics of the human visual system,bioRxiv:section-unknown,A|B|G
p1792,2024,A transient high-dimensional geometry affords stable conjunctive subspaces for efficient action selection,journal:Nature Communications [direct-scan],A|B|C|G
p1793,2014,Pruning of memories by context-based prediction error,journal:Proceedings of the National Academy of Sciences [direct-scan],A|E|G
p1794,2017,Interpretability Beyond Feature Attribution - Quantitative Testing with Concept Activation Vectors (TCAV),arXiv:category-unknown,A|B|D
p1795,2017,Neural Differentiation of Incorrectly Predicted Memories,journal:The Journal of Neuroscience [listed],A|B|D
p1796,2018,Memorization Precedes Generation - Learning Unsupervised GANs with Memory Networks,arXiv:category-unknown,A|B|C|E
p1797,2019,Automatic scoring of semantic fluency,journal:Frontiers in Psychology [listed],A|B|G
p1798,2020,Changes to information in working memory depend on distinct removal operations,journal:Nature Communications [direct-scan],A|B
p1799,2020,Predictability Changes What We Remember in Familiar Temporal Contexts (1),journal:Journal of Cognitive Neuroscience [listed],A|D|G
p1800,2020,Predictability Changes What We Remember in Familiar Temporal Contexts,journal-unknown(10.1162/jocn_a),A|D|G
p1801,2021,Teaching recurrent neural networks to infer global temporal structure from local examples,journal:Nature Machine Intelligence [direct-scan],A|B|D|G
p1802,2025,Complementary roles of the human perirhinal and entorhinal cortex in the hippocampal retrieval of episodic memory,journal:iScience [listed],A|E|G
p1803,2014,Characterizing the dynamics of mental representations - the temporal generalization method,journal:Trends in Cognitive Sciences [direct-scan],A|B|E|G
p1804,2014,Adam - A Method for Stochastic Optimization,arXiv:category-unknown,B|E
p1808,2017,Brain-to-Brain Synchrony during Naturalistic Social Interactions,journal:Scientific Reports [direct-scan],A
p1809,2014,Iterated learning and the evolution of language,journal:Current Opinion in Neurobiology [direct-scan],A|B|D
p1810,2017,Overcoming catastrophic forgetting in neural networks,journal:Proceedings of the National Academy of Sciences [direct-scan],A|B|G
p1813,2017,Self-Normalizing Neural Networks,arXiv:category-unknown,A|B|E
p1814,2011,Statistical analyses support power law distributions found in neuronal avalanches,journal-unknown(10.1371/journa),A|B
p1816,2017,Neural system identification for large populations ... - textquotedblright and - textquotedblleft where - textquotedblright,arXiv:category-unknown,A|B
p1817,2015,Remote semantic memory is impoverished in hippocampal amnesia,journal-unknown(10.1016/j.neur),A|D|E|G
p1819,2018,Learning Latent Subspaces in Variational Autoencoders,arXiv:category-unknown,A|D
p1820,2018,Mapping the Dark Side - Visual Selectivity of Default Network Deactivations,bioRxiv:section-unknown,A|B|E|G
p1821,2025,NSD-Imagery - A Benchmark Dataset for Extending fMRI Vision Decoding Methods to Mental Imagery,arXiv:category-unknown,A|B|G
p1822,2015,The hippocampus,journal-unknown(10.1371/journa),A
p1823,2022,Memory and Reward-Based Learning - A Value-Directed Remembering Perspective,journal-unknown(10.1146/annure),A|G
p1824,2021,Hippocampal neurons construct a map of an abstract value space,journal:Cell [direct-scan],A|B|D|G
p1826,2016,Demixed principal component analysis of neural population data,journal-unknown(10.7554/eLife.),A|B|D|G
p1827,2021,The self in context - brain systems linking mental and physical health,journal:Nature Reviews Neuroscience [direct-scan],A|E|G
p1828,2020,Has 'erasing' made things clearer - Commentary on ... model of task switching effects - Erasing the homunculus from memory',journal:Journal of Cognition [listed],A|G
p1829,2020,Neural Patterns are More Similar across Individuals during Successful Memory Encoding than during Failed Memory Encoding,journal:Cerebral Cortex [direct-scan],A|D
p1830,2017,The NarrativeQA Reading Comprehension Challenge,arXiv:category-unknown,A
p1831,2013,Essentials of the self-organizing map,journal:Neural Networks [listed],A
p1832,2018,Associative Prediction of Visual Shape in the Hippocampus,journal:The Journal of Neuroscience [listed],A|E
p1833,2019,Content-based dissociation of hippocampal involvement in prediction,bioRxiv:section-unknown,A|E
p1835,2023,Hippocampal neurons code individual episodic memories in humans,journal:Nature Human Behaviour [direct-scan],A|D|E
p1836,2025,On the origin of memory neurons in the human hippocampus,journal:Trends in Cognitive Sciences [direct-scan],A
p1837,2025,Large language models as model organisms for human associative learning (1),arXiv:category-unknown,A|B|C|D
p1838,2025,Large language models as model organisms for human associative learning,arXiv:category-unknown,A|B|C|D
p1839,2007,Normative Representation of Objects - Evidence for an Ecological Bias in Object Perception and Memory,unknown-venue,A|D
p1840,2010,Conceptual distinctiveness supports detailed visual long-term memory for real-world objects (1),journal-unknown(10.1037/a00191),A|D|G
p1841,2010,Conceptual distinctiveness supports detailed visual long-term memory for real-world objects,journal-unknown(10.1037/a00191),A|D|G
p1842,2010,Scene memory is more detailed than you think - the role of categories in visual long-term memory,journal:Psychological Science [direct-scan],A|D|E|G
p1843,2021,Real-time dialogue between experimenters and dreamers during REM sleep,journal:Current Biology [direct-scan],A
p1844,2018,Neurocomputational Dynamics of Sequence Learning,journal:Neuron [direct-scan],A|B|G
p1845,2018,Mental labour,journal:Nature Human Behaviour [direct-scan],A|D|G
p1846,2016,When Does Model-Based Control Pay Off,journal:PLOS Computational Biology [listed],A|B|G
p1847,2019,The Hippocampus and Neocortical Inhibitory Engrams Protect against Memory Interference,journal:Neuron [direct-scan],A|G
p1848,2016,Ten simple rules for structuring papers,bioRxiv:section-unknown,B|E
p1849,2018,Do Better ImageNet Models Transfer Better,arXiv:category-unknown,A|B|D|G
p1850,2019,Similarity of Neural Network Representations Revisited,arXiv:category-unknown,B
p1851,2019,Stacked Capsule Autoencoders,arXiv:category-unknown,A|D|E
p1852,2024,Dissociable contributions of the medial parietal cortex to recognition memory,journal:The Journal of Neuroscience [listed],A|D|G
p1853,2018,Big-Loop Recurrence within the Hippocampal System Supports Integration of Information across Episodes (1),journal:Neuron [direct-scan],A
p1854,2018,Big-Loop Recurrence within the Hippocampal System Supports Integration of Information across Episodes (2),journal:Neuron [direct-scan],A
p1855,2018,Big-Loop Recurrence within the Hippocampal System Supports Integration of Information across Episodes,journal:Neuron [direct-scan],A
p1856,2025,Memory loves company - Related object pairs benefit visual working memory,unknown-venue,A|D|G
p1857,2019,AHA! an 'Artificial Hippocampal Algorithm' for Episodic Machine Learning,arXiv:category-unknown,A|B|G
p1858,2005,Novelty responses to relational and non-relational ... the parahippocampal region - a comparison based on event-related fMRI,journal:Hippocampus [direct-scan],A
p1859,2017,Similar patterns of neural activity predict memory function during encoding and retrieval,journal-unknown(10.1016/j.neur),A|G
p1860,2014,Experimental evidence of massive-scale emotional contagion through social networks,journal:Proceedings of the National Academy of Sciences [direct-scan],A|G
p1861,2023,The features underlying the memorability of objects,PsyArXiv,A|B|D|E|G
p1863,2009,"Relating population-code representations between man, monkey, and computational models",journal:Frontiers in Neuroscience [listed],A|B
p1865,2007,Combining the tools - activation-and information-based fMRI analysis,journal:NeuroImage [listed],A
p1866,2018,Cognitive computational neuroscience,journal:Nature Reviews Neuroscience [direct-scan],A|G
p1867,2019,Interpreting encoding and decoding models,journal-unknown(10.1016/j.conb),A|B|D|G
p1868,2013,"Representational geometry - integrating cognition, computation, and the brain",journal:Trends in Cognitive Sciences [direct-scan],A|B
p1869,2016,Grid Cells for Conceptual Spaces,journal:Neuron [direct-scan],A|E|G
p1870,2006,Information-based functional brain mapping (1),unknown-venue,A|E
p1871,2006,Information-based functional brain mapping,unknown-venue,A|E
p1872,2007,Individual faces elicit distinct response patterns in human anterior temporal cortex,"journal:Proceedings of the National Academy of Sciences [title-match, score=1.0]",A|E|G
p1873,2008,Matching categorical object representations in inferior temporal cortex of man and monkey,journal:Neuron [direct-scan],A
p1874,2008,Representational similarity analysis - connecting the branches of systems neuroscience,journal:Frontiers in Systems Neuroscience [listed],A|B
p1875,2009,Circular analysis in systems neuroscience - the dangers of double dipping,journal:Nature Neuroscience [direct-scan],A|G
p1876,2017,Dense-Captioning Events in Videos,arXiv:category-unknown,A|E|G
p1877,2022,Socially situated artificial intelligence enables learning from human interaction,journal-unknown(10.1073/pnas.),A|B|G
p1878,2020,Theory of gating in recurrent neural networks,arXiv:category-unknown,A|B|E
p1880,2021,Hierarchical Associative Memory,arXiv:category-unknown,A|B|D|E|G
p1881,2019,Unsupervised learning by competing hidden units,arXiv:category-unknown,A|B|D|E|G
p1882,2018,Bayesian data analysis for newcomers,journal:Psychonomic Bulletin &amp; Review [direct-scan],A|E
p1883,2018,"The Bayesian New Statistics - Hypothesis tes ... mation, meta-analysis, and power analysis from a Bayesian perspective",journal:Psychonomic Bulletin &amp; Review [direct-scan],A
p1884,2019,"Eight-year-olds, but not six-year-olds, perform just as well as adults when playing Concentration - Resolving the enigma",journal:Consciousness and Cognition [listed],A
p1886,2019,Is hippocampal remapping the physiological basis for context,journal:Hippocampus [direct-scan],A|E|G
p1887,2015,Brain-decoding fMRI reveals how wholes relate to the sum of parts,journal:Cortex [listed],A|E|G
p1888,2016,Deep Neural Networks as a Computational Model for Human Shape Sensitivity,journal:PLOS Computational Biology [listed],A|B|D
p1889,2018,CORnet - Modeling the Neural Mechanisms of Core Object Recognition,bioRxiv:section-unknown,A|B|G
p1890,2019,Implicit Regularization in Over-parameterized Neural Networks,arXiv:category-unknown,A|B|G
p1891,2022,Biological underpinnings for lifelong learning machines,journal:Nature Machine Intelligence [direct-scan],A|E
p1892,2019,Explaining Landscape Connectivity of Low-cost Solutions for Multilayer Nets,arXiv:category-unknown,A|B|D|E|G
p1893,2004,Early language acquisition - cracking the speech code,journal:Nature Reviews Neuroscience [direct-scan],A|B|G
p1894,2014,Successful remembering elicits event-specific activity patterns in lateral parietal cortex,journal:Journal of Neuroscience [listed],A|B
p1895,2007,Decreased demands on cognitive control reveal the neural processing benefits of forgetting,journal:Nature Neuroscience [direct-scan],A|G
p1896,2010,Resistance to forgetting associated with hippocampus-mediated reactivation during new learning,journal:Nature Neuroscience [direct-scan],A
p1897,2011,Fidelity of neural reactivation reveals competition between memories,journal:Proceedings of the National Academy of Sciences [direct-scan],A|D
p1898,2012,Multi-voxel patterns of visual category representation during episodic encoding are predictive of subsequent memory,journal:Neuropsychologia [listed],A|B|D
p1899,2024,The massed-spaced learning effect in non-neural human cells,journal:Nature Communications [direct-scan],A|B|D
p1900,2016,Deep Successor Reinforcement Learning,arXiv:category-unknown,A|B|E|G
p1901,2026,Pretraining recurrent networks without recurrence,arXiv:cs.LG,A|B
p1902,2015,Ask Me Anything - Dynamic Memory Networks for Natural Language Processing,arXiv:category-unknown,A|B|C
p1903,2020,BrainIAK tutorials - User-friendly learning materials for advanced fMRI analysis,journal:PLOS Computational Biology [listed],A|B|D|E|G
p1904,2020,Meta-Learning of Structured Task Distributions in Humans and Machines,arXiv:category-unknown,A|B|E|G
p1906,2022,Bayesian Surprise Predicts Human Event Segmentation in Story Listening,arXiv:category-unknown,A|B|E|G
p1907,2022,Reconstructing the cascade of language processing in ... using the internal computations of a transformer-based language model,bioRxiv:section-unknown,A|B|C|D
p1908,2023,Bayesian surprise predicts human event segmentation in story listening,journal:Cognitive Science [direct-scan],A|B|E|G
p1909,2024,Shared functional specialization in transformer-based language models and the human brain,journal:Nature Communications [direct-scan],A|B|C|D
p1910,2025,Neurocomputational underpinnings of suboptimal beliefs in recurrent neural network-based agents,bioRxiv:section-unknown,A|E|G
p1911,2025,Sensory compression as a unifying principle for action chunking and time coding in the brain,bioRxiv:section-unknown,A|G
p1912,2006,An unexpected sequence of events - mismatch detection in the human hippocampus (1),journal-unknown(10.1371/journa),A|G
p1913,2006,An unexpected sequence of events - mismatch detection in the human hippocampus,journal-unknown(10.1371/journa),A|G
p1914,2007,Match mismatch processes underlie human hippocampal responses to associative novelty,journal-unknown(10.1523/JNEURO),A|G
p1915,2007,Match–Mismatch Processes Underlie Human Hippocampal Responses to Associative Novelty,journal:The Journal of Neuroscience [listed],A|G
p1916,2012,Generalization through the recurrent interaction of episodic memories - a model of the hippocampal system,journal:Psychological Review [listed],A|B|E|G
p1917,2012,The emergence and representation of knowledge about social and nonsocial hierarchies,journal:Neuron [direct-scan],A|B|D|G
p1918,2016,What Learning Systems do Intelligent Agents Need - Complementary Learning Systems Theory Updated,journal:Trends in Cognitive Sciences [direct-scan],A|B|G
p1919,2025,Inner speech in motor cortex and implications for speech neuroprostheses,journal:Cell [direct-scan],A
p1920,2008,Segmentation in the perception and memory of events,journal:Trends in Cognitive Sciences [direct-scan],A|B|D|E
p1921,2009,Perceptual Predictions Break Down at Event Boundaries,unknown-venue,A|E
p1922,2012,Starting from scratch and building brick by brick in comprehension,journal-unknown(10.3758/s13421),A|E
p1924,2013,Hippocampal contributions to language - evidence of referential processing deficits in amnesia,journal-unknown(10.1037/a00340),A|B|D|E
p1925,2015,Differential contributions of hippocampus and medial prefrontal cortex to self-projection and self-referential processing,journal-unknown(10.1016/j.neur),A|E|G
p1926,2024,Neuronal travelling waves explain rotational dynamics in experimental datasets and modelling,journal:Scientific Reports [direct-scan],A
p1927,2018,Activations of deep convolutional neural networks are aligned with gamma band activity of human visual cortex,journal:Communications Biology [direct-scan],A|B
p1928,2015,"Immediate memory for 'when, where and what' - S ... ralistic material - Neural Correlates of Immediate Episodic Retrieval",journal:Human Brain Mapping [listed],A|D
p1929,2019,Mnemonic introspection in macaques is dependent on superior dorsolateral prefrontal cortex but not orbitofrontal cortex,journal:The Journal of Neuroscience [listed],A|E|G
p1930,2025,Coordinated representations for naturalistic memory encoding and retrieval in hippocampal neural subspaces,journal:Nature Communications [direct-scan],A|B|D|E|G
p1931,2013,Global similarity and pattern separation in the human medial temporal lobe predict subsequent memory,journal:The Journal of Neuroscience [listed],A|B|D
p1932,2019,Perspective Taking in Deep Reinforcement Learning Agents,arXiv:cs.AI,A|B|G
p1933,2016,Random projections of random manifolds,arXiv:stat.ML,A|B
p1934,2013,Robust timing and motor patterns by taming chaos in recurrent neural networks,journal:Nature Neuroscience [direct-scan],B|G
p1935,2019,Compositional generalization through meta sequence-to-sequence learning,unknown-venue,A|B
p1936,2017,Generalization without systematicity - On the compositional skills of sequence-to-sequence recurrent networks,arXiv:category-unknown,A|B|G
p1937,2023,Human-like systematic generalization through a meta-learning neural network,journal:Nature [direct-scan],A|B
p1938,2020,Word meaning in minds and machines,arXiv:cs.CL,A|B|E|G
p1939,2019,People infer recursive visual concepts from just a few examples,arXiv:category-unknown,A|B
p1940,2015,Human-level concept learning through probabilistic program induction,journal:Science [direct-scan],A|B|G
p1941,2016,The Emergence of Organizing Structure in Conceptual Representation,arXiv:cs.LG,A|D|E
p1942,2017,Building machines that learn and think like people,journal:Behavioral and Brain Sciences [listed],A|B|G
p1943,2017,Lake et al. - 2017 - Building machines that learn and think like people,journal:Behavioral and Brain Sciences [listed],A|B|G
p1944,2016,Simple and Scalable Predictive Uncertainty Estimation using Deep Ensembles,arXiv:category-unknown,A|B|E|G
p1945,2020,The Fallacy of an Airtight Alibi - Understanding Human Memory for Where Using Experience Sampling,unknown-venue,A|E|G
p1946,2022,Aging shifts the relative contributions of episodic and semantic memory to decision-making,journal:Psychology and Aging [listed],A|G
p1947,2012,Semantic memory is impaired in patients with unilateral anterior temporal lobe resection for temporal lobe epilepsy,journal:Brain [listed],A|G
p1948,2020,Transforming task representations to perform novel tasks,arXiv:category-unknown,A|B|G
p1949,2021,Towards mental time travel - a hierarchical memory for reinforcement learning agents,arXiv:category-unknown,A|B|C|G
p1950,2024,"Learned feature representations are biased by complexity, learning order, position, and more",bioRxiv:section-unknown,A|B|D|G
p1951,2025,Latent learning - episodic memory complements parametric learning by enabling flexible reuse of experiences,arXiv:category-unknown,A|B|C|D
p1952,2019,Deep Learning for Symbolic Mathematics,arXiv:category-unknown,A|B|E|G
p1953,2017,Unsupervised Machine Translation Using Monolingual Corpora Only,arXiv:category-unknown,B|G
p1954,2019,Large Memory Layers with Product Keys,arXiv:category-unknown,A|B|G
p1955,2025,Finding order in chaos - influences of environmental complexity and predictability on development,journal:Trends in Cognitive Sciences [direct-scan],A|B|D|E|G
p1957,2025,Latent circuit inference from heterogeneous neural responses during cognitive tasks,journal:Nature Neuroscience [direct-scan],A|D|G
p1958,2023,A unifying perspective on neural manifolds and circuits for cognition,journal:Nature Reviews Neuroscience [direct-scan],A|D|E|G
p1959,2019,Towards learning-to-learn,journal:Current Opinion in Behavioral Sciences [direct-scan],A|B|E|G
p1960,2015,The Role of Prefrontal Cortex in Working Memory - A Mini Review,journal:Frontiers in Systems Neuroscience [listed],A|E
p1961,2018,Different population dynamics in the supplementary motor area and motor cortex during reaching,journal:Nature Communications [direct-scan],A|D
p1962,2026,A comprehensive framework for statistical testing of brain dynamics,journal:Nature Protocols [listed],A|B|D
p1963,2015,NEURONAL MODELING. Single-trial spike trains in parietal cortex reveal discrete steps during decision-making,journal:Science [direct-scan],A|B|E|G
p1965,2000,The theory of everything,unknown-venue,A|B|E
p1966,2000,Hippocampal-neocortical interaction - a hierarchy of associativity,"journal:Hippocampus [title-match, score=1.0]",A|B|G
p1968,2018,Emergence of Linguistic Communication from Referential Games with Symbolic and Pixel Input,arXiv:category-unknown,A|B|G
p1969,2025,Hippocampal damage disrupts the latent decision-making processes underlying approach-avoidance conflict processing in humans,journal:PLOS Biology [listed],A|B|G
p1970,2019,Learning to Remember More with Less Memorization,arXiv:category-unknown,A|B|G
p1971,2021,Brain2Pix - Fully convolutional naturalistic video reconstruction from brain activity,bioRxiv:section-unknown,A|B
p1972,2015,Deep learning,journal:Nature [direct-scan],A|B|D|E
p1973,2024,H-ARC - A robust estimate of human performance on the Abstraction and Reasoning Corpus benchmark,arXiv:category-unknown,A|B|C|G
p1975,2019,Development of a mnemonic discrimination task using n ... timuli with applications to aging and preclinical Alzheimer's disease,bioRxiv:section-unknown,A|E|G
p1976,2020,Towards falsifiable interpretability research,arXiv:category-unknown,A|D|E|G
p1977,2022,Predicting memory from the network structure of naturalistic events,journal:Nature Communications [direct-scan],A|E
p1978,2001,Algorithms for Non-negative Matrix Factorization,unknown-venue,A|B
p1979,2014,Deeply-Supervised Nets,arXiv:category-unknown,B|D|E|G
p1980,2015,Neural computations mediating one-shot learning in the human brain,journal:PLOS Biology [listed],A|B
p1981,2016,Gradient Descent Converges to Minimizers,arXiv:stat.ML,B|E
p1982,2019,"The statistical structure of the hippocampal code for space as a function of time, context, and value",bioRxiv:section-unknown,A|D|G
p1983,2020,A Neural Dirichlet Process Mixture Model for Task-Free Continual Learning,arXiv:category-unknown,A|B|E
p1984,2020,Anticipation of temporally structured events in the brain,bioRxiv:section-unknown,A|B|E|G
p1985,2020,What can narratives tell us about the neural bases of human memory,bioRxiv:section-unknown,A|B|E
p1986,2024,A core set of neural states underlying memory reactivation of naturalistic events in the posterior medial cortex,bioRxiv:section-unknown,A|B|D
p1987,2024,A feature-specific prediction error model explains dopaminergic heterogeneity,journal:Nature Neuroscience [direct-scan],A|B|G
p1988,2025,ESSENTIAL - Episodic and semantic memory integrAtion for video class-incremental learning,arXiv:category-unknown,A|B|D|G
p1989,2025,Cognitive computational model reveals repetition bias in a sequential decision-making task,journal:Communications Psychology [direct-scan],A|B|E|G
p1990,2009,A specific role of the human hippocampus in recall of temporal sequences,journal:The Journal of Neuroscience [listed],A|E|G
p1991,2015,Approximate Hubel-Wiesel Modules and the Data Structures of Neural Computation,arXiv:category-unknown,A|B
p1992,2018,Psychlab - A Psychology Laboratory for Deep Reinforcement Learning Agents,arXiv:cs.AI,A|E|G
p1994,2022,Aging is associated with maladaptive episodic memory-guided social decision-making,journal-unknown(10.1073/pnas.),A|G
p1995,2014,Understanding image representations by measuring their equivariance and equivalence,arXiv:category-unknown,A
p1996,2007,Hippocampal contributions to control - the third way,unknown-venue,A|B|E|G
p1997,2007,"Uncertainty, phase and oscillatory hippocampal recall","journal:Advances in Neural Information Processing Systems 19 [title-match, score=1.0]",A|B
p1998,2000,Prefrontal cortex and episodic memory retrieval mode,unknown-venue,A|D
p1999,2023,Break It Down - Evidence for Structural Compositionality in Neural Networks,arXiv:category-unknown,A|B|E|G
p2000,2011,Topographic mapping of a hierarchy of temporal receptive windows using a narrated story,journal:The Journal of Neuroscience [listed],A|B|E
p2001,2023,Integration of event experiences to build relational knowledge in the human brain,journal:Cerebral Cortex [direct-scan],A
p2002,2021,The Power of Scale for Parameter-Efficient Prompt Tuning,"journal:Proceedings of the 2021 Conference on Empirical Methods in Natural Language Processing [title-match, score=1.0]",E|G
p2003,2007,"Pattern separation, pattern completion, and new neuronal codes within a continuous CA3 map",bioRxiv:section-unknown,A|B|D
p2004,2005,Independent codes for spatial and episodic memory in hippocampal neuronal ensembles,journal:Science [direct-scan],A
p2005,2015,Pigeons (Columba livia) as Trainable Observers of Pathology and Radiology Breast Cancer Images,journal:PLOS ONE [listed],A|B|D|G
p2006,2023,On the role of theory and modeling in neuroscience,journal:The Journal of Neuroscience [listed],B|E
p2007,2024,Sequential predictive learning is a unifying theory for hippocampal representation and replay,bioRxiv:section-unknown,A|B|E|G
p2008,2019,The influence of episodic memory decline on value-based choice,journal-unknown(10.1080/138255),A|E|G
p2009,2002,Aging and autobiographical memory - dissociating episodic from semantic retrieval,journal:Psychology and Aging [listed],A|E
p2011,2020,"Offline Reinforcement Learning - Tutorial, Review, and Perspectives on Open Problems",arXiv:category-unknown,B|E|G
p2012,2008,Expectation-based syntactic comprehension,journal:Cognition [listed],A|B
p2013,2002,Inhibitory processes and the control of memory retrieval,"journal:Trends in Cognitive Sciences [title-match, score=1.0]",A|D|E|G
p2014,2019,How Targeted Memory Reactivation Promotes the Selective Strengthening of Memories in Sleep,journal:Current Biology [direct-scan],A|E|G
p2015,2011,Overlapping memory replay during sleep builds cognitive schemata,journal:Trends in Cognitive Sciences [direct-scan],A|D
p2016,2014,Computational rationality - linking mechanism and behavior through bounded utility maximization,journal:Topics in Cognitive Science [listed],A|B|G
p2017,2018,How Memory Replay in Sleep Boosts Creative Problem-Solving,journal:Trends in Cognitive Sciences [direct-scan],A|E
p2018,2020,Retrieval-Augmented Generation for Knowledge-Intensive NLP Tasks,arXiv:category-unknown,A|C|G
p2019,2014,Competition between items in working memory leads to forgetting,journal:Nature Communications [direct-scan],A|G
p2020,2016,Neural evidence of the strategic choice between working memory and episodic memory in prospective remembering,journal:Neuropsychologia [listed],A|G
p2021,2016,Learning without Forgetting,arXiv:category-unknown,A|B|D|G
p2022,2017,Convergence Analysis of Two-layer Neural Networks with ReLU Activation,arXiv:category-unknown,A|B|G
p2024,2015,Convergent Learning - Do different neural networks learn the same representations (1),arXiv:category-unknown,A|B|D
p2025,2015,Convergent Learning - Do different neural networks learn the same representations,arXiv:category-unknown,A|B|D
p2026,2017,Algorithmic Regularization in Over-parameterized Matrix Sensing and Neural Networks with Quadratic Activations,arXiv:cs.LG,B|G
p2027,2017,Visualizing the Loss Landscape of Neural Nets,arXiv:cs.LG,B|G
p2029,2018,Measuring the Intrinsic Dimension of Objective Landscapes,arXiv:category-unknown,A|B|G
p2030,2019,Intersubject MVPD - Empirical comparison of fMRI denoising methods for connectivity analysis,journal-unknown(10.1371/journa),A|B|D|E
p2031,2019,Learning From Brains How to Regularize Machines,arXiv:category-unknown,A|B|D|G
p2032,2020,Cortical processing of reference in language revealed by computational models,bioRxiv:section-unknown,A|D
p2033,2022,GPT-D - Inducing dementia-related linguistic anomalies by deliberate degradation of artificial neural language models (1),arXiv:cs.CL,A|B|C|E|G
p2034,2022,GPT-D - Inducing dementia-related linguistic anomalies by deliberate degradation of artificial neural language models,arXiv:cs.CL,A|B|C|E|G
p2035,2024,EEG decoders track memory dynamics,journal:Nature Communications [direct-scan],A|D|G
p2036,2024,Multi-talker speech comprehension at different temporal scales in listeners with normal and impaired hearing,arXiv:category-unknown,A|B|E
p2037,2024,Semantic composition in experimental and naturalistic paradigms,journal:Imaging Neuroscience [listed],A|D|E
p2038,2024,Too big to fail - Larger language models are disproportionately resilient to induction of dementia-related linguistic anomalies,"journal:Findings of the Association for Computational Linguistics ACL 2024 [title-match, score=1.0]",A|C
p2039,2025,A neural network model of free recall learns multiple memory strategies (1),bioRxiv:section-unknown,A|B|E|G
p2040,2025,A neural network model of free recall learns multiple memory strategies,bioRxiv:section-unknown,A|B|E|G
p2042,2025,Does object binding naturally emerge in large pretrained Vision Transformers,arXiv:category-unknown,A|B|C|D|E|G
p2043,2025,Hierarchical event segmentation of episodic memory in virtual reality,journal:npj Science of Learning [listed],A|B|E|G
p2044,2025,Naturalistic fMRI and MEG recordings during viewing of a reality TV show,journal:Scientific Data [direct-scan],A|D|E|G
p2045,2025,Similar trajectories of psychological states predict marital satisfaction,journal:Imaging Neuroscience [listed],A|B|E
p2046,2025,Triple-N Dataset - Non-human Primate Neural Responses to Natural Scenes,bioRxiv:section-unknown,A
p2047,2026,A neural network model of free recall learns multiple memory strategies,journal:Nature Machine Intelligence [direct-scan],A|B|E|G
p2048,2026,BrainPilot - Automating brain discovery with agentic research,arXiv:category-unknown,A|E|G
p2049,2026,Interactive narratives reveal the personalizing effect of agency on episodic memory,journal:Nature Communications [direct-scan],A|E|G
p2050,2026,Triple-N dataset - large-scale fMRI-guided dense recordings of nonhuman primate neural responses to natural scenes,journal:Nature Neuroscience [direct-scan],A|B|D|E
p2051,2024,Tool for analyzing speech using ai techniques to diagnose dementia,unknown-venue,A|B
p2052,2018,Adding One Neuron Can Eliminate All Bad Local Minima,arXiv:category-unknown,B|G
p2053,2018,Understanding the Loss Surface of Neural Networks for Binary Classification,arXiv:category-unknown,A|B|G
p2054,2021,Can a Fruit Fly Learn Word Embeddings,arXiv:category-unknown,B|C|G
p2055,2025,Compositional generalization requires more than disentangled representations,arXiv:category-unknown,A|B|D|G
p2056,2018,A Surprising Linear Relationship Predicts Test Performance in Deep Networks,arXiv:cs.LG,A|B|E|G
p2057,2018,Almost Global Convergence to Global Minima for Gradient Descent in Deep Linear Networks,arXiv:cs.LG,B|D|G
p2058,2021,Rotational dynamics reduce interference between sensory and memory representations,journal:Nature Neuroscience [direct-scan],A|G
p2060,2025,Dopamine encodes deep network teaching signals for individual learning trajectories,journal:Cell [direct-scan],A|G
p2061,2025,Phase of firing does not reflect temporal order in sequence memory of humans and recurrent neural networks,journal:Nature Neuroscience [direct-scan],A|B|G
p2062,2019,"Social, self, (situational), and affective proce ... cortex (MPFC) - Causal, multivariate, and reverse inference evidence",journal:Neuroscience &amp; Biobehavioral Reviews [listed],A|B
p2063,2018,Rational metareasoning and the plasticity of cognitive control,journal:PLOS Computational Biology [listed],A|B|D|G
p2064,2018,Intellectual Synthesis in Mentorship Determines Success in Academic Careers,bioRxiv:section-unknown,A|B|E|G
p2065,2021,Feature-specific reaction times reveal a semanticisation of memories over time and with repeated remembering,journal:Nature Communications [direct-scan],A|D
p2066,2019,What does it mean to understand a neural network,arXiv:cs.LG,A|B|G
p2067,2015,Continuous control with deep reinforcement learning,arXiv:category-unknown,A|B|E|G
p2068,2021,Noisy Recurrent Neural Networks,arXiv:category-unknown,B|E|G
p2069,2024,How to write effective prompts for large language models,journal:Nature Human Behaviour [direct-scan],A|B|C|E|G
p2070,2021,Time cell encoding in deep reinforcement learning agents depends on mnemonic demands,bioRxiv:section-unknown,A|E|G
p2071,2013,Network In Network,arXiv:category-unknown,B|E|G
p2072,2014,Microsoft COCO - Common Objects in Context,arXiv:category-unknown,A|G
p2073,2017,Transfer of View-manifold Learning to Similarity Perception of Novel Objects,arXiv:category-unknown,A|B|E
p2075,2023,The neuronal implementation of representational geometry in primate prefrontal cortex,arXiv:category-unknown,A|B|G
p2076,2024,Images with harder-to-reconstruct visual representations leave stronger memory traces,journal:Nature Human Behaviour [direct-scan],A|B|C
p2077,2025,Neural sampling from cognitive maps supports goal-directed planning and imagination,bioRxiv:section-unknown,A|B
p2078,2026,Neural sampling from cognitive maps enables goal-directed imagination and planning,journal:Nature Machine Intelligence [direct-scan],A|B|C|G
p2079,2016,Recurrent switching linear dynamical systems,arXiv:category-unknown,A|B|E
p2080,2017,Bayesian Learning and Inference in Recurrent Switching Linear Dynamical Systems,arXiv:category-unknown,A|B|E
p2081,2017,Understanding Biological Visual Attention Using Convolutional Neural Networks,bioRxiv:section-unknown,A|D|E|G
p2082,2024,Selective consolidation of learning and memory via recall-gated plasticity,journal:eLife [direct-scan],A|B|G
p2083,2019,A Unified Theory of Early Visual Representations from Retina to Cortex through Anatomically Constrained Deep CNNs,arXiv:category-unknown,A|B|D
p2084,2018,Global-and-local attention networks for visual recognition,arXiv:category-unknown,A|D|G
p2085,2020,Stable and expressive recurrent vision models,arXiv:category-unknown,A|B|G
p2086,2015,A Critical Review of Recurrent Neural Networks for Sequence Learning,arXiv:cs.LG,A|B|D|G
p2087,2005,The hippocampal-VTA loop - controlling the entry of information into long-term memory,journal:Neuron [direct-scan],A|G
p2089,2015,Reinforcement learning improves behaviour from evaluative feedback,journal:Nature [direct-scan],A|B|G
p2090,2024,Flexible gating between subspaces in a neural network model of internally guided task switching,journal:Nature Communications [direct-scan],A|B|D|E|G
p2091,2017,APOE gene polymorphism in long-lived individuals from a central China population,journal:Scientific Reports [direct-scan],A|G
p2092,2017,Measuring speaker-listener neural coupling with functional near infrared spectroscopy,journal:Scientific Reports [direct-scan],A|E
p2093,2018,An Intriguing Failing of Convolutional Neural Networks and the CoordConv Solution (1),arXiv:category-unknown,A|B|G
p2094,2018,An Intriguing Failing of Convolutional Neural Networks and the CoordConv Solution,arXiv:category-unknown,A|B|E|G
p2095,2018,LEICA - Laplacian eigenmaps for group ICA decomposition of fMRI data,journal:NeuroImage [listed],A|D
p2096,2018,Make (Nearly) Every Neural Network Better - Generating Neural Network Ensembles by Weight Parameter Resampling,arXiv:category-unknown,A|B|G
p2097,2019,A neural microcircuit model for a scalable scale-invariant representation of time,journal-unknown(10.1002/hipo.2),A|B
p2098,2019,Human Replay Spontaneously Reorganizes Experience,journal:Cell [direct-scan],A|B|G
p2099,2019,Neural population dynamics in prefrontal cortex and hippocampus during paired-associate learning,bioRxiv:section-unknown,A|E|G
p2101,2020,Hippocampal-medial prefrontal event segmentation and integration contribute to episodic memory formation (1),bioRxiv:section-unknown,A|D|E
p2102,2020,Hippocampal-medial prefrontal event segmentation and integration contribute to episodic memory formation,bioRxiv:section-unknown,A|D|E
p2103,2021,Experience replay is associated with efficient nonlocal learning,journal:Science [direct-scan],A|B|G
p2104,2021,Temporally delayed linear modelling (TDLM) measures replay in both animals and humans,journal:eLife [direct-scan],A|B
p2105,2023,Growing Brains - Co-emergence of Anatomical and Functional Modularity in Recurrent Neural Networks,arXiv:category-unknown,A|B|D|G
p2106,2023,Item-specific memory reactivation during sleep supports memory consolidation in humans,bioRxiv:section-unknown,A
p2107,2023,Item-specific neural representations during human sleep support long-term memory,journal:PLOS Biology [listed],A|B
p2108,2023,Ring Attention with Blockwise Transformers for Near-Infinite Context,arXiv:category-unknown,A|B|C|G
p2109,2024,Nested compressed co-representations of multiple sequential experiences during sleep,journal:Nature Neuroscience [direct-scan],A|B
p2110,2024,Slow-wave sleep and REM sleep differentially contribute to memory representational transformation,bioRxiv:section-unknown,A|B
p2111,2025,A hypothalamic circuit underlying the dynamic control of social homeostasis,journal:Nature [direct-scan],A|B|D|G
p2112,2025,"Advances and challenges in foundation agents - From brain-inspired intelligence to evolutionary, collaborative, and safe systems",arXiv:category-unknown,A|B|C|E|G
p2113,2025,Hippocampus alters visual representation to encode new memory,journal:Cell Reports [listed],A|D|E
p2114,2025,Neural dissociation of attention and working memory through inhibitory control,journal:Nature Communications [direct-scan],A|E|G
p2115,2025,Recurrent neural networks with transient trajectory explain working memory encoding mechanisms,journal:Communications Biology [direct-scan],A|B|D|G
p2116,2007,Transgenic strategies for combinatorial expression of fluorescent proteins in the nervous system,journal:Nature [direct-scan],A|G
p2117,2017,Development of the macaque face-patch system,journal-unknown(10.1038/nco),A|D
p2119,2018,Challenging Common Assumptions in the Unsupervised Learning of Disentangled Representations,arXiv:category-unknown,A|G
p2120,2020,Object-Centric Learning with Slot Attention,arXiv:category-unknown,A|B|D|E|G
p2121,2003,Our changeable memories - legal and practical implications,journal:Nature Reviews Neuroscience [direct-scan],A|B
p2122,2023,A retrieved context model of serial recall and free recall,journal:Computational Brain &amp; Behavior [listed],A|B|D|G
p2123,2015,Expanding the scope of memory search - Modeling intralist and interlist effects in free recall,journal:Psychological Review [listed],A|B|D|G
p2124,2018,Time-resolved neural reinstatement and pattern separation during memory decisions in human hippocampus (1),journal:Proceedings of the National Academy of Sciences [direct-scan],A|D|E|G
p2125,2018,Time-resolved neural reinstatement and pattern separation during memory decisions in human hippocampus,journal:Proceedings of the National Academy of Sciences [direct-scan],A|D|E|G
p2126,2026,Dataset of cortical and subcortical single neuron activity during value-based tasks in macaque monkey,journal:Scientific Data [direct-scan],A|E|G
p2127,2022,Reconceptualizing the retrieval state as an internal attention state,bioRxiv:section-unknown,A|B|D
p2128,2023,The intersection of the retrieval state and internal attention,journal:Nature Communications [direct-scan],A|B|D|G
p2129,2019,Hippocampal contributions to serial-order memory,journal-unknown(10.1002/hipo.),A|B
p2130,2019,Decoding the tradeoff between encoding and retrieval to predict memory for overlapping events,journal:NeuroImage [listed],A|B|D
p2131,2014,Subsequent memory effect in intracranial and scalp EEG,journal-unknown(10.1016/j.neur),A|D
p2132,2016,Hippocampal Mismatch Signals Are Modulated by the Strength of Neural Predictions and Their Similarity to Outcomes,journal:The Journal of Neuroscience [listed],A|G
p2133,2024,Parallel developmental changes in children's production and recognition of line drawings of visual concepts,journal:Nature Communications [direct-scan],A|B|D|E|G
p2134,2024,The BabyView camera - Designing a new head-mounted camera to capture children's early social and visual environments,journal:Behavior Research Methods [listed],A|G
p2136,2012,Kernel Hyperalignment,unknown-venue,A|D|G
p2138,2016,Neural pattern change during encoding of a narrative predicts retrospective duration estimates,journal-unknown(10.7554/eLife.),A|B|D
p2139,2016,Deep Predictive Coding Networks for Video Prediction and Unsupervised Learning,arXiv:category-unknown,A|B|G
p2140,2018,A neural network trained to predict future video fr ... s critical properties of biological neuronal responses and perception,arXiv:category-unknown,A|B|G
p2141,2018,Rearranging the Familiar - Testing Compositional Generalization in Recurrent Networks,arXiv:category-unknown,B|G
p2142,2018,Probing variability in a cognitive map using manifold inference from neural dynamics,bioRxiv:section-unknown,A|B|G
p2143,2023,Remapping in a recurrent neural network model of navigation and context inference,journal-unknown(10.7554/eLife.),A|B|G
p2144,2018,A Parsimonious Dynamical Model for Structural Learning in the Human Brain,arXiv:q-bio.NC,A|B|E
p2145,2017,Depth Creates No Bad Local Minima,arXiv:cs.LG,A|B|D
p2146,2016,Teaching a neural network to count - reinforcement learning with “social scaffolding”,unknown-venue,A|B|E|G
p2147,2008,Bayesian generic priors for causal learning,journal:Psychological Review [listed],A|E|G
p2148,2018,Shared Representational Geometry Across Neural Networks,arXiv:category-unknown,A|E
p2149,2020,Learning to use episodic memory for event prediction,bioRxiv:section-unknown,A|B|G
p2150,2021,When to retrieve and encode episodic memories - a neural network model of hippocampal-cortical interaction,bioRxiv:section-unknown,A|B|E|G
p2151,2022,A neural network model of when to retrieve and encode episodic memories (1),unknown-venue,A|B|E|G
p2152,2022,A neural network model of when to retrieve and encode episodic memories,journal:eLife [direct-scan],A|B|G
p2153,2024,Episodic memory supports the acquisition of structured task representations (1),unknown-venue,A|B|G
p2154,2024,Episodic memory supports the acquisition of structured task representations,bioRxiv:section-unknown,A|B|G
p2155,2026,No evidence for sleep-dependent memory generalization in a large online sample,bioRxiv:section-unknown,A|B|G
p2156,2014,The child as econometrician - a rational model of preference understanding in children,journal:PLoS ONE [listed],A|B|G
p2157,2015,A rational model of function learning,journal:Psychonomic Bulletin &amp; Review [direct-scan],A|B|G
p2158,2021,Analyzing Monotonic Linear Interpolation in Neural Network Loss Landscapes,arXiv:cs.LG,B
p2159,2025,Temporal dedifferentiation of neural states with age during naturalistic viewing,journal:Communications Biology [direct-scan],A|B|D|E
p2160,2012,A Practical Guide to Applying Echo State Networks,"journal:Lecture Notes in Computer Science [title-match, score=1.0]",A|B|E|G
p2162,2013,Extracting insights from the shape of complex data using topology,journal:Scientific Reports [direct-scan],B|D|E|G
p2163,2019,Adult-born hippocampal neurons bidirectionally modulate entorhinal inputs into the dentate gyrus,journal:Science [direct-scan],A|D|G
p2164,2024,Large language models surpass human experts in predicting neuroscience results,journal:Nature Human Behaviour [direct-scan],A|C|E
p2165,2025,Coordinating multiple mental faculties during learning,journal:Scientific Reports [direct-scan],A|B|D
p2166,2025,Mapping effective connectivity by virtually perturbing a surrogate brain,journal:Nature Methods [listed],A|B|D
p2167,2025,Transitions in dynamical regime and neural mode during perceptual decisions,journal:Nature [direct-scan],A|B|E|G
p2168,2026,Unlocking spontaneous cognition in the age of data science,journal:Nature Reviews Neuroscience [direct-scan],A|B|E
p2170,2019,Neural structure mapping in human probabilistic reward learning,journal-unknown(10.7554/eLife.),A|B|E|G
p2172,2021,2104.09356v1,arXiv:category-unknown,A|D
p2175,2018,Structure from noise - Mental errors yield abstract representations of events,arXiv:q-bio.NC,A|B|E|G
p2176,2020,Abstract representations of events arise from mental errors in learning and memory,journal:Nature Communications [direct-scan],A|B|E|G
p2178,2017,Dead salmon and voodoo correlations - should we be sceptical about functional MRI,journal:Brain [listed],A|D|E
p2179,2019,Bayesian Decision Models - A Primer,journal:Neuron [direct-scan],A|B|G
p2180,2019,Tasks for aligning human and machine planning,arXiv:category-unknown,A|B|G
p2181,2006,Bayesian inference with probabilistic population codes,journal:Nature Neuroscience [direct-scan],A|G
p2182,2018,Dimensionality-Driven Learning with Noisy Labels,arXiv:category-unknown,A|B|G
p2183,2021,OCD Influences Evidence Accumulation During Decision Making in Males but Not Females During Perceptual and Value-Driven Choice,journal:Frontiers in Psychiatry [listed],A|B|E|G
p2184,2023,From sensory to perceptual manifold - the twist of neural geometry,bioRxiv:section-unknown,A|B|C|D|E
p2185,2008,Visualizing Data using t-SNE,unknown-venue,A|G
p2186,2018,Uncovering temporal structure in hippocampal output patterns,journal-unknown(10.5281/zenodo),A|E|G
p2187,2011,Hippocampal 'time cells' bridge the gap in memory for discontiguous events,journal:Neuron [direct-scan],A|E|G
p2188,2018,Breaking script - Deviations and postevent information in adult memory for a repeated event,journal:Applied Cognitive Psychology [listed],A|B
p2189,2005,Flexible control of mutual inhibition - a neural model of two-interval discrimination,journal:Science [direct-scan],A|E|G
p2190,2004,"Modeling associative recognition - a comparison of two-high ... two-high-threshold signal detection, and mixture distribution models","journal:Journal of Experimental Psychology: Learning, Memory, and Cognition [listed]",A|B
p2191,2013,Decoding the brain's algorithm for categorization from its neural implementation,journal:Current Biology [direct-scan],A|B|D|G
p2193,2018,Building concepts one episode at a time - The hippocampus and concept formation,journal:Neuroscience Letters [listed],A|B|G
p2194,2019,Rethinking the definition of episodic memory,journal:Neuropsychologia [listed],A|E
p2195,2023,Beyond Temporal Credit Assignment in Reinforcement Learning,arXiv:category-unknown,A|B|G
p2196,2014,"Constructive episodic simulation - dissociable effe ... n on remembering, imagining, and describing in young and older adults",journal-unknown(10.1037/a00348),A|D
p2197,2025,"The brain, body, and behavior dataset (BBBD) - Multimodal recordings during educational videos",bioRxiv:section-unknown,A|B|E|G
p2198,2020,What do neural networks learn when trained with random labels,arXiv:stat.ML,A|B|C
p2199,2018,Neural Networks Trained to Solve Differential Equations Learn General Representations,arXiv:stat.ML,B
p2200,2011,The impact of continuity editing in narrative film on event segmentation - Cognitive science,journal:Cognitive Science [direct-scan],A|E
p2201,2012,Studying the freely-behaving brain with fMRI,journal:NeuroImage [listed],A|E|G
p2202,2011,Role of the hippocampus in imagination and future thinking,journal:Proceedings of the National Academy of Sciences [direct-scan],A|G
p2203,2003,Navigation expertise and the human hippocampus - a structural brain imaging analysis,journal:Hippocampus [direct-scan],A|G
p2204,2023,Distinct value computations support rapid sequential decisions,journal:Nature Communications [direct-scan],A|B|G
p2205,2018,Deep learning models reveal internal structure and diverse computations in the retina under natural scenes,bioRxiv:section-unknown,A|B|E|G
p2206,2019,Reverse engineering recurrent networks for sentiment classification reveals line attractor dynamics,arXiv:category-unknown,A|B|G
p2207,2019,Universality and individuality in neural dynamics across large populations of recurrent networks,arXiv:category-unknown,A|B|G
p2208,2024,Human hippocampus and dorsomedial prefrontal cortex infer and update latent causes during social interaction,journal:Neuron [direct-scan],A|B|D|G
p2210,2018,Deep learning - Using machine learning to study biological vision,bioRxiv:section-unknown,A|B
p2211,2019,Ten common statistical mistakes to watch out for when writing or reviewing a manuscript,journal:eLife [direct-scan],A|B|E|G
p2212,2019,Machine translation of cortical activity to text with an encoder-decoder framework,bioRxiv:section-unknown,A|B|E|G
p2213,2026,Universal geometry of compositional construction in prefrontal cortex,bioRxiv:section-unknown,A|B|E|G
p2214,2018,Simple random search provides a competitive approach to reinforcement learning,arXiv:category-unknown,A|B|G
p2215,2019,Episodic memory - mental time travel or a quantum `memory wave' function,journal-unknown(10.1080/026999),A|B|D
p2216,2021,Episodic memory - Mental time travel or a quantum 'memory wave' function,journal-unknown(10.1080/026999),A|B|D
p2217,2012,Spontaneously reactivated patterns in frontal and temporal lobe predict semantic clustering during memory search,journal:Journal of Neuroscience [listed],A
p2219,2014,Topographic factor analysis - a Bayesian model for inferring brain networks from neural data,journal:PLoS ONE [listed],A|B
p2220,2017,A probabilistic approach to discovering dynamic full-brain functional connectivity patterns,bioRxiv:section-unknown,A|B|D|E
p2221,2020,Emergent linguistic structure in artificial neural networks trained by self-supervision,journal:Proceedings of the National Academy of Sciences [direct-scan],A|B|C
p2222,2003,The cross entropy method for fast policy search,unknown-venue,A|G
p2223,2003,Recognition Memory and the Human Hippocampus,unknown-venue,A|G
p2224,2003,Semantic memory and the human hippocampus,unknown-venue,A|G
p2225,2007,Gradual changes in hippocampal activity support remembering the order of events,journal:Neuron [direct-scan],A
p2226,2017,A neural model of working memory,bioRxiv:section-unknown,A|B|D|E
p2227,2013,Context-dependent computation by recurrent dynamics in prefrontal cortex,journal:Nature [direct-scan],A|E|G
p2228,2017,Sparse orthogonal population representation of spatial context in the retrosplenial cortex,journal:Nature Communications [direct-scan],A|C|E|G
p2229,2025,Persistent representation of a prior schema in the orbitofrontal cortex facilitates learning of a conflicting schema,bioRxiv:section-unknown,A|E|G
p2230,2023,Dynamic neural representations of memory and space during human ambulatory navigation,journal:Nature Communications [direct-scan],A|D|G
p2231,2024,Study while you sleep - Using targeted memory reactivation as an independent research project for undergraduates,journal-unknown(10.1523/JNEURO),A
p2232,2016,Toward an Integration of Deep Learning and Neuroscience,bioRxiv:section-unknown,A|B
p2233,2017,Differences between Dorsal and Ventral Striatum in the Sensitivity of Tonically Active Neurons to Rewarding Events,journal:Frontiers in Systems Neuroscience [listed],A|B|G
p2234,2018,Deep Learning - A Critical Appraisal,unknown-venue,A|B|E
p2236,2018,Quasi-experimental causality in neuroscience and behavioural research,journal:Nature Human Behaviour [direct-scan],A|B|E|G
p2237,2024,Large language models predict human sensory judgments across six modalities,journal:Scientific Reports [direct-scan],A|C|E
p2238,2024,Timbral effects on consonance disentangle psychoacoustic mechanisms and suggest perceptual origins for musical scales,journal:Nature Communications [direct-scan],A|B
p2239,2020,Transferring structural knowledge across cognitive maps in humans and models,journal:Nature Communications [direct-scan],A|B|G
p2240,2026,Flexible neural representations of abstract structural knowledge in the human entorhinal cortex,journal:eLife [direct-scan],A|B|D|E|G
p2241,2012,Training Deep and Recurrent Networks with Hessian-Free Optimization,arXiv:stat.ML,B|E|G
p2242,2007,The representation of object concepts in the brain,journal:Annual Review of Psychology [direct-scan],A
p2243,2017,Dynamics of scene representations in the human brain revealed by magnetoencephalography and deep neural networks,journal:NeuroImage [listed],A|E
p2244,2020,Tensors and compositionality in neural systems,journal:Philosophical Transactions of the Royal Society B: Biological Sciences [listed],A
p2245,2017,Rethinking generalization requires revisiting old ideas - statistical mechanics approaches and complex learning behavior,arXiv:category-unknown,B|E|G
p2246,2000,Synaptic plasticity and memory - an evaluation of the hypothesis,"journal:Annual Review of Neuroscience [title-match, score=1.0]",A|B|E
p2247,2011,A role for the hippocampus in encoding simulations of future events,journal:Proceedings of the National Academy of Sciences [direct-scan],A|B|D
p2248,2019,Temporal Dynamics and Response Modulation across the Human Visual System in a Spatial Attention Task - An ECoG Study,journal:The Journal of Neuroscience [listed],A|B|E|G
p2249,2022,A smartphone intervention that enhances real-world ... and promotes differentiation of hippocampal activity in older adults,journal:Proceedings of the National Academy of Sciences [direct-scan],A|E
p2250,2025,Can LLMs effectively simulate human learners - Teachers’ insights from tutoring LLM students,arXiv:category-unknown,A|B|C|G
p2251,2020,Resilience after trauma - The role of memory suppression,journal:Science [direct-scan],A|D
p2252,2014,"Verbal fluency, naming and verbal comprehension - three aspects of language as predictors of cognitive impairment",journal:NeuroImage [listed],A|E|G
p2253,2024,How sturdy is your memory palace - Reliable room representations predict subsequent reinstatement of placed objects,bioRxiv:section-unknown,A|D|G
p2254,2017,The role of reward and reward uncertainty in episodic memory,journal:Journal of Memory and Language [listed],A|G
p2255,2018,Alleviating catastrophic forgetting using context-dependent gating and synaptic stabilization (1),arXiv:category-unknown,A|B|D|G
p2256,2018,Alleviating catastrophic forgetting using context-dependent gating and synaptic stabilization,journal:Proceedings of the National Academy of Sciences [direct-scan],A|B|G
p2257,2019,Circuit mechanisms for the maintenance and manipulation of information in working memory,journal:Nature Neuroscience [direct-scan],A|B
p2258,2021,Do conversations end when people want them to,journal-unknown(10.1073/pnas.2),A|E
p2259,2014,Uncertainty in perception and the Hierarchical Gaussian Filter,journal:Frontiers in Human Neuroscience [listed],A|B|E|G
p2260,2018,Prioritized memory access explains planning and hippocampal replay,journal:Nature Neuroscience [direct-scan],A|B|G
p2261,2015,A functional cartography of cognitive systems,journal:PLOS Computational Biology [listed],A|B|D|G
p2262,2015,Recurrent Gaussian Processes,arXiv:category-unknown,A|B
p2263,2019,Are We Ready for Real-world Neuroscience,journal:Journal of Cognitive Neuroscience [listed],A|B|D|G
p2264,2019,Brain and Cognitive Mechanisms of Top-Down Attentional Control in a Multisensory World - Benefits of Electrical Neuroimaging,journal:Journal of Cognitive Neuroscience [listed],A|D|E|G
p2265,2020,The brain in motion - How ensemble fluidity drives memory-updating and flexibility,journal:eLife [direct-scan],A|B|D|G
p2266,2021,The Continuity of Context - A Role for the Hippocampus,journal:Trends in Cognitive Sciences [direct-scan],A|E|G
p2267,2019,Learning to select actions shapes recurrent dynamics in the corticostriatal system,bioRxiv:section-unknown,A|B|G
p2268,2018,The Natural Language Decathlon - Multitask Learning as Question Answering,arXiv:category-unknown,A|B|G
p2269,2023,Dynamic emotional states shape the episodic structure of memory,journal:Nature Communications [direct-scan],A|B|D|E
p2270,2013,Incorporating rapid neocortical learning of new schema-consistent information into complementary learning systems theory,"journal:Journal of Experimental Psychology: General [title-match, score=1.0]",A|B|D
p2271,2015,"Capturing Gradience, Continuous Change, and Quasi-Regularity in Sound, Word, Phrase, and Meaning",arXiv:cs.LG,A|D|E
p2273,2022,Capturing advanced human cognitive abilities with deep neural networks,journal:Trends in Cognitive Sciences [direct-scan],A|G
p2274,2010,Letting structure emerge - connectionist and dynamical systems approaches to cognition,journal:Trends in Cognitive Sciences [direct-scan],A|B|E
p2275,2010,McClelland11,journal:Trends in Cognitive Sciences [direct-scan],A|B|E
p2276,2016,A Parallel-Distributed Processing Approach to Mathematical Cognition,journal-unknown(10.1073/pnas.1),A|E
p2277,2019,Extending Machine Language Models toward Human-Level Language Understanding,arXiv:category-unknown,A|B|C
p2278,2020,Integration of new information in memory - new insights from a complementary learning systems perspective,journal:Philosophical Transactions of the Royal Society B: Biological Sciences [listed],A|B
p2279,2020,Placing language in an integrated understanding ... - Next steps toward human-level performance in neural language models,arXiv:category-unknown,A|B|C|G
p2280,2016,Representational Distance Learning for Deep Neural Networks,journal:Frontiers in Computational Neuroscience [listed],A|B|G
p2281,2006,An exploration-exploitation model based on norepinepherine and dopamine activity,unknown-venue,A|E|G
p2282,2015,Functional and effective hippocampal-neocortical ... ing construction and elaboration of autobiographical memory retrieval,journal:Cerebral Cortex [direct-scan],A|B|D
p2283,2018,Comparing and Contrasting the Cognitive Effects ... tromedial Prefrontal Cortex Damage - A Review of Human Lesion Studies,journal:Neuroscience [listed],A|B|D|G
p2284,2018,Mind-Wandering in People with Hippocampal Damage,journal:The Journal of Neuroscience [listed],A|D
p2285,2021,"Characterising the hippocampal response to perception, construction and complexity",journal:Cortex [listed],A|E|G
p2286,2025,Modeling rapid language learning by distilling Bayesian priors into artificial neural networks,journal:Nature Communications [direct-scan],A|B|E|G
p2287,2024,Embers of autoregression show how large language models are shaped by the problem they are trained to solve,journal-unknown(10.1073/pnas.),A|C
p2288,2024,The role of REM sleep in neural differentiation of memories in the hippocampus,bioRxiv:section-unknown,A|G
p2289,2015,Consolidating memories,journal:Annual Review of Psychology [direct-scan],A|B
p2292,2014,"Hippocampal representation of related and opposin ... ries develop within distinct, hierarchically organized neural schemas",journal:Neuron [direct-scan],A|B|G
p2293,2022,Reward Value Enhances Sequence Monitoring Ra ... ics as Ending Rewards Approach in the Rostrolateral Prefrontal Cortex,journal:eneuro [listed],A|G
p2295,2021,Flexible modulation of sequence generation in the entorhinal–hippocampal system,journal:Nature Neuroscience [direct-scan],A|B|G
p2296,2004,Mode shifting between storage and recall based on novelty detection in oscillating hippocampal circuits,journal:Hippocampus [direct-scan],A|G
p2298,2020,Individual differences among deep neural network models,bioRxiv:section-unknown,A|B|D|G
p2299,2014,An exact mapping between the Variational Renormalization Group and Deep Learning,arXiv:stat.ML,A|B|D|E
p2300,2013,Episodic context binding in task switching - evidence from amnesia,journal-unknown(10.7892/boris.),A|B|D|G
p2301,2007,Unsupervised learning of image transformations,"journal:2007 IEEE Conference on Computer Vision and Pattern Recognition [title-match, score=1.0]",A|B|D|E
p2302,2018,Optimizing Neural Networks in the Equivalent Class Space,arXiv:category-unknown,A
p2303,2022,Locating and editing factual associations in GPT,arXiv:category-unknown,A|B|C
p2304,2025,Impact of task similarity and training regimes on cognitive transfer and interference,bioRxiv:section-unknown,A|B|G
p2305,2025,The effects of task similarity during representation learning in brains and neural networks,bioRxiv:section-unknown,A|B|G
p2306,2020,Closed-loop fMRI neurofeedback to reduce negative attentional bias in depression,bioRxiv:section-unknown,A|B|G
p2309,2014,Merhav et al. - 2014 - Neocortical catastrophic interference in healthy a,journal:Hippocampus [direct-scan],A
p2310,2014,Neocortical catastrophic interference in healthy and amnesic adults - a paradoxical matter of time,journal:Hippocampus [direct-scan],A
p2311,2018,An Analysis of Neural Language Modeling at Multiple Scales,arXiv:category-unknown,A|B|C|E
p2312,2017,Collective Behavior of Place and Non-place Neurons in the Hippocampal Network,journal:Neuron [direct-scan],A|B|E|G
p2313,2021,Neural alignment predicts learning outcomes in students taking an introduction to computer science course,journal:Nature Communications [direct-scan],A|D|E|G
p2314,2023,A high-performance neuroprosthesis for speech decoding and avatar control,journal:Nature [direct-scan],A|B|G
p2315,2014,Seeing scenes - topographic visual hallucinations evoked by direct electrical stimulation of the parahippocampal place area,journal:The Journal of Neuroscience [listed],A|E
p2316,2018,An analysis of training and generalization errors in shallow and deep networks,arXiv:category-unknown,A|B|G
p2317,2021,Reading between the lines - Listener’s vmPFC simulates speaker cooperative choices in communication games,journal:Science Advances [listed],A|B|G
p2318,2016,Trust matters - Seeing how an adult treat ... er person influences preschoolers' willingness to delay gratification,journal:Developmental Science [listed],A|G
p2319,2019,Speed of time-compressed forward replay flexibly changes in human episodic memory,journal:Nature Human Behaviour [direct-scan],A|D
p2320,2021,Moment-by-moment tracking of naturalistic learning and its underlying hippocampo-cortical interactions,journal:Nature Communications [direct-scan],A|D|E
p2321,2023,Evidence That Event Boundaries Are Access Points for Memory Retrieval,journal:Psychological Science [direct-scan],A|D|E|G
p2322,2023,Large language models can segment narrative events similarly to humans,arXiv:category-unknown,A|C|E
p2323,2020,Countermanding perceptual decision-making,journal-unknown(10.1016/j.isci),A|E|G
p2324,2019,One neuron versus deep learning in aftershock prediction,journal:Nature [direct-scan],A|B|E|G
p2325,2013,Distributed Representations of Words and Phrases and their Compositionality,arXiv:cs.CL,B|G
p2326,2018,An open resource for non-human primate imaging,journal:Neuron [direct-scan],A|E|G
p2327,2015,Insight reconfigures hippocampal-prefrontal memories,journal:Current Biology [direct-scan],A
p2328,2016,Coding of Event Nodes and Narrative Context in the Hippocampus,journal:The Journal of Neuroscience [listed],A|E
p2329,2023,Neural representation dynamics reveal computational principles of cognitive task learning,bioRxiv:section-unknown,A|D|G
p2330,2022,Network modeling of dynamic brain interactions predicts emergence of neural information that supports human cognitive behavior,journal:PLOS Biology [listed],A|B|D
p2332,2003,An Integrative Theory of Prefrontal Cortex Function,"journal:Annual Review of Neuroscience [title-match, score=1.0]",A|B|E|G
p2333,2024,Timescales of learning in prefrontal cortex,journal:Nature Reviews Neuroscience [direct-scan],A|B|D|G
p2334,2006,Contextual knowledge reduces demands on working memory during reading,"journal:Memory &amp; Cognition [title-match, score=1.0]",A|G
p2335,2013,Neural activity in human hippocampal formation reveals the spatial context of retrieved memories,journal:Science [direct-scan],A|E
p2336,2016,Key-Value Memory Networks for Directly Reading Documents,arXiv:category-unknown,A|C|E
p2337,2016,Multimodal population brain imaging in the UK Biobank prospective epidemiological study,journal:Nature Neuroscience [direct-scan],A|E
p2338,2017,Dorsal hippocampus contributes to model-based planning,journal-unknown(10.1038/nn.461),A|B|G
p2339,2018,Lateralized hippocampal oscillations underlie distinct aspects of human spatial memory and navigation,journal:Nature Communications [direct-scan],A|D
p2340,2018,Working Memory 2.0,journal:Neuron [direct-scan],A|D
p2341,2019,False memory in nonhuman animals,bioRxiv:section-unknown,A
p2342,2024,Single and multiple systems in categorization and category learning,journal:Nature Reviews Psychology [listed],A|B|E
p2343,2020,Flexible recruitment of memory-based choice representations by the human medial frontal cortex,journal:Science [direct-scan],A|B|D|G
p2344,2016,Learning to Navigate in Complex Environments,arXiv:category-unknown,A|D|G
p2345,2024,Contextual Feature Extraction Hierarchies Converge in Large Language Models and the Brain,arXiv:cs.CL,A|B|C|E|G
p2346,2024,Hidden state inference requires abstract contextual representations in the ventral hippocampus,bioRxiv:section-unknown,A|G
p2347,2024,Hidden state inference requires abstract contextual representations in ventral hippocampus,bioRxiv:section-unknown,A|E|G
p2348,2026,Investigating the reproducibility of the social and behavioural sciences,journal:Nature [direct-scan],A|B|G
p2349,2017,Mapping Instructions and Visual Observations to Actions with Reinforcement Learning,arXiv:category-unknown,A|B|G
p2350,2025,Emergence of episodic memory in transformers - Char ... ing changes in temporal structure of attention scores during training,arXiv:cs.CL,A|B|C|G
p2351,2017,The cognitive neuroscience of source memory - Moving the ball forward,journal:Cortex [listed],A|E|G
p2352,2008,Predicting human brain activity associated with the meanings of nouns,journal:Science [direct-scan],A|D
p2353,2023,The Architecture of a Biologically Plausible Language Organ,arXiv:category-unknown,A|B|G
p2354,2016,Top-down cortical input during NREM sleep consolidates perceptual memory,journal:Science [direct-scan],A|B|D|G
p2355,2008,Visual image reconstruction from human brain activity using a combination of multiscale local image decoders,journal:Neuron [direct-scan],A|B|D|E
p2356,2019,Representation of Task Structure in Human Hippocampus,bioRxiv:section-unknown,A|B|G
p2357,2014,Neural Variational Inference and Learning in Belief Networks,arXiv:cs.LG,A|B
p2358,2014,Recurrent Models of Visual Attention,arXiv:category-unknown,A|B|G
p2359,2015,Human-level control through deep reinforcement learning,journal:Nature [direct-scan],A|B|D|G
p2360,2016,Asynchronous Methods for Deep Reinforcement Learning,arXiv:category-unknown,A|B|G
p2361,2016,Asynchronous methods for deep reinforcement learning (1),arXiv:category-unknown,A|B|G
p2362,2016,Asynchronous methods for deep reinforcement learning (2),arXiv:category-unknown,A|B|G
p2363,2024,Leveraging large language models for identifying interpretable linguistic markers and enhancing Alzheimer’s disease diagnostics,bioRxiv:section-unknown,A|C|D|E|G
p2364,2018,Scalable training of artificial neural networks with adaptive sparse connectivity inspired by network science,journal:Nature Communications [direct-scan],A|B|D|G
p2365,2023,Curiosity-driven exploration - foundations in neuroscience and computational modeling,journal:Trends in Neurosciences [listed],A|B|E|G
p2366,2025,Novelty as a drive of human exploration in complex stochastic environments,journal-unknown(10.1073/pnas.),A|B|G
p2367,2019,Monte Carlo Gradient Estimation in Machine Learning,arXiv:category-unknown,A|G
p2368,2018,Ultra-Rapid Serial Visual Presentation Reveals ... s of Feedforward and Feedback Processes in the Ventral Visual Pathway,bioRxiv:section-unknown,A|B|G
p2369,2020,"Learning Structures - Predictive Representations, Replay, and Generalization",bioRxiv:section-unknown,A|B|G
p2370,2017,The Ties that Bind Networks - Weak Ties Facilitate the Emergence of Collective Memories,journal-unknown(10.1103/PhysRe),A
p2371,2017,The successor representation in human reinforcement learning,journal:Nature Human Behaviour [direct-scan],A|B|E|G
p2372,2018,Offline replay supports planning in human reinforcement learning (1),journal-unknown(10.7554/eLife.),A|G
p2373,2018,Offline replay supports planning in human reinforcement learning,journal-unknown(10.7554/eLife.),A|B|G
p2374,2019,Bridge ties bind collective memories,journal:Nature Communications [direct-scan],A
p2375,2019,Rational use of Episodic and Working Memory - A Normative Account of Prospective Memory,bioRxiv:section-unknown,A|B|G
p2376,2023,Evaluating cognitive maps and planning in Large Language Models with CogEval,arXiv:category-unknown,A|B|C|E
p2377,2025,Beyond English - The impact of prompt translation strategies across languages and tasks in multilingual LLMs,arXiv:category-unknown,A|C|G
p2378,2024,"Representational spaces in orbitofrontal and ventromedial prefrontal cortex - task states, values, and beyond",journal:Trends in Neurosciences [listed],A|B|E|G
p2379,2019,Moments in Time Dataset - one million videos for event understanding,arXiv:category-unknown,A|B
p2380,2021,Watching movies unfold - a frame-by-frame analysis of the associated neural dynamics,journal:eneuro [listed],A|E
p2381,2012,Computational psychiatry,journal-unknown(10.1016/j.tics),A|B|G
p2382,2014,On the Number of Linear Regions of Deep Neural Networks,arXiv:category-unknown,B|E
p2384,2025,Toward a functional future for the cognitive neuroscience of human aging,journal:Neuron [direct-scan],A
p2385,2025,Mnemonic brain state engagement is diminished in healthy aging,journal:Neurobiology of Aging [listed],A
p2386,2025,Moore et al. 2024 - Mnemonic brain state engagement is diminished in healthy aging,bioRxiv:section-unknown,A|B
p2387,2015,DeepFool - a simple and accurate method to fool deep neural networks,arXiv:cs.LG,A|D|G
p2388,2026,Greater interference from multiple exposures during memory retrieval drives more memorable and forgettable experiences,journal:Hippocampus [direct-scan],A|D|E
p2389,2016,History-dependent variability in population dynamics during evidence accumulation in cortex,journal-unknown(10.1038/nn.440),A|B|G
p2390,2018,Insights on representational similarity in neural networks with canonical correlation,arXiv:category-unknown,A|B|C
p2391,2018,On the importance of single directions for generalization,arXiv:category-unknown,A|B|E|G
p2394,2025,Emo-FilM - A multimodal dataset for affective neuroscience using naturalistic stimuli,journal:Scientific Data [direct-scan],A|E
p2395,2006,Principles of diffusion tensor imaging and its applications to basic neuroscience research,journal:Neuron [direct-scan],A|B|D|E|G
p2396,2026,"Episodic memory consolidation by reactivation of h ... oncept neurons during sleep reflects contents, not sequence of events",bioRxiv:section-unknown,A|E|G
p2397,2026,Dopaminergic processes predict temporal distortions in event memory,journal:Nature Communications [direct-scan],A|E|G
p2398,2021,Concept formation as a computational cognitive process,journal:Current Opinion in Behavioral Sciences [direct-scan],A|B|D|E|G
p2399,2013,Category-specific neural oscillations predict recall organization during memory search,journal:Cerebral Cortex [direct-scan],A|E
p2400,2021,Semantic knowledge of famous people and places is represented in hippocampus and distinct cortical networks,journal:The Journal of Neuroscience [listed],A|E
p2402,2019,Sculpting Remote Memory - Enduring Hippocampal Traces and vmPFC Reconstructive Processes,journal:Trends in Cognitive Sciences [direct-scan],A|B|D|G
p2404,2016,Episodic Memory and Beyond - The Hippocampus and Neocortex in Transformation,journal:Annual Review of Psychology [direct-scan],A|D
p2405,2016,Unstable Memories Create a High-Level Representation that Enables Learning Transfer,journal:Current Biology [direct-scan],A|D
p2406,2025,Efficient uniform sampling explains non-uniform memory of narrative stories,bioRxiv:section-unknown,A|B|C|E|G
p2407,2020,Proper names from story recall are associated with ... loid in cognitively unimpaired adults at risk for Alzheimer's disease,journal-unknown(10.1016/j.cort),A|E|G
p2408,2022,Item-level story recall predictors of amyloid-beta in late middle-aged adults at increased risk for Alzheimer's disease,journal:Frontiers in Psychology [listed],A|B|E
p2409,2006,"A comparison of abstract rules in the prefrontal cortex, premotor cortex, inferior temporal cortex, and striatum","journal:Journal of Cognitive Neuroscience [title-match, score=1.0]",A|B|E
p2410,2012,Human intracranial recordings and cognitive neuroscience,journal:Annual Review of Psychology [direct-scan],A|E
p2411,2005,"Coupling between neuronal firing, field potentials, and FMRI in human auditory cortex",journal:Science [direct-scan],A|E
p2412,2018,Cortical travelling waves - mechanisms and computational principles,journal:Nature Reviews Neuroscience [direct-scan],A|B|D
p2413,2019,Control of entropy in neural models of environmental state,journal-unknown(10.7554/eLife.),A|B|D|G
p2414,2023,Retinal motion statistics during natural locomotion,journal-unknown(10.7554/eLife.),A|B|G
p2415,2003,Connectionist models of development,unknown-venue,A|E|G
p2416,2013,Human Object-Similarity Judgments Reflect and Transcend the Primate-IT Object Representation,journal:Frontiers in Psychology [listed],A
p2417,2022,"A reward-learning framework of knowledge acquisition - A ... rated account of curiosity, interest, and intrinsic-extrinsic rewards",journal:Psychological Review [listed],A|D|E|G
p2418,2021,Temporal proximity to the elicitation of curiosity is key for enhancing memory for incidental information,bioRxiv:section-unknown,A|B
p2419,2012,Why is there a special issue on perirhinal cortex ... called hippocampus - The perirhinal cortex in historical perspective,journal:Hippocampus [direct-scan],A|E
p2420,2014,A hierarchy of intrinsic timescales across primate cortex,journal:Nature Neuroscience [direct-scan],A|B
p2421,2018,Representational specializations of the hippocampus in phylogenetic perspective,journal:Neuroscience Letters [listed],A|D|G
p2422,2016,Episodic memories predict adaptive value-based decision-making,journal:Journal of Experimental Psychology: General [direct-scan],A|B|D|E|G
p2423,2019,Harnessing behavioral diversity to understand circuits for cognition,bioRxiv:section-unknown,A|G
p2424,2019,Single-trial neural dynamics are dominated by richly varied movements,journal:Nature Neuroscience [direct-scan],A
p2425,2021,Rationalizing constraints on the capacity for cognitive control,journal:Trends in Cognitive Sciences [direct-scan],A|D|G
p2426,2017,Multitasking Capability Versus Learning Efficiency in Neural Network Architectures,unknown-venue,A|B|D|G
p2427,2020,On the rational boundedness of cognitive control - Shared versus separated representations (1),arXiv:category-unknown,A|B
p2428,2020,On the rational boundedness of cognitive control - Shared versus separated representations,arXiv:category-unknown,A|B|D
p2430,2026,Reverse predictivity for bidirectional comparison of neural networks and biological brains,journal:Nature Machine Intelligence [direct-scan],A|B|D|G
p2431,2022,"A practical introduction to using the drift diffusio ... ion-making in cognitive psychology, neuroscience, and health sciences",journal:Frontiers in Psychology [listed],A|B|E|G
p2432,2025,The development of a story recall test for di ... ween Alzheimer’s disease and mild cognitive impairment in Thai cohort,journal-unknown(10.1057/s41599),A|E
p2433,2017,Working Memory Requires a Combination of T ... t and Attractor-Dominated Dynamics to Process Unreliably Timed Inputs,journal:Scientific Reports [direct-scan],A|B|G
p2434,2017,Neural Network Dynamics for Model-Based Deep Reinforcement Learning with Model-Free Fine-Tuning,arXiv:category-unknown,A|G
p2435,2024,Memory for rewards guides retrieval,journal:Communications Psychology [direct-scan],A|E|G
p2436,2020,Optimal forgetting - Semantic compression of episodic memories,journal:PLOS Computational Biology [listed],A|B|G
p2437,2025,Adaptive compression as a unifying framework for episodic and semantic memory,journal:Nature Reviews Psychology [listed],A|B|E|G
p2438,2020,Fundamental Law of Memory Recall,journal:Physical Review Letters [listed],A|B|G
p2440,2019,Data-driven models reveal the organization of diverse cognitive functions in the brain,bioRxiv:section-unknown,A|B|D
p2441,2019,Deep Double Descent - Where Bigger Models and More Data Hurt,arXiv:cs.LG,A|B|E|G
p2442,2016,Abstractive Text Summarization Using Sequence-to-Sequence RNNs and Beyond,arXiv:category-unknown,A|B|G
p2444,2022,Achieving and Understanding Out-of-Distribution Generalization in Systematic Reasoning in Small-Scale Transformers (1),arXiv:category-unknown,B|C
p2445,2022,Achieving and Understanding Out-of-Distribution Generalization in Systematic Reasoning in Small-Scale Transformers,arXiv:category-unknown,B|C
p2446,2025,Not yet AlphaFold for the mind - Evaluating Centaur as a synthetic participant,PsyArXiv,A|B
p2448,2009,Bayesian reconstruction of natural images from human brain activity,journal:Neuron [direct-scan],A|E
p2449,2011,Encoding and decoding in fMRI,journal:NeuroImage [listed],A|B
p2450,2015,A voxel-wise encoding model for early visual areas decodes mental images of remembered scenes,journal:NeuroImage [listed],A|B|D
p2451,2018,Cognitive Computational Neuroscience - A New Conference for an Emerging Discipline,journal-unknown(10.1016/j.tics),A|E
p2452,2021,Extensive sampling for complete models of individual brains,journal-unknown(10.1016/j.cobe),A|B|G
p2453,2017,Chunking as a rational strategy for lossy data compression in visual working memory tasks,bioRxiv:section-unknown,D|G
p2454,2018,Tree-Structured Recurrent Switching Linear Dynamical Systems for Multi-Scale Modeling,arXiv:category-unknown,A|B|E
p2455,2017,Attention Selectively Reshapes the Geometry of Distributed Semantic Representation,journal:Cerebral Cortex [direct-scan],A|D|E|G
p2456,2018,Neural Responses to Naturalistic Clips of Behaving Animals in Two Different Task Contexts,journal:Frontiers in Neuroscience [listed],A|B
p2458,2020,Keep it real - rethinking the primacy of experimental control in cognitive neuroscience,journal:NeuroImage [listed],A|E|G
p2459,2020,Leveraging shared connectivity to aggregate heterogeneous datasets into a common response space,journal:NeuroImage [listed],A|B|D|E|G
p2460,2020,Narratives - fMRI data for evaluating models of naturalistic language comprehension,bioRxiv:section-unknown,A|B|D|E
p2461,2021,The 'Narratives' fMRI dataset for evaluating models of naturalistic language comprehension,journal:Scientific Data [direct-scan],A|B|D|E
p2462,2019,Stimulation of the Posterior Cingulate Cortex Impairs Episodic Memory Encoding,journal:The Journal of Neuroscience [listed],A|D
p2463,2018,Hexadirectional coding of visual space in human entorhinal cortex,journal:Nature Neuroscience [direct-scan],A|D|G
p2464,2025,Neural and behavioral reinstatement jointly reflect retrieval of narrative events,journal:Nature Communications [direct-scan],A|B|D|E|G
p2465,2019,Cognition - Learning while Asleep,journal:Current Biology [direct-scan],A|E
p2467,2012,Sampling assumptions in inductive generalization,journal:Cognitive Science [direct-scan],A|B|E|G
p2468,2016,Learning and choosing in an uncertain world - An i ... ion of the explore-exploit dilemma in static and dynamic environments,journal:Cognitive Psychology [listed],A|G
p2469,2018,Task-Driven Convolutional Recurrent Models of the Visual System (1),arXiv:category-unknown,A|D|E|G
p2470,2018,Task-Driven Convolutional Recurrent Models of the Visual System,arXiv:category-unknown,A|D|E|G
p2472,2015,Neural Programmer - Inducing Latent Programs with Gradient Descent,arXiv:category-unknown,A|B|G
p2473,2019,Reinforcement learning in artificial and biological systems,journal:Nature Machine Intelligence [direct-scan],A|B|G
p2474,2021,Neural knowledge assembly in humans and deep networks,bioRxiv:section-unknown,A|B|G
p2475,2023,Neural knowledge assembly in humans and neural networks,journal:Neuron [direct-scan],A
p2476,2013,The co-evolution of knowledge and event memory,"journal:Psychological Review [title-match, score=1.0]",A|B|D|E
p2477,2017,Neurophysiological dynamics of phrase-structure building during sentence processing,journal:Proceedings of the National Academy of Sciences [direct-scan],A
p2478,2011,Unraveling the distributed neural code of facial identity through spatiotemporal pattern analysis,journal:Proceedings of the National Academy of Sciences [direct-scan],A|E
p2479,2024,Mental navigation in the primate entorhinal cortex,journal:Nature [direct-scan],A|B|G
p2480,2019,Does semantic knowledge influence event segmentation and recall of text,journal:Memory &amp; Cognition [listed],A|E
p2481,2010,Moderate excitation leads to weakening of perceptual representations,journal:Cerebral Cortex [direct-scan],A
p2482,2012,Cholinergic modulation of cognitive processing - insights drawn from computational models,journal:Frontiers in Behavioral Neuroscience [listed],A|B|E|G
p2483,2015,Data-Dependent Path Normalization in Neural Networks,arXiv:category-unknown,B|G
p2484,2017,Exploring Generalization in Deep Learning,arXiv:category-unknown,A|B|E|G
p2485,2018,Towards Understanding the Role of Over-Parametrization in Generalization of Neural Networks,arXiv:category-unknown,B|G
p2487,2026,Inventing the future - A neuroscience research roadmap,journal:Neuron [direct-scan],A|E
p2488,2019,Ten quick tips for effective dimensionality reduction,journal:PLOS Computational Biology [listed],A|B|G
p2489,2014,Deep Neural Networks are Easily Fooled - High Confidence Predictions for Unrecognizable Images,arXiv:category-unknown,A|B|G
p2490,2016,Synthesizing the preferred inputs for neurons in neural networks via deep generator networks,arXiv:category-unknown,A|B|D|E
p2491,2017,Shared understanding is correlated with shared neural responses in the default mode network,bioRxiv:section-unknown,A|E
p2492,2019,Shared understanding of narratives is correlated with shared neural responses,journal-unknown(10.1016/j.neur),A|E|G
p2493,2019,Understanding Neural Networks via Feature Visualization - A survey,arXiv:cs.LG,A|B|E
p2494,2023,Structured cerebellar connectivity supports resilient pattern separation,journal:Nature [direct-scan],A|B|D|G
p2496,2024,pgae459,arXiv:category-unknown,A|B|E|G
p2497,2025,Multiple event segmentation mechanisms in the human brain,journal-unknown(10.7554/eLife.),A|B|E|G
p2498,2021,Disentangling sources of interference in the N-back task,unknown-venue,A|B|G
p2499,2024,Humans use episodic memory to access features of past experience for flexible decision making,journal:Psychological Review [listed],A|D|E|G
p2500,2025,Episodic memory facilitates flexible decision making via access to detailed events,bioRxiv:section-unknown,A|D|G
p2501,2026,Episodic memory facilitates flexible decision-making via access to detailed events,journal:Nature Human Behaviour [direct-scan],A|D|G
p2502,2022,Uncertainty alters the balance between incremental learning and episodic memory,journal:eLife [direct-scan],A|B|G
p2503,2025,Proactive and reactive construction of memory-based preferences,journal:Nature Communications [direct-scan],A|B|G
p2504,2026,Flexible decisions arise from resource-rational memory sampling,bioRxiv:section-unknown,A|D|G
p2506,2015,Holographic Embeddings of Knowledge Graphs,arXiv:category-unknown,A|C
p2507,2024,Studying the effect of globalization on color perception using multilingual online recruitment and Large Language Models,journal:Proceedings of the National Academy of Sciences [direct-scan],A|C
p2508,2021,Geometry of abstract learned knowledge in the hippocampus,journal:Nature [direct-scan],A|D|E|G
p2509,2015,Human hippocampus represents space and time during retrieval of real-world memories,journal:Proceedings of the National Academy of Sciences [direct-scan],A|D|G
p2510,2005,"Decision making, the P3, and the locus coeruleus-norepinephrine system",journal:Psychological Bulletin [listed],A|B|D|E|G
p2511,2018,Decoding naturalistic experiences from human brain activity via distributed representations of words,journal:NeuroImage [listed],A
p2512,2011,A three-dimensional spatiotemporal receptive field model explains responses of area MT neurons to naturalistic movies,journal:The Journal of Neuroscience [listed],A|B|E
p2513,2011,Reconstructing visual experiences from brain activity evoked by natural movies,journal:Current Biology [direct-scan],A|B
p2514,2009,Reinforcement learning in the brain,unknown-venue,A|E|G
p2515,2019,Learning task-state representations,journal:Nature Neuroscience [direct-scan],A|B|D|E|G
p2516,2016,Reinforcement learning with Marr,journal:Current Opinion in Behavioral Sciences [direct-scan],A|B|E|G
p2517,2015,Reinforcement learning in multidimensional environments relies on attention mechanisms,journal:The Journal of Neuroscience [listed],A|D|G
p2518,2026,Optimal learning rate schedule for balancing effort and performance,arXiv:category-unknown,A|B|G
p2519,2019,Premembering Experience - A Hierarchy of Time-Scales for Proactive Attention,journal:Neuron [direct-scan],A|B|G
p2520,2022,"Cognitive, Systems, and Computational Neurosciences of the Self in Motion",arXiv:category-unknown,A|B|E|G
p2521,2023,The geometry of cortical representations of touch in rodents,journal:Nature Neuroscience [direct-scan],A|B|D|G
p2522,2026,The geometry of context-dependent biased decisions during learning,bioRxiv:section-unknown,A|B|E|G
p2523,2016,Optimal sequencing during category learning - Testing a dual-learning systems perspective,journal-unknown(10.1016/j.cogn),A|E
p2525,2010,How hippocampus and cortex contribute to recognition memory - revisiting the complementary learning systems model,journal:Hippocampus [direct-scan],A|B|E
p2526,2003,Modeling hippocampal and neocortical contributions to recognition memory - a complementary-learning-systems approach,journal:Psychological Review [listed],A|B|D|G
p2527,2005,Methods for reducing interference in the Complement ... ystems model - oscillating inhibition and autonomous memory rehearsal,journal:Neural Networks [listed],A|B|E|G
p2528,2006,Beyond mind-reading - multi-voxel pattern analysis of fMRI data,journal:Trends in Cognitive Sciences [direct-scan],A|B|D
p2529,2006,How inhibitory oscillations can train neural networks and punish competitors,"journal:Neural Computation [title-match, score=1.0]",A|B
p2530,2007,A neural network model of retrieval-induced forgetting,"journal:Psychological Review [title-match, score=1.0]",A|B|D|G
p2532,2025,Deep sequence models tend to memorize geometrically; it is unclear why,arXiv:category-unknown,A|B|C|E
p2533,2011,All rights reserved. No part of the contents of this book may be reproduced or transmitted in any form or by,unknown-venue,B|G
p2534,2011,All rights reserved. No part of the contents of this book may be reproduced or transmitted in any form or by any,unknown-venue,B
p2535,2018,The preregistration revolution,journal:Proceedings of the National Academy of Sciences [direct-scan],A|E|G
p2536,2018,Sensitivity and Generalization in Neural Networks - an Empirical Study,arXiv:category-unknown,A|B|E|G
p2537,2025,AlphaEvolve - A coding agent for scientific and algorithmic discovery,arXiv:cs.AI,A|B|C|E|G
p2538,2025,NeuroXVocal - Detection and explanation of Alzheimer's Disease through non-invasive analysis of picture-prompted speech,arXiv:cs.LG,A|C|D
p2540,2026,Linking neural representations to behavior using generalization,bioRxiv:section-unknown,A|B|D|E|G
p2542,2019,What happened to cognitive science,journal:Nature Human Behaviour [direct-scan],A|B|E
p2543,2018,Are Efficient Deep Representations Learnable,arXiv:category-unknown,B
p2544,2018,Representational differences between line drawin ... ation between multi-voxel pattern analysis and repetition suppression,journal:Neuropsychologia [listed],A
p2545,2024,Natural forgetting reversibly modulates engram expression,journal:eLife [direct-scan],A|D|G
p2546,2017,Superficial layers of the medial entorhinal cortex replay independently of the hippocampus,journal:Science [direct-scan],A|B|E|G
p2547,2023,The representational geometry of emotional states in basolateral amygdala,bioRxiv:section-unknown,A|B|G
p2548,2001,Generalization in interactive networks - the benefits of inhibitory competition and Hebbian learning,"journal:Neural Computation [title-match, score=1.0]",A|B|G
p2549,2006,Making working memory work - a computational model of learning in the prefrontal cortex and basal ganglia,"journal:Neural Computation [title-match, score=1.0]",A|D|G
p2550,2002,Hippocampal and neocortical contributions to memory - advances in the complementary learning systems framework,"journal:Trends in Cognitive Sciences [title-match, score=1.0]",A|B|E|G
p2551,2001,Conjunctive representations in learning and memory - principles of cortical and hippocampal function,journal-unknown(10.1037//0033-),A|D|E
p2552,2014,Complementary learning systems,journal:Cognitive Science [direct-scan],A|B|D
p2553,2017,Deep Predictive Learning - A Comprehensive Model of Three Visual Streams,arXiv:category-unknown,A
p2555,2005,Partially distributed representations of objects and faces in ventral temporal cortex,"journal:Journal of Cognitive Neuroscience [title-match, score=1.0]",A
p2556,2019,New neural activity patterns emerge with long-term learning,journal:Proceedings of the National Academy of Sciences [direct-scan],A
p2557,2025,Dynamical constraints on neural population activity,journal:Nature Neuroscience [direct-scan],A|D|G
p2558,2018,The emergence of multiple retinal cell types through efficient coding of natural movies (1),bioRxiv:section-unknown,A|B|G
p2559,2018,The emergence of multiple retinal cell types through efficient coding of natural movies,unknown-venue,A|B|G
p2560,2017,Reinstatement of memory representations for lifelike events over the course of a week,journal:Scientific Reports [direct-scan],A|D|G
p2561,2019,Effects of amnesia on processing in the hippocam ... default mode network during a naturalistic memory task - A case study,journal:Neuropsychologia [listed],A|D|E|G
p2564,2026,How the 2025 NIH grant terminations varied by researchers' demographic groups,journal:Proceedings of the National Academy of Sciences [direct-scan],A|B
p2566,2018,Data-driven advice for applying machine learning to bioinformatics problems,arXiv:category-unknown,A|B|G
p2568,2019,Did that just happen - Event segmentation inf ... s enumeration and working memory for simple overlapping visual events,journal:Cognition [listed],A|B|E
p2569,2017,Algebraic Variety Models for High-Rank Matrix Completion,arXiv:category-unknown,A|B|D
p2570,2010,Some-or-none recollection - Evidence from item and source memory,journal-unknown(10.1037/a00189),A|B|G
p2571,2008,The functional basis of face evaluation,"journal:Proceedings of the National Academy of Sciences [title-match, score=1.0]",A|B|D|E|G
p2572,2001,Inferotemporal neurons represent low-dimensional configurations of parameterized shapes,journal:Nature Neuroscience [direct-scan],A|D|G
p2574,2023,GPT-4 Technical Report,arXiv:category-unknown,A|B|C|E|G
p2575,2017,Schema benefit vs. proactive interference - Contradicting behavioral outcomes and coexisting neural patterns,journal:NeuroImage [listed],A|D|E
p2576,2024,Learning high-level visual representations from a child’s perspective without strong inductive biases,journal:Nature Machine Intelligence [direct-scan],A|B|G
p2577,2019,A diverse range of factors affect the nature of neural representations underlying short-term memory,journal:Nature Neuroscience [direct-scan],A
p2578,2018,Skip Connections Eliminate Singularities,unknown-venue,B
p2580,2019,Meta-learning of Sequential Strategies,arXiv:category-unknown,A|B|G
p2581,2023,Serial dependence in emotion perception mirrors the autocorrelations in natural emotion statistics,journal-unknown(10.1167/jov.23),A|B|G
p2582,2024,Schema-driven prediction effects on episodic memory across the lifespan,journal:Philosophical Transactions of the Royal Society B: Biological Sciences [listed],A|B|D|G
p2583,2026,Internal state dynamically gates task-specific attractor dynamics in prefrontal cortex,bioRxiv:section-unknown,A|B|G
p2584,2019,Behaviour Suite for Reinforcement Learning,arXiv:category-unknown,A|B|G
p2585,2023,The computational role of structure in neural activity and connectivity,journal:Nature [direct-scan],A|B|D
p2586,2024,Computational role of structure in neural activity and connectivity,journal:Trends in Cognitive Sciences [direct-scan],A|D|G
p2588,2008,"Saccades and microsaccades during visual fixa ... exploration, and search - foundations for a common saccadic generator",journal-unknown(10.1167/8.14.2),A
p2589,2025,Replay builds an efficient cognitive map offline to avoid computation online,bioRxiv:section-unknown,A|B|E|G
p2590,2018,Computational theories of curiosity-driven learning,arXiv:cs.AI,A|E|G
p2591,2022,Training language models to follow instructions with human feedback,arXiv:cs.CL,B|C|G
p2592,2005,N-back working memory paradigm - a meta-analysis of normative functional neuroimaging studies,journal:Human Brain Mapping [listed],A|E
p2593,2019,High-level cognition during story listening is reflected in high-order dynamic correlations in neural activity patterns,bioRxiv:section-unknown,A|B|D|E|G
p2594,2015,Hippocampal place cells construct reward related sequences through unexplored space,journal-unknown(10.7554/eLife.),A|B|G
p2595,2018,The Role of Hippocampal Replay in Memory and Planning,journal:Current Biology [direct-scan],A|D|G
p2596,2026,Online behavioral studies are vulnerable to agentic AI,journal:Brain Sciences [listed],A
p2597,2012,Mental time travel and default-mode network functional connectivity in the developing brain (1),journal:Proceedings of the National Academy of Sciences [direct-scan],A|D|G
p2598,2012,Mental time travel and default-mode network functional connectivity in the developing brain,journal:Proceedings of the National Academy of Sciences [direct-scan],A|D|G
p2599,2019,Visual Working Memory Impairments for Single Items Following Medial Temporal Lobe Damage View project,journal-unknown(10.13140/RG.2.),A|D|E
p2601,2019,Building brain-inspired computing,journal:Nature Communications [direct-scan],A|B|E
p2602,2015,Concepts in a Probabilistic Language of Thought,unknown-venue,A|B
p2603,2000,Cross-national compariso ... l disorders. WHO International Consortium in Psychiatric Epidemiology,unknown-venue,B
p2604,2012,Duncan et al (2012) - Replication Report,unknown-venue,A|G
p2605,2000,Episodic memory in single cells,"journal:Trends in Cognitive Sciences [title-match, score=1.0]",A|E|G
p2606,2006,"discussed in Chapter 3, prior distributions for various everyday quantities could be estimated from online",unknown-venue,A|B|E|G
p2608,2004,"existing literature, a substantial collection of carefully controlled experimental work, and",unknown-venue,A|B
p2609,2018,"modalities (e.g. typed responses, button presses, etc.). Further, the transcription process is often tedious",journal-unknown(10.21105/joss.),A|B|G
p2610,2015,"metrical cortical areas, in the medial and lateral parietal, medial prefrontal,",journal:Annual Review of Neuroscience [listed],A|B|D|E
p2611,2010,"Howard Hughes Medical Institute at Harvard University, Cambridge, Massachusetts 02138;",journal:Annual Review of Psychology [direct-scan],A|B|G
p2612,2007,The adaptive and strateg ... y older adults - Evaluative processing and value-directed remembering,journal-unknown(10.1016/S0079-),A|E|G
p2613,2016,d Medial temporal lobe theta amplitude predicts successful,journal:Current Biology [direct-scan],A|B|G
p2614,2010,"sentences, perceiving social interactions and development of social",journal:Frontiers in Neuroinformatics [listed],A|B|D|E|G
p2615,2019,Coordinated representational reinstatement ... pocampus and lateral temporal cortex during episodic memory retrieval,journal:Nature Communications [direct-scan],A|D
p2616,2024,Individual variability of neural computations underlying flexible decisions,journal:Nature [direct-scan],A|B|G
p2617,2012,Inter-subject correlation in fMRI - method validation against stimulus-model based analysis,journal:PLoS ONE [listed],A|E
p2618,2018,A tutorial on joint models of neural and behavioral measures of cognition,journal:Journal of Mathematical Psychology [listed],A|B|E
p2619,2002,Observing the transformation of experience into memory,"journal:Trends in Cognitive Sciences [title-match, score=1.0]",A|E
p2621,2019,Medial Temporal Lobe Amnesia Is Associated with a Deficit in Recovering Temporal Context,journal:Journal of Cognitive Neuroscience [listed],A|B|G
p2622,2016,Changing climates of conflict - A social network experiment in 56 schools,journal:Proceedings of the National Academy of Sciences [direct-scan],A|E
p2623,2024,Neural correlates of kinematic features of passive finger movement revealed by univariate and multivariate fMRI analyses,bioRxiv:section-unknown,A|B|D
p2624,2018,Inferring single-trial neural population dynamics using sequential auto-encoders,journal:Nature Methods [listed],A|E
p2625,2025,A non-Hebbian code for episodic memory,bioRxiv:section-unknown,A|B|G
p2626,2023,Geometric constraints on human brain function,journal:Nature [direct-scan],A|B|D|E
p2627,2018,Error-correcting dynamics in visual working memory,bioRxiv:section-unknown,A|D|G
p2628,2024,Intermittent rate coding and cue-specific ensembles support working memory,journal:Nature [direct-scan],A|B
p2629,2020,Brain computation by assemblies of neurons,arXiv:category-unknown,A|B|E
p2630,2016,Transferability in Machine Learning - from Phenomena to Black-Box Attacks using Adversarial Samples,arXiv:category-unknown,A|B|E
p2633,2026,Comparing semantic navigation in humans and large language models using natural language processing,journal:Psychological Review [listed],A|C|D|G
p2634,2018,The Sync - deSync Model - How a Synchronized Hippocampus and a Desynchronized Neocortex Code Memories,journal:The Journal of Neuroscience [listed],A|D|E
p2635,2019,Continual lifelong learning with neural networks - A review,arXiv:category-unknown,A|B|E|G
p2636,2017,Neural Map - Structured Memory for Deep Reinforcement Learning,arXiv:category-unknown,A|B|C|G
p2637,2009,Different roles of the parahippocampal place area (PPA) and retrosplenial cortex (RSC) in panoramic scene perception,journal:NeuroImage [listed],A|E
p2638,2017,Functional Subpopulations of Neurons in a Macaque Face Patch Revealed by Single-Unit fMRI Mapping,journal:Neuron [direct-scan],A|E
p2639,2019,Cognitive control of behavior and hippocampal information processing without medial prefrontal cortex,bioRxiv:section-unknown,A|E|G
p2640,2021,Reset of hippocampal–prefrontal circuitry facilitates learning,journal:Nature [direct-scan],A|D|G
p2641,2024,ICLR - In-context learning of representations,arXiv:category-unknown,A|B|C|D|E
p2642,2025,Compositional architecture - Orthogonal neural codes for task context and spatial memory in prefrontal cortex,bioRxiv:section-unknown,A|B
p2643,2025,Emotional arousal enhances narrative memories through functional integration of large-scale brain networks,journal:Nature Human Behaviour [direct-scan],A|B|D|G
p2644,2025,Hippocampal systems for event encoding and sequencing during ongoing narrative comprehension,journal:Communications Biology [direct-scan],A|C|D|E
p2646,2016,Reward and choice encoding in terminals of midbrain dopamine neurons depends on striatal target,journal:Nature Neuroscience [direct-scan],A|B|G
p2647,2018,Similar neural responses predict friendship,journal:Nature Communications [direct-scan],A
p2648,2021,Peer review - the case for neutral language,journal:Trends in Cognitive Sciences [direct-scan],A|E
p2649,2012,Electrical stimulation of human fusiform face-selective regions distorts face perception,journal:The Journal of Neuroscience [listed],A
p2650,2002,Is face processing species-specific during the first year of life,journal:Science [direct-scan],A
p2651,2013,Revisiting Natural Gradient for Deep Networks (1),arXiv:cs.LG,B
p2652,2013,Revisiting Natural Gradient for Deep Networks,arXiv:cs.LG,B
p2653,2013,On the number of response regions of deep feed forward networks with piece-wise linear activations,arXiv:cs.LG,A|B
p2654,2014,On the saddle point problem for non-convex optimization,arXiv:category-unknown,B|G
p2655,2017,Learning model-based planning from scratch,arXiv:category-unknown,A|B|E|G
p2656,2008,Internally generated cell assembly sequences in the rat hippocampus,journal-unknown(10.1126/scienc),A|B|G
p2657,2017,Automatic differentiation in PyTorch,unknown-venue,A|B|D|G
p2658,2019,"PyTorch - An Imperative Style, High-Performance Deep Learning Library",arXiv:category-unknown,A|B|E|G
p2659,2019,Bayesian Meta-Learning for the Few-Shot Setting via Deep Kernels,arXiv:category-unknown,A|B
p2660,2021,The Versatile Wayfinder - Prefrontal Contributions to Spatial Navigation,journal:Trends in Cognitive Sciences [direct-scan],A|G
p2661,2018,Lingering Cognitive States Shape Fundamental Mnemonic Abilities,journal:Psychological Science [direct-scan],A|B|D|E
p2662,2017,Reward retroactively enhances memory consolidation for related items,bioRxiv:section-unknown,A|G
p2663,2007,Where do you know what you know - The representation of semantic knowledge in the human brain,journal:Nature Reviews Neuroscience [direct-scan],A|D
p2664,2013,Ten simple rules for writing a literature review,journal:PLoS Computational Biology [listed],E|G
p2665,2019,The human imagination - the cognitive neuroscience of visual mental imagery,bioRxiv:section-unknown,A|E
p2666,2025,Hippocampus supports multi-task reinforcement learning under partial observability,journal:Nature Communications [direct-scan],A|B|G
p2667,2015,Thirty Years After Marr's Vision - Levels of Analysis in Cognitive Science,journal:Topics in Cognitive Science [listed],A|B
p2668,2023,Testing cognitive theories with multivariate pattern analysis of neuroimaging data (1),journal:Nature Human Behaviour [direct-scan],A
p2669,2023,Testing cognitive theories with multivariate pattern analysis of neuroimaging data,journal:Nature Human Behaviour [direct-scan],A
p2670,2019,PsychoPy2 - Experiments in behavior made easy,journal:Behavior Research Methods [listed],A|D|E|G
p2671,2025,A position coding model that accounts for the effects of event boundaries on temporal order memory,journal:Cognitive Psychology [listed],A|E
p2672,2025,Hierarchical coding of local and global positions in episodic memory for naturalistic sequences,bioRxiv:section-unknown,A|B|G
p2673,2017,Geometry of Neural Network Loss Surfaces via Random Matrix Theory,arXiv:category-unknown,A|B
p2674,2014,GloVe - Global Vectors for Word Representation,"journal:Proceedings of the 2014 Conference on Empirical Methods in Natural Language Processing (EMNLP) [title-match, score=1.0]",B|D|G
p2675,2017,Resurrecting the sigmoid in deep learning through dynamical isometry - theory and practice,arXiv:category-unknown,B|G
p2676,2009,Machine learning classifiers and fMRI - a tutorial overview,journal:NeuroImage [listed],A|B|E|G
p2677,2018,Fast animal pose estimation using deep neural networks,bioRxiv:section-unknown,A|B
p2678,2018,Toward a universal decoder of linguistic meaning from brain activation,journal:Nature Communications [direct-scan],A|B|E
p2680,2020,Inferring brain-wide interactions using data-constrained recurrent neural network models,bioRxiv:section-unknown,A|B|D
p2681,2023,Neural patterns differentiate traumatic from sad autobiographical memories in PTSD,journal:Nature Neuroscience [direct-scan],A|D
p2682,2018,Investigating large-scale brain dynamics using field potential recordings - analysis and interpretation,journal:Nature Neuroscience [direct-scan],A
p2683,2024,Do humans learn like transformer networks,arXiv:category-unknown,A|B|C
p2684,2025,Shared sensitivity to data distribution during learning in humans and transformer networks,journal:Nature Human Behaviour [direct-scan],A|B|C|G
p2685,2008,Reinforcement learning of motor skills with policy gradients,journal:Neural Networks [listed],A|B|G
p2686,2019,A way around the exploration-exploitation dilemma,bioRxiv:section-unknown,A|G
p2687,2016,Adapting Deep Network Features to Capture Psychological Representations,arXiv:category-unknown,A|B|D
p2688,2017,Adapting Deep Network Features to Capture Psychological Representations - An Abridged Report,arXiv:category-unknown,A|B|D
p2689,2018,Evaluating (and improving) the correspondence between deep neural networks and human representations,journal:Cognitive Science [direct-scan],A|B|D|E
p2690,2017,Age and sex modulate the variability of neural responses to naturalistic videos,bioRxiv:section-unknown,A|E|G
p2691,2018,The Variability of Neural Responses to Naturalistic Videos Change with Age and Sex,journal:eneuro [listed],A|B|E|G
p2692,2016,Event boundaries and memory improvement,journal:Cognition [listed],A|B|E
p2693,2026,Interpretable compositional computation with recurrent neural networks,bioRxiv:section-unknown,A|B|D|G
p2694,2017,Brain-to-brain entrainment - EEG interbrain synchronization while speaking and listening,journal:Scientific Reports [direct-scan],A
p2695,2024,Stimulus encoding by specific inactivation of cortical neurons,journal:Nature Communications [direct-scan],A|D
p2696,2013,Hippocampal place-cell sequences depict future paths to remembered goals (1),journal:Nature [direct-scan],A
p2697,2013,Hippocampal place-cell sequences depict future paths to remembered goals,journal:Nature [direct-scan],A|D|E|G
p2699,2019,Memory editing from science fiction to clinical practice,journal:Nature [direct-scan],A
p2700,2017,"The exploding gradient problem demystified - definition, prevalence, impact, origin, tradeoffs, and solutions",arXiv:category-unknown,A|B
p2703,2016,Extraordinary intelligence and the care of infants,journal:Proceedings of the National Academy of Sciences [direct-scan],A|B|E
p2704,2018,Infant and adult brains are coupled to the dynamics of natural communication,bioRxiv:section-unknown,A|G
p2705,2016,A Growing Long-term Episodic & Semantic Memory,arXiv:category-unknown,A
p2706,2019,Learning Compositional Neural Programs with Recursive Tree Search and Planning,arXiv:category-unknown,A|B|C|G
p2707,2023,A Survey of Temporal Credit Assignment in Deep Reinforcement Learning,arXiv:cs.LG,A|E|G
p2708,2017,Is population activity more than the sum of its parts,"journal:Nature Neuroscience [title-match, score=1.0]",A|B|G
p2709,2018,Probing Physics Knowledge Using Tools from Developmental Psychology,arXiv:category-unknown,A|B|G
p2710,2022,Intuitive physics learning in a deep-learning model inspired by developmental psychology,journal:Nature Human Behaviour [direct-scan],A|B|E|G
p2711,2014,Deterministic Conditions for Subspace Identifiability from Incomplete Sampling,arXiv:stat.ML,A|B|E
p2713,2018,Knowledge acquisition is governed by striatal prediction errors,journal:Nature Communications [direct-scan],A|B|D|E|G
p2714,2018,"Individual Brain Charting, a high-resolution fMRI dataset for cognitive mapping",journal:Scientific Data [direct-scan],A
p2715,2024,Assessing episodic memory in LLMs with Sequence Order Recall Tasks,arXiv:category-unknown,A|B|C|G
p2716,2025,Position - Episodic memory is the missing piece for long-term LLM agents,arXiv:category-unknown,A|C|G
p2717,2025,Addressing low statistical power in computational modelling studies in psychology and neuroscience,journal:Nature Human Behaviour [direct-scan],A|G
p2718,2019,"A common model explaining flexible decision making, grid fields and cognitive control",bioRxiv:section-unknown,A|B|G
p2719,2021,A model for learning based on the joint estimation of stochasticity and volatility,journal:Nature Communications [direct-scan],A|G
p2720,2024,Computational processes of simultaneous learning of stochasticity and volatility in humans,journal:Nature Communications [direct-scan],A|B|G
p2721,2024,The global distribution of plants used by humans,journal-unknown(10.5063/F1CV4G),A|G
p2722,2019,Lapses in perceptual decisions reflect exploration,bioRxiv:section-unknown,A|B|G
p2723,2021,Lapses in perceptual decisions reflect exploration,journal:eLife [direct-scan],A|B|G
p2724,2009,"Triple dissociation of faces, bodies, and objects in extrastriate cortex",journal:Current Biology [direct-scan],A|E|G
p2725,2022,PTSD is associated with impaired event processing and memory for everyday events,journal:Cognitive Research: Principles and Implications [listed],A|E
p2726,2022,Semantic knowledge attenuates age-related differences in event segmentation and episodic memory,journal:Memory &amp; Cognition [listed],A|D|E|G
p2727,2023,Cueing natural event boundaries improves memory in people with post-traumatic stress disorder,journal:Cognitive Research: Principles and Implications [listed],A|E|G
p2728,2023,A recurrent neural network model of prefrontal brain activity during a working memory task,journal:PLOS Computational Biology [listed],A|D
p2729,2016,Bidirectional prefrontal-hippocampal interactions support context-guided memory,journal:Nature Neuroscience [direct-scan],A|D|G
p2730,2018,The integration of realistic episodic memories re ... different working memory processes - Evidence from virtual navigation,journal:Frontiers in Psychology [listed],A|E|G
p2731,2008,Risky business - the neuroeconomics of decision making under uncertainty,journal:Nature Neuroscience [direct-scan],A|G
p2732,2023,Memory Gym - Partially Observable Challenges to Memory-Based Agents in Endless Episodes,arXiv:cs.LG,A|B|E|G
p2734,2021,Experience-dependent contextual codes in the hippocampus,journal:Nature Neuroscience [direct-scan],A|B|G
p2735,2015,"Reliance on small samples, the wavy recency effect, and similarity-based learning",journal:Psychological Review [listed],A|G
p2736,2018,Neural Nearest Neighbors Networks,arXiv:category-unknown,A|D|G
p2737,2020,"Context-modular memory networks support high-capacity, flexible, and robust associative memories",bioRxiv:section-unknown,A|B|C|D|G
p2739,2006,Can cognitive processes be inferred from neuroimaging data,journal:Trends in Cognitive Sciences [direct-scan],A|B|E|G
p2740,2001,Interactive memory systems in the human brain,unknown-venue,A|D|E
p2741,2011,Handbook of functional MRI data analysis,unknown-venue,A|B|D|E|G
p2742,2019,Computational and Informatic Advances for Reproducible Data Analysis in Neuroimaging,journal-unknown(10.1146/annure),A|B|E
p2743,2019,The Importance of Standards for Sharing of Computational Models and Data,journal:Computational Brain &amp; Behavior [listed],A|B|E|G
p2744,2010,Laminar analysis of 7T BOLD using an imposed spatial activation pattern in human V1,journal:NeuroImage [listed],A|D|E
p2745,2019,Engineering recurrent neural networks from task-relevant manifolds and dynamics,bioRxiv:section-unknown,A|D
p2746,2008,Memory search and the neural representation of context,journal:Trends in Cognitive Sciences [direct-scan],A|B|E
p2747,2005,Category-specific cortical activity precedes retrieval during memory search,journal:Science [direct-scan],A
p2748,2009,A context maintenance and retrieval model of organizational processes in free recall,"journal:Psychological Review [title-match, score=1.0]",A|B|D|E
p2749,2019,Evolving Images for Visual Neurons Using a Deep Generative Network Reveals Coding Principles and Neuronal Preferences,journal:Cell [direct-scan],A|B|D
p2750,2016,Exponential expressivity in deep neural networks through transient chaos,arXiv:category-unknown,A|B|G
p2751,2018,Frequency Effects on Memory - A Resource-Limited Theory,journal:Memory &amp; Cognition [listed],A|B|E
p2752,2018,The effect of semantic relatedness on associative asymmetry in memory,"journal:Journal of Experimental Psychology: Learning, Memory, and Cognition [listed]",A|B|G
p2753,2019,Semantic knowledge influences whether novel episodic associations are represented symmetrically or asymmetrically,journal:Memory &amp; Cognition [listed],A|B|G
p2754,2024,"Rarely categorical, always high-dimensional - how the neural code changes along the cortical hierarchy",bioRxiv:section-unknown,A|B|C|G
p2755,2026,"Rarely categorical, highly separable representations along the cortical hierarchy",journal:Nature [direct-scan],A|B|D
p2756,2024,Successful prediction is associated with enhanced encoding,journal:Computational Brain &amp; Behavior [listed],A|B|D
p2757,2006,Working memory as an emergent property of the mind and brain,"journal:Neuroscience [title-match, score=1.0]",A|B|D|E|G
p2758,2018,A Biologically Plausible Learning Rule for Deep Learning in the Brain,arXiv:category-unknown,A|B|D|E|G
p2759,2016,Do Computational Models Differ Systematically from Human Object Perception,journal:2016 IEEE Conference on Computer Vision and Pattern Recognition (CVPR) [conference],A|D|G
p2762,2013,Interplay of hippocampus and prefrontal cortex in memory,journal:Current Biology [direct-scan],A|C|D|E
p2763,2018,Learning Dynamics of Linear Denoising Autoencoders,arXiv:category-unknown,A|B|D|G
p2764,2022,Signatures of rapid plasticity in hippocampal CA1 representations during novel experiences,journal:Neuron [direct-scan],A|D|G
p2765,2017,Neural Episodic Control,arXiv:category-unknown,A|G
p2766,2019,MEG sensor patterns reflect perceptual but not categorical similarity of animate and inanimate objects,journal:NeuroImage [listed],A
p2767,2022,Event boundaries shape temporal organization of memory by resetting temporal context,journal:Nature Communications [direct-scan],A|E
p2768,2023,Multitask computation through dynamics in recurrent spiking neural networks,journal:Scientific Reports [direct-scan],A|B|D|G
p2770,2024,Positive affect modulates memory by regulating the influence of reward prediction errors,journal:Communications Psychology [direct-scan],A|B|D|G
p2772,2023,Coordinated drift of receptive fields in Hebbian - anti-Hebbian network models during noisy representation learning,journal:Nature Neuroscience [direct-scan],A|G
p2773,2019,Blockwise Self-Attention for Long Document Understanding,arXiv:category-unknown,A|B
p2774,2024,Forming cognitive maps for abstract spaces - the roles of the human hippocampus and orbitofrontal cortex,journal:Communications Biology [direct-scan],A|B|G
p2775,2026,Development of non-spatial grid-like neural codes tracks inference and intelligence,journal:Cell [direct-scan],A|B
p2776,2018,Emergent mechanisms of evidence integration in recurrent neural networks,journal:PLOS ONE [listed],A|G
p2777,2019,Adaptive time scales in recurrent neural networks,bioRxiv:section-unknown,A|E
p2778,2021,A predictive account of how novelty influences declarative memory,journal-unknown(10.1016/j.nlm.),A|B|G
p2779,2021,Shape of U - The relationship between object-location memory and expectedness,journal:Psychological Bulletin [listed],A|G
p2780,2022,Shape of U - The nonmonotonic relationship between object-location memory and expectedness,journal:Psychological Science [direct-scan],A
p2781,2020,No Pattern Separation in the Human Hippocampus,journal:Trends in Cognitive Sciences [direct-scan],A|B
p2782,2024,Abstract choice representations during stable choice-response associations,bioRxiv:section-unknown,A|B|E|G
p2783,2005,Invariant visual representation by single neurons in the human brain,journal:Nature [direct-scan],A
p2784,2016,Adaptation without Plasticity,journal:Cell Reports [listed],A|E
p2785,2018,Causal evidence for mnemonic metacognition in human precuneus,journal:The Journal of Neuroscience [listed],A|D|E|G
p2786,2012,Imagining Other People's Experiences in a Person with Impaired Episodic Memory - The Role of Personal Familiarity,journal:Frontiers in Psychology [listed],A|B|G
p2787,2016,Using fMRI to understand event construction in developmental amnesia,journal:Neuropsychologia [listed],A|D|G
p2788,2018,Machine Theory of Mind,arXiv:category-unknown,A|B|G
p2789,2018,Modelling the N400 brain potential as change in a probabilistic representation of meaning,journal:Nature Human Behaviour [direct-scan],A|G
p2790,2021,Does the prefrontal cortex play an essential role i ... Insights from intracranial electrical stimulation of the human brain,journal:The Journal of Neuroscience [listed],A|G
p2791,2022,Memory in humans and deep language models - Linking hypotheses for model augmentation,arXiv:category-unknown,A|B|C|G
p2792,2024,"The “Naturalistic Free Recall” dataset - four stories, hundreds of participants, and high-fidelity transcriptions",journal:Scientific Data [direct-scan],A|D|E|G
p2793,2017,Pinging the brain to reveal hidden memories,"journal:Nature Neuroscience [title-match, score=1.0]",A|B|D
p2794,2022,Robust speech recognition via large-scale weak supervision,arXiv:category-unknown,A|B|E|G
p2795,2020,Overparameterized neural networks implement associative memory (1),arXiv:category-unknown,A|B|E
p2796,2020,Overparameterized neural networks implement associative memory,arXiv:category-unknown,A|B|E
p2797,2012,Across the Event Horizon,journal:Current Directions in Psychological Science [listed],A|B|E
p2798,2006,Walking through doorways causes forgetting - situation models and experienced space,"journal:Memory &amp; Cognition [title-match, score=1.0]",A|B
p2799,2011,Event perception,journal-unknown(10.1002/wcs.13),A|D|E
p2800,2017,Event Boundaries in Memory and Cognition,journal-unknown(10.1016/j.cobe),A|B|D|E|G
p2801,2020,Do Transformers Need Deep Long-Range Memory,arXiv:category-unknown,A|C|G
p2802,2018,Fast Parametric Learning with Activation Memorization (1),arXiv:category-unknown,A|C|E|G
p2803,2018,Fast Parametric Learning with Activation Memorization,arXiv:category-unknown,A|C|E|G
p2804,2020,Scalable and compressive neural network data storage system,unknown-venue,A|B
p2805,2024,Engineering flexible machine learning systems by traversing functionally invariant paths,journal:Nature Machine Intelligence [direct-scan],A|B|C|G
p2806,2016,On the Expressive Power of Deep Neural Networks,arXiv:category-unknown,B|G
p2807,2016,Survey of Expressivity in Deep Neural Networks,arXiv:category-unknown,A|B|D
p2808,2017,On the Expressive Power of Deep Neural Networks,arXiv:cs.LG,B|G
p2809,2017,SVCCA - Singular Vector Canonical Correlation Analysis for Deep Learning Dynamics and Interpretability,arXiv:category-unknown,A|B|C
p2810,2018,On the Spectral Bias of Neural Networks,arXiv:category-unknown,A|B
p2811,2008,Random Features for Large-Scale Kernel Machines,unknown-venue,A|B|D
p2813,2010,Two views of brain function,journal:Trends in Cognitive Sciences [direct-scan],A|E|G
p2814,2015,The brain's default mode network,journal:Annual Review of Neuroscience [listed],A|B|D|E
p2815,2007,A default mode of brain function - a brief history of an evolving idea,journal:NeuroImage [listed],A|E
p2816,2023,Contextual familiarity rescues the cost of switching,journal:Psychonomic Bulletin &amp; Review [direct-scan],A|D|G
p2817,2012,What makes different people's representation ... l similarity space solves the problem of across-subject fMRI decoding,journal-unknown(10.1002/hbm212),A|E
p2818,2018,Beyond Core Object Recognition - Recurrent processes account for object recognition under occlusion,bioRxiv:section-unknown,A|B|G
p2819,2018,"Large-scale, high-resolution comparison of the ... humans, monkeys, and state-of-the-art deep artificial neural networks (1)",bioRxiv:section-unknown,A|B|E
p2820,2018,"Large-scale, high-resolution comparison of the ... humans, monkeys, and state-of-the-art deep artificial neural networks",bioRxiv:section-unknown,A|B|E
p2821,2006,Eigenvalue spectra of random matrices for neural networks,journal:Physical Review Letters [listed],A|B|D
p2822,2016,Recurrent Network Models of Sequence Generation and Memory,journal:Neuron [direct-scan],A|B|D|G
p2823,2017,The neural and computational bases of semantic cognition,journal:Nature Reviews Neuroscience [direct-scan],A|B
p2824,2017,Searching for Activation Functions,arXiv:category-unknown,A|B|E|G
p2825,2018,Fundamental bounds on learning performance in neural circuits,bioRxiv:section-unknown,A|D|G
p2826,2018,Rethinking the Role of the Angular Gyrus in Remembering the Past and Imagining the Future - The Contextual Integration Model,journal:The Neuroscientist [listed],A|E
p2827,2024,"How schema knowledge influences memory in older adults - Filling in the gaps, or leading memory astray",journal:Psychology and Aging [listed],A
p2828,2013,Creating a false memory in the hippocampus,journal:Science [direct-scan],A
p2829,2020,Hopfield Networks is All You Need,arXiv:category-unknown,A|B|C|G
p2830,2021,Watch and learn - The cognitive neuroscience of learning from others' actions,journal:Trends in Neurosciences [listed],A|E|G
p2831,2023,Neural signal propagation atlas of Caenorhabditis elegans,journal:Nature [direct-scan],A|D|G
p2832,2022,What is episodic memory and how do we use it,journal:Trends in Cognitive Sciences [direct-scan],A|B|G
p2833,2012,Two cortical systems for memory-guided behaviour,journal:Nature Reviews Neuroscience [direct-scan],A|D
p2835,2014,A category-free neural population supports evolving demands during decision-making,journal:Nature Neuroscience [direct-scan],A|G
p2836,2021,Synthetic Returns for Long-Term Credit Assignment,arXiv:category-unknown,A|B|G
p2837,2013,About sleep's role in memory,journal-unknown(10.1152/physre),A|E|G
p2838,2008,The diffusion decision model - theory and data for two-choice decision tasks,"journal:Neural Computation [title-match, score=1.0]",A|B|E|G
p2839,2016,Diffusion Decision Model - Current Issues and History,journal:Trends in Cognitive Sciences [direct-scan],A|B|E|G
p2840,2017,Equivariance Through Parameter-Sharing,arXiv:category-unknown,B|E
p2841,2026,"The First 1,000 days (1kD) project - collecting and analyzing an ultra-dense naturalistic dataset of Human baby development",bioRxiv:section-unknown,A|G
p2842,2018,Shared contextual knowledge strengthens inter-subject synchrony and pattern similarity in the semantic network,bioRxiv:section-unknown,A|E|G
p2843,2026,A normative account of human temporal structure learning,bioRxiv:section-unknown,A|G
p2844,2018,What does the functional organization of cort ... pocampal networks tell us about the functional organization of memory,journal:Neuroscience Letters [listed],A|B|E
p2845,2021,A cortico-hippocampal scaffold for representing and recalling lifelike events,bioRxiv:section-unknown,A|B|D
p2846,2023,Flexible reuse of cortico-hippocampal representations during encoding and recall of naturalistic events,journal:Nature Communications [direct-scan],A|B|D
p2847,2020,Aging alters neural activity at event boundaries in the hippocampus and Posterior Medial network,journal:Nature Communications [direct-scan],A|D|E|G
p2848,2019,Representation of abstract semantic knowledge in populations of human single neurons in the medial temporal lobe,journal:PLOS Biology [listed],A
p2849,2016,iCaRL - Incremental Classifier and Representation Learning,arXiv:category-unknown,A|B
p2850,2018,Do CIFAR-10 Classifiers Generalize to CIFAR-10,arXiv:cs.LG,A|B|G
p2851,2016,Generative Adversarial Text to Image Synthesis,arXiv:category-unknown,A|B|E
p2852,2013,Selective and invariant neural responses to spoken and written narratives,journal:The Journal of Neuroscience [listed],A|B
p2853,2018,Propagation of information along the cortical hierarchy as a function of attention while reading and listening to stories,bioRxiv:section-unknown,A|B|D|E
p2854,2019,Propagation of information along the cortical hierarchy as a function of attention while reading and listening to stories,journal:Cerebral Cortex [direct-scan],A|B
p2855,2018,"Distinctiveness Benefits Novelty (and Not Familiarity), but Only Up to a Limit - The Prior Knowledge Perspective",journal:Cognitive Science [direct-scan],A|G
p2856,2005,Feature inference and the causal structure of categories,journal:Cognitive Psychology [listed],A|B|D
p2857,2020,"Novelty Manipulations, Memory Performance, and Predictive Coding - the Role of Unexpectedness",journal:Frontiers in Human Neuroscience [listed],A|B|G
p2858,2013,Neuronal Synchrony in Complex-Valued Deep Networks,arXiv:category-unknown,A|B
p2859,2019,Sentence-BERT - Sentence embeddings using Siamese BERT-networks,arXiv:category-unknown,C|E|G
p2860,2017,Inter-subject Functional Correlation Reveal a Hierarchical Organization of Extrinsic and Intrinsic Systems in the Brain,journal:Scientific Reports [direct-scan],A|B|D|E
p2861,2018,Effective connectivity of the anterior hippocampus predicts recollection confidence during natural memory retrieval,journal:Nature Communications [direct-scan],A|D|G
p2862,2018,Meta-Learning for Semi-Supervised Few-Shot Classification,arXiv:category-unknown,A|B
p2863,2024,A blocked learning curriculum reduces age-related deficits in memory,PsyArXiv,A|D|G
p2864,2024,Ten-words recall test - an effective tool to differentiate mild cognitive impairment from subjective cognitive decline,journal:Frontiers in Psychiatry [listed],A|B
p2865,2025,Method of loci training yields unique prefrontal representations that support effective memory encoding,bioRxiv:section-unknown,A|B|D|E|G
p2866,2019,From Knowing to Remembering - The Semantic-Episodic Distinction,journal:Trends in Cognitive Sciences [direct-scan],E
p2867,2025,Neural replay is connected to latent cause inference and supports fast generalization,bioRxiv:section-unknown,A|B|E|G
p2868,2007,A computational model of event segmentation from perceptual prediction,"journal:Cognitive Science [title-match, score=1.0]",A|B|E|G
p2869,2014,Stochastic Backpropagation and Approximate Inference in Deep Generative Models,arXiv:category-unknown,A|B
p2870,2023,Measurement of Frontal Midline Theta Oscillations using OPM-MEG,journal:NeuroImage [listed],A
p2871,2020,How intractability spans the cognitive and evolutionary levels of explanation,journal:Topics in Cognitive Science [listed],A|B
p2872,2018,Optimizing deep video representation to match brain activity,arXiv:category-unknown,A|B|D
p2874,2017,The Persistence and Transience of Memory,journal:Neuron [direct-scan],A|B|G
p2875,2014,Patterns across multiple memories are identified over time,journal:Nature Neuroscience [direct-scan],A|B
p2876,2019,A deep learning framework for neuroscience,journal:Nature Neuroscience [direct-scan],A|B
p2877,2025,Stronger language models produce more human-like errors,arXiv:cs.CL,A|B|C|G
p2878,2017,Constructing Experience - Event Models from Perception to Action,journal-unknown(10.1016/j.tics),A|D|E|G
p2879,2016,Predicting the integration of overlapping memories by decoding mnemonic processing states during learning,journal-unknown(10.1016/j.neur),A|B|E
p2880,2019,Flexible updating of dynamic knowledge structures,journal:Scientific Reports [direct-scan],A|B|G
p2881,2026,Stronger memories through smarter stimulation,journal:eLife [direct-scan],A|D|E
p2882,2005,Neural Fitted Q Iteration – First Experiences with a Data Efficient Neural Reinforcement Learning Method,"journal:Lecture Notes in Computer Science [title-match, score=1.0]",A|B|G
p2883,2017,Scalable Recollections for Continual Lifelong Learning,arXiv:category-unknown,A|B|E
p2884,2018,Learning to Learn without Forgetting by Maximizing Transfer and Minimizing Interference (1),arXiv:category-unknown,A|E|G
p2885,2018,Learning to Learn without Forgetting by Maximizing Transfer and Minimizing Interference,arXiv:category-unknown,A|E|G
p2886,2013,The importance of mixed selectivity in complex cognitive tasks,journal:Nature [direct-scan],A|E
p2888,2012,Distributed representations in memory - insights from functional brain imaging,journal:Annual Review of Psychology [direct-scan],A|B|D|E
p2889,2004,Measuring functional connectivity during distinct stages of a cognitive task,journal:NeuroImage [listed],A|D
p2890,2013,Neural similarity between encoding and retrieval is related to memory via hippocampal interactions,journal:Cerebral Cortex [direct-scan],A|B|D
p2891,2019,Meta-reinforcement Learning with Episodic Recall - An Integrative Theory of Reward-Driven Learning,arXiv:category-unknown,A|B|G
p2892,2017,Cognitive Psychology for Deep Neural Networks - A Shape Bias Case Study,arXiv:category-unknown,A|B|D|G
p2893,2018,"Been There, Done That - Meta-Learning with Episodic Recall",arXiv:category-unknown,A|E|G
p2894,2018,Episodic Control as Meta-Reinforcement Learning,bioRxiv:section-unknown,A|B|E|G
p2895,2020,Rapid Task-Solving in Novel Environments,arXiv:category-unknown,A|B|G
p2896,2019,Nonmonotonic Plasticity - How Memory Retrieval Drives Learning,journal:Trends in Cognitive Sciences [direct-scan],A|B|D
p2897,2023,Differentiation and integration of competing memories - A neural network model,journal-unknown(10.7554/eLife.),A|B|E
p2898,2025,Convergent neural dynamical systems for task control in artificial networks and human brains,bioRxiv:section-unknown,A|B|G
p2899,2023,Generalization in Sensorimotor Networks Configured with Natural Language Instructions,bioRxiv:section-unknown,A|B|G
p2900,2024,Natural language instructions induce compositional generalization in networks of neurons,journal:Nature Neuroscience [direct-scan],A|B|D|G
p2901,2018,Memory instability as a gateway to generalization,journal:PLOS Biology [listed],A|B|D|E|G
p2902,2017,"Details, gist and schema - hippocampal–neoco ... interactions underlying recent and remote episodic and spatial memory",journal:Annual Review of Psychology [direct-scan],A|D
p2903,2018,The Primacy of Spatial Context in the Neural Representation of Events,journal:The Journal of Neuroscience [listed],A|D|E|G
p2904,2024,Moving experimental psychology online - How to obtain high quality data when we can’t see our participants,journal:Journal of Memory and Language [listed],A|G
p2905,2018,Control of synaptic plasticity in deep cortical networks,journal:Nature Reviews Neuroscience [direct-scan],A|B|E|G
p2906,2018,Mind Reading and Writing - The Future of Neurotechnology,journal:Trends in Cognitive Sciences [direct-scan],A|E|G
p2907,2004,Structure and deterioration of semantic memory - a neuropsychological and computational investigation (1),journal:Psychological Review [listed],A|B|E|G
p2908,2004,Structure and deterioration of semantic memory - a neuropsychological and computational investigation,journal:Psychological Review [listed],A|B|E|G
p2911,2019,"Evidence for a deep, distributed and dynamic semantic code in human ventral anterior temporal cortex (1)",bioRxiv:section-unknown,A|D|E
p2912,2019,"Evidence for a deep, distributed and dynamic semantic code in human ventral anterior temporal cortex",bioRxiv:section-unknown,A|D|E
p2913,2021,"Evidence for a deep, distributed and dynamic code for animacy in human ventral anterior temporal cortex","journal:eLife [title-match, score=1.0]",A|B|D|E
p2914,2019,Modeling Uncertainty by Learning a Hierarchy of Deep Neural Connections,arXiv:category-unknown,A|B|D|E|G
p2917,2000,Memory systems in the brain,unknown-venue,A|G
p2918,2007,An attractor network in the hippocampus - theory and neurophysiology,bioRxiv:section-unknown,A|B|D|G
p2920,2013,The mechanisms for pattern completion and pattern separation in the hippocampus,journal:Frontiers in Systems Neuroscience [listed],A|B|D|G
p2921,2019,The Generation of Time in the Hippocampal Memory System,journal:Cell Reports [listed],A|B
p2922,2019,Deep Recurrent Q-Learning vs Deep Q-Learning on a simple Partially Observable Markov Decision Process with Minecraft,arXiv:category-unknown,A|B|E|G
p2923,2024,Mathematical discoveries from program search with large language models,journal:Nature [direct-scan],A|C|E|G
p2924,2014,FitNets - Hints for Thin Deep Nets,arXiv:cs.LG,A|B|G
p2925,2016,Reactivation of latent working memories with transcranial magnetic stimulation,journal:Cerebral Cortex [direct-scan],A|B|G
p2926,2008,Patterns of autobiographical memory loss in medial-temporal lobe amnesic patients,"journal:Journal of Cognitive Neuroscience [title-match, score=1.0]",A|E
p2927,2022,Valence biases in reinforcement learning shift across adolescence and modulate subsequent memory,journal:eLife [direct-scan],A|B|G
p2928,2017,Characterizing Attention with Predictive Network Models,journal:Trends in Cognitive Sciences [direct-scan],A|D
p2931,2017,Altered topology of neural circuits in congenital prosopagnosia,journal-unknown(10.7554/eLife.),A|B|D
p2932,2013,What is brain fog - An evaluation of the symptom in postural tachycardia syndrome,journal-unknown(10.1007/s10286),A|B
p2933,2016,Recall without Hippocampal Engagement,bioRxiv:section-unknown,A|B|D|G
p2934,2018,Hippocampal Engagement during Recall Depends on Memory Content,journal:Cerebral Cortex [direct-scan],A|B|D|E|G
p2935,2002,Mixture Models of Categorization,journal:Journal of Mathematical Psychology [listed],A|B|E|G
p2936,2017,A cortical-hippocampal-cortical loop of information processing during memory consolidation,journal:Nature Neuroscience [direct-scan],A|B
p2937,2004,Comparing categorization models,journal:Journal of Experimental Psychology: General [direct-scan],A|B|G
p2938,2009,Bayesian t tests for accepting and rejecting the null hypothesis,journal:Psychonomic Bulletin &amp; Review [direct-scan],A|B|E|G
p2939,2005,Prefrontal cortex and flexible cognitive control - rules without symbols,"journal:Proceedings of the National Academy of Sciences [title-match, score=1.0]",A|B|E
p2940,2014,Ten simple rules for better figures,journal:PLoS Computational Biology [listed],A|B
p2941,2021,Signed and unsigned reward prediction errors dynamically enhance learning and memory,journal:Neuron [direct-scan],A|G
p2942,2018,Dissociable effects of surprising rewards on learning and memory,journal-unknown(10.1037/xlm000),A|G
p2943,2020,Reward prediction errors create event boundaries in memory (1),bioRxiv:section-unknown,A|E|G
p2944,2020,Reward prediction errors create event boundaries in memory,journal-unknown(10.1016/j.cogn),A|B|E|G
p2945,2023,Collective events and individual affect shape autobiographical memory,journal:Proceedings of the National Academy of Sciences [direct-scan],A
p2946,2023,Multiple routes to enhanced memory for emotionally relevant events,journal:Trends in Cognitive Sciences [direct-scan],A|E|G
p2947,2019,Reaction times and other skewed distributions - problems with the mean and the median,journal-unknown(10.6084/m9.fig),A|B
p2949,2016,Ten Years of Grid Cells,journal:Annual Review of Neuroscience [listed],A|D|E|G
p2950,2019,Drift-diffusion models for multiple-alternative forced-choice decision making,bioRxiv:section-unknown,A|G
p2951,2004,Do dogs resemble their owners,"journal:Psychological Science [title-match, score=1.0]",A|D
p2952,2020,Efficient Content-Based Sparse Attention with Routing Transformers,arXiv:category-unknown,A|B
p2953,2015,"Event memory - A theory of memory for laboratory, autobiographical, and fictional events",journal-unknown(10.1037/a00379),A|B|E
p2954,2016,An overview of gradient descent optimization algorithms,arXiv:category-unknown,B
p2955,2018,Pooling is neither necessary nor sufficient for appropriate deformation stability in CNNs,arXiv:category-unknown,A|B
p2956,2009,Strengthening individual memories by reactivating them during sleep,journal:Science [direct-scan],A
p2957,2000,Retrieval processing and episodic memory,unknown-venue,A|B|D|E|G
p2958,2020,Stable task information from an unstable neural population,journal:eLife [direct-scan],A|B|E
p2959,2022,Random noise promotes slow heterogeneous synaptic dynamics important for robust working memory computation,bioRxiv:section-unknown,A|B|G
p2960,2015,Functional MRI mapping of dynamic visual features during natural viewing in the macaque,journal:NeuroImage [listed],A|B|D|G
p2961,2015,ImageNet Large Scale Visual Recognition Challenge,arXiv:category-unknown,A|E
p2962,2024,Inverting cognitive models with neural networks to infer preferences from fixations,journal:Cognitive Science [direct-scan],A|B|G
p2963,2020,current challenges facing artificial intelligence and the functions of a particular brain area —,arXiv:category-unknown,A|B
p2964,2022,A Neural Network Model of Continual Learning with Cognitive Control (1),journal:Trends in Cognitive Sciences [direct-scan],A|G
p2965,2022,A Neural Network Model of Continual Learning with Cognitive Control,arXiv:category-unknown,A|G
p2966,2025,Parallel trade-offs in human cognition and neural networks - The dynamic interplay between in-context and in-weight learning,arXiv:category-unknown,A|C|D|G
p2967,2020,Understanding Image Memorability,journal-unknown(10.1016/j.tics),A|B|E|G
p2968,2016,Progressive Neural Networks,arXiv:category-unknown,A|B|D|E|G
p2969,2019,Testing Models of Human Declarative Memory at the Single-Neuron Level,journal:Trends in Cognitive Sciences [direct-scan],A|B|E
p2970,2015,Representation of retrieval confidence by single neurons in the human medial temporal lobe,journal:Nature Neuroscience [direct-scan],A|D|G
p2971,2018,Single-Neuron Representation of Memory Strength and Recognition Confidence in Left Human Posterior Parietal Cortex,journal:Neuron [direct-scan],A|D|G
p2972,2019,Characterizing hippocampal dynamics with MEG - A systematic review and evidence-based guidelines,journal:Human Brain Mapping [listed],A|B
p2973,2024,Curiosity satisfaction increases event-related potentials sensitive to reward,journal:Journal of Cognitive Neuroscience [listed],A|B|G
p2974,2013,Intact learning of new relations in amnesia as achieved through unitization,journal:Journal of Neuroscience [listed],A|B|E|G
p2975,2021,Engram cell connectivity - an evolving substrate for information storage,journal:Current Opinion in Neurobiology [direct-scan],A|D
p2976,2022,Acetylcholine deficit causes dysfunctional inhibitory control in an aging-dependent manner,journal:Scientific Reports [direct-scan],A|G
p2977,2019,Time Cells in the Hippocampus Are Neither Depend ... ial Entorhinal Cortex Inputs nor Necessary for Spatial Working Memory,journal:Neuron [direct-scan],A|D|E
p2978,2017,Dynamic Routing Between Capsules,arXiv:category-unknown,A|E|G
p2979,2010,Function-based intersubject alignment of human cortical anatomy,journal:Cerebral Cortex [direct-scan],A|B|D
p2980,2020,Temporal discounting correlates with directed exploration but not with random exploration,journal:Scientific Reports [direct-scan],A|B|E|G
p2981,2019,Overlap between hippocampal pre-encoding and encoding patterns supports episodic memory,journal:Hippocampus [direct-scan],A|G
p2982,2014,Neural constraints on learning,journal-unknown(10.1038/nature),A|B
p2983,2015,Abstract Context Representations in Primate Amygdala and Prefrontal Cortex,journal-unknown(10.1016/j.neur),A|G
p2984,2018,Towards a new approach to reveal dynamical organization of the brain using topological data analysis,journal:Nature Communications [direct-scan],A|D|G
p2985,2025,Between planning and map building - Prioritizing replay when future goals are uncertain,arXiv:category-unknown,A|B|G
p2986,2004,Destructive effects of 'forget' instructions,"journal:Psychonomic Bulletin &amp; Review [title-match, score=1.0]",A|G
p2987,2008,Task set and prefrontal cortex,journal:Annual Review of Neuroscience [listed],A|B|E|G
p2988,2026,Modeling attention and binding in the brain through bidirectional recurrent gating,journal:Nature Communications [direct-scan],A|B|D|G
p2990,2017,Evolution Strategies as a Scalable Alternative to Reinforcement Learning,arXiv:category-unknown,A|B|E|G
p2991,2019,A short comment on statistical versus mathematical modelling,journal:Nature Communications [direct-scan],A|D|E
p2992,2013,Integration and reuse in cognitive skill acquisition,journal:Cognitive Science [direct-scan],A|G
p2993,2016,Time Cells in Hippocampal Area CA3,journal-unknown(10.1523/JNEURO),A
p2994,2021,Complementary task representations in hippocampus and prefrontal cortex for generalising the structure of problems,bioRxiv:section-unknown,A|G
p2995,2017,Types of approximation for probabilistic cognition - Sampling and variational,journal-unknown(10.1016/j.band),A|G
p2996,2007,Markov Chain Monte Carlo with People,unknown-venue,A|G
p2997,2006,A more rational model of categorization,unknown-venue,A|E|G
p2998,2013,Reconciling intuitive physics and Newtonian mechanics for colliding objects,journal:Psychological Review [listed],A
p2999,2019,Rational approximations to rational models - Alternative algorithms for category learning,journal:Psychological Review [listed],A
p3000,2025,Noise in cognition - Bug or feature,journal:Perspectives on Psychological Science [listed],A|G
p3001,2024,Flexible task abstractions emerge in linear networks with fast and bounded units,arXiv:category-unknown,A|B|E|G
p3002,2020,Hippocampal remapping as hidden state inference,journal:eLife [direct-scan],A|B|G
p3003,2014,Weighing brain activity with the balance - Angelo Mosso's original manuscripts come to light,journal:Brain [listed],A|B
p3004,2019,"DistilBERT, a distilled version of BERT - smaller, faster, cheaper and lighter",arXiv:cs.CL,B|C|G
p3005,2018,Constraints on statistical learning across species,journal-unknown(10.1016/j.tics),A|B|E|G
p3007,2016,One-shot Learning with Memory-Augmented Neural Networks (1),arXiv:category-unknown,A|B|C|G
p3008,2016,One-shot Learning with Memory-Augmented Neural Networks,arXiv:category-unknown,A|B|C|G
p3009,2017,A simple neural network module for relational reasoning,arXiv:category-unknown,A|B|E|G
p3010,2018,Relational recurrent neural networks,arXiv:category-unknown,A|B
p3011,2021,Symbolic Behaviour in Artificial Intelligence,arXiv:category-unknown,A|B
p3012,2022,Theta oscillations in the human hippocampus normalize the information content of episodic memory,bioRxiv:section-unknown,A|E
p3013,2018,How Does Batch Normalization Help Optimization,arXiv:category-unknown,A|B
p3014,2018,ATOMIC - An Atlas of Machine Commonsense for If-Then Reasoning,arXiv:category-unknown,A|B
p3015,2018,Understanding Learning Dynamics Of Language Models with SVCCA,arXiv:category-unknown,A|B|C|D|G
p3016,2013,Event segmentation ability uniquely predicts event memory,journal:Cognition [listed],A|E
p3017,2019,Event memory uniquely predicts memory for large-scale space,journal:Memory &amp; Cognition [listed],A|G
p3018,2024,'What' x 'When' working memory representations using Laplace Neural Manifolds,arXiv:category-unknown,A|E|G
p3019,2023,Measuring event segmentation - An investigation into the stability of event boundary agreement across groups,journal:Behavior Research Methods [listed],A|B|E|G
p3021,2008,Ventral and dorsal pathways for language,journal-unknown(10.1093/cercor),A
p3022,2013,Precis of deep linear neural networks - a theory of learning in the brain and mind,arXiv:category-unknown,A|B|G
p3023,2003,People thinking about thinking people - The role of the temporo-parietal junction in “theory of mind”,journal-unknown(10.1016/S1053-),A|B
p3024,2011,On Random Weights and Unsupervised Feature Learning,unknown-venue,B|D|E|G
p3025,2013,Exact solutions to the nonlinear dynamics of learning in deep linear neural networks,arXiv:category-unknown,A|B|G
p3026,2014,Exact solutions to the nonlinear dynamics of learning in deep linear neural networks,arXiv:category-unknown,A|B|G
p3027,2014,Saxe et al. - 2013 - Exact solutions to the nonlinear dynamics of learn (1),arXiv:category-unknown,A|B|G
p3028,2014,Saxe et al. - 2013 - Exact solutions to the nonlinear dynamics of learn,arXiv:category-unknown,A|B|G
p3029,2018,A mathematical theory of semantic development in deep neural networks (1),"journal:Proceedings of the National Academy of Sciences [title-match, score=0.986]",A|B|D|G
p3030,2018,A mathematical theory of semantic development in deep neural networks,arXiv:category-unknown,A|B|D|G
p3031,2018,On the Information Bottleneck Theory of Deep Learning,arXiv:cs.LG,B|G
p3032,2019,A mathematical theory of semantic development in deep neural networks (1),journal:Proceedings of the National Academy of Sciences [direct-scan],A|B|D|G
p3033,2019,A mathematical theory of semantic development in deep neural networks,journal:Proceedings of the National Academy of Sciences [direct-scan],A|B|D|G
p3034,2022,The Neural Race Reduction - Dynamics of Abstraction in Gated Networks,arXiv:category-unknown,A|B|G
p3035,2019,Towards the neural population doctrine,journal:Current Opinion in Neurobiology [direct-scan],A|B|E
p3036,2022,Learning in deep neural networks and brains with similarity-weighted interleaved learning,journal-unknown(10.1073/pnas.),A|B
p3037,2019,Analysing Mathematical Reasoning Abilities of Neural Models,arXiv:category-unknown,A|B|E|G
p3038,2016,Connectivity precedes function in the development of the visual word form area,journal-unknown(10.1038/nn.435),A|D
p3041,2007,The cognitive neuroscience of constructive memory - remembering the past and imagining the future,journal:Philosophical Transactions of the Royal Society B: Biological Sciences [listed],A|G
p3042,2009,On the nature of medial temporal lobe contributions to the constructive simulation of future events,journal:Philosophical Transactions of the Royal Society B: Biological Sciences [listed],A|B|G
p3043,2007,Remembering the past to imagine the future - the prospective brain,journal:Nature Reviews Neuroscience [direct-scan],A
p3045,2011,Memory distortion - an adaptive perspective,journal:Trends in Cognitive Sciences [direct-scan],A|E|G
p3046,2012,"The future of memory - remembering, imagining, and the brain",journal:Neuron [direct-scan],A|B|E
p3047,2017,Episodic Future Thinking - Mechanisms and Functions,journal:Current Opinion in Behavioral Sciences [direct-scan],A|E|G
p3049,2018,"Constructive episodic simulation, flexible recombination, and memory errors",journal:Behavioral and Brain Sciences [listed],A|E|G
p3050,2017,Facephenes and rainbows - Causal evidence for funct ... natomical specificity of face and color processing in the human brain,journal:Proceedings of the National Academy of Sciences [direct-scan],A
p3051,2012,Shaping of object representations in the human medial temporal lobe based on temporal regularities,journal:Current Biology [direct-scan],A|G
p3052,2013,Neural representations of events arise from temporal community structure,journal-unknown(10.1038/nn.333),A|E|G
p3053,2016,Statistical learning of temporal community structure in the hippocampus (1),journal-unknown(10.1002/hipo.2),A|D|E|G
p3054,2016,Statistical learning of temporal community structure in the hippocampus,journal-unknown(10.1002/hipo.2),A|D|E|G
p3055,2017,Complementary learning systems within the hippoca ... ing approach to reconciling episodic memory with statistical learning (1),journal:Philosophical Transactions of the Royal Society B: Biological Sciences [listed],A|B|G
p3056,2017,Complementary learning systems within the hippoca ... ing approach to reconciling episodic memory with statistical learning,journal:Philosophical Transactions of the Royal Society B: Biological Sciences [listed],A|B|G
p3057,2017,Human hippocampal replay during rest prioritizes weakly-learned information and predicts memory performance,bioRxiv:section-unknown,A|D|E|G
p3058,2017,Sleep Benefits Memory for Semantic Category Structure While Preserving Exemplar-Specific Information,journal:Scientific Reports [direct-scan],A|B
p3059,2018,Human hippocampal replay during rest prioritizes weakly learned information and predicts memory performance,journal:Nature Communications [direct-scan],A|E|G
p3060,2018,The hippocampus is necessary for the sleep-depend ... of a task that does not require the hippocampus for initial learning,bioRxiv:section-unknown,A
p3061,2019,The hippocampus is necessary for the consolidation of a task that does not require the hippocampus for initial learning,journal-unknown(10.1002/hipo.2),A
p3062,2025,Spatially distributed and regionally unbound cellular resolution brain-wide processing loops in mice,bioRxiv:section-unknown,A|D|E|G
p3063,2015,Prioritized Experience Replay,arXiv:category-unknown,A|B|E|G
p3064,2021,Multiple memories can be simultaneously reactivated during sleep as effectively as a single memory,journal:Communications Biology [direct-scan],A|E
p3065,2000,"Performance monitoring in a confusing world... d brain activity, judgments of response accuracy, and types of errors",journal:Journal of Experimental Psychology: Human Perception and Performance [listed],A|E|G
p3066,2015,Memory integration - neural mechanisms and implications for behavior,journal-unknown(10.1016/j.cobe),A|B
p3067,2016,Hippocampal-medial prefrontal circuit supports memory updating during learning and post-encoding rest,journal-unknown(10.1016/j.nlm.),A|E|G
p3068,2016,Hippocampal–medial prefrontal circuit supports memory updating during learning and post-encoding rest,journal:Neurobiology of Learning and Memory [listed],A|D|G
p3069,2014,CA1 subfield contributions to memory integration and inference,journal-unknown(10.1002/hipo.2),A|E
p3070,2015,Learning-related representational changes reve ... on and separation signatures in the hippocampus and prefrontal cortex,journal:Nature Communications [direct-scan],A|B|E
p3071,2015,On Learning to Think - Algorithmic Information Theory ... Reinforcement Learning Controllers and Recurrent Neural World Models,arXiv:cs.AI,A|B|G
p3072,2025,Anticipatory eye gaze as a marker of memory,journal:Communications Psychology [direct-scan],A|D
p3073,2020,An Episodic Model of Task Switching Effects - Erasing the Homunculus from Memory,journal:Journal of Cognition [listed],A|G
p3074,2017,Hippocampal GABA enables inhibitory control over unwanted thoughts,journal:Nature Communications [direct-scan],A
p3075,2006,Weak pairwise correlations imply strongly correlated network states in a neural population,journal:Nature [direct-scan],A|B
p3076,2013,Dopamine signals mimic reward prediction errors,"journal:Nature Neuroscience [title-match, score=1.0]",A|E|G
p3077,2013,"How did the chicken cross the road - With her striatal cholinergic interneurons, of course",journal:Neuron [direct-scan],A|B
p3078,2016,Deep Information Propagation,arXiv:category-unknown,A|B|G
p3079,2017,A Correspondence Between Random Neural Networks and Statistical Field Theory,arXiv:stat.ML,A|B
p3080,2018,Visual pathways from the perspective of cost functions and multi-task deep neural networks,journal:Cortex [listed],A|B
p3081,2014,Exploring a novel environment improves motivation and promotes recall of words,journal:Frontiers in Psychology [listed],A|D|G
p3082,2025,Neural correlates and reinstatement of recent and remote memory in children and young adults,journal:eLife [direct-scan],A|B
p3083,2017,Decoding material-specific memory reprocessing during sleep in humans,journal:Nature Communications [direct-scan],A|B|G
p3084,2018,Bayes factor design analysis - Planning for compelling evidence,journal:Psychonomic Bulletin &amp; Review [direct-scan],A|B|E
p3085,2018,Theta Phase-Coordinated Memory Reactivation Reoccurs in a Slow-Oscillatory Rhythm during NREM Sleep,journal:Cell Reports [listed],A|B
p3086,2018,Brain-Score - Which Artificial Neural Network for Object Recognition is most Brain-Like,bioRxiv:section-unknown,A|B|E|G
p3087,2020,Artificial Neural Networks Accurately Predict Language Processing in the Brain,bioRxiv:section-unknown,A|B|C
p3088,2021,The neural architecture of language - Integrative modeling converges on predictive processing,journal-unknown(10.1073/pnas.2),A|B|D
p3089,2023,Markov chains as a proxy for the predictive memory representations underlying mismatch negativity,journal:Frontiers in Human Neuroscience [listed],A|B|G
p3090,2019,Sequential replay of nonspatial task states in the human hippocampus,journal:Science [direct-scan],A|B|G
p3091,2016,Human Orbitofrontal Cortex Represents a Cognitive Map of State Space,journal-unknown(10.1016/j.neur),A|B|E|G
p3092,2016,Optimizing Expectations - From Deep Reinforcement Learning to Stochastic Computation Graphs,arXiv:cs.AI,A|B|G
p3093,2015,Gradient Estimation Using Stochastic Computation Graphs,arXiv:category-unknown,A|B|G
p3094,2015,High-Dimensional Continuous Control Using Generalized Advantage Estimation,arXiv:category-unknown,B|G
p3095,2015,Trust Region Policy Optimization,arXiv:category-unknown,A|B|E|G
p3096,2017,Proximal Policy Optimization Algorithms,arXiv:category-unknown,G
p3098,2008,Explicit neural signals reflecting reward uncertainty,journal:Philosophical Transactions of the Royal Society B: Biological Sciences [listed],A|B|G
p3099,2020,Computational Psychiatry for Computers,arXiv:category-unknown,A|E|G
p3100,2015,Assessing the Perceived Predictability of Functions,unknown-venue,A|B
p3101,2018,Generalization and Search in Risky Environments,journal:Cognitive Science [direct-scan],A|B|G
p3102,2019,Searching for rewards like a child means less generalization and more directed exploration,journal:Psychological Science [direct-scan],A|B|G
p3103,2024,Dynamic computational phenotyping of human cognition,journal:Nature Human Behaviour [direct-scan],A|B|G
p3104,2023,Generative replay underlies compositional inference in the hippocampal-prefrontal circuit,journal:Cell [direct-scan],A|B
p3106,2018,Progress & Compress - A scalable framework for continual learning,arXiv:category-unknown,A|B|G
p3107,2023,Task-Switch Related Reductions in Neural Distinctiveness in Children and Adults - Commonalities and Differences,bioRxiv:section-unknown,A|G
p3108,2024,"Beyond gradients - Factorized, geometric control of interference and generalization",journal-unknown(10.7554/eLife.),A|B|G
p3109,2017,Fronto-parietal Cortical Circuits Encode Accumulated Evidence with a Diversity of Timescales,journal:Neuron [direct-scan],A|G
p3110,2025,Insights from the Algonauts 2025 winners,arXiv:category-unknown,A|B|D
p3111,2003,Theta and gamma oscillations during encoding predict subsequent recall,"journal:The Journal of Neuroscience [title-match, score=1.0]",A
p3112,2008,A context-based theory of recency and contiguity in free recall,journal:Psychological Review [listed],A|B|G
p3113,2010,The temporal contiguity effect predicts episodic memory performance,journal:Memory &amp; Cognition [listed],A|G
p3114,2011,Human memory reconsolidation can be explained using the temporal context model,journal:Psychonomic Bulletin &amp; Review [direct-scan],A|B
p3115,2025,Human neural dynamics of real-world and imagined navigation,journal:Nature Human Behaviour [direct-scan],A
p3116,2018,Convolutional neural network-based encoding and decoding of visual object recognition in space and time,journal:NeuroImage [listed],A|B
p3117,2019,Neural System Identification with Neural Information Flow,bioRxiv:section-unknown,A|B|D
p3118,2016,A performance-optimized model of neural responses across the ventral visual stream,bioRxiv:section-unknown,A|B|G
p3119,2014,Quasiregularity and its discontents - the legacy of the past tense debate,journal:Cognitive Science [direct-scan],A|E
p3120,2020,The unreasonable effectiveness of deep learning in artificial intelligence,journal:Proceedings of the National Academy of Sciences [direct-scan],A|B|G
p3121,2018,Changes in patterns of neural activity underlie a time-dependent transformation of memory in rats and humans,journal:Hippocampus [direct-scan],A|D
p3122,2018,The hippocampus and related neocortical structures in memory transformation,journal:Neuroscience Letters [listed],A|B|D
p3123,2016,Grad-CAM - Visual Explanations from Deep Networks via Gradient-based Localization,arXiv:category-unknown,A|B|E|G
p3124,2019,Cortical Areas Interact through a Communication Subspace,journal:Neuron [direct-scan],A
p3125,2018,How Robust are Deep Neural Networks,arXiv:category-unknown,A|B|E|G
p3126,2018,New trends in episodic memory assessment - Immersive 360° ecological videos,journal:Frontiers in Psychology [listed],A|B|D|E|G
p3127,2021,Nonreplicable publications are cited more than replicable ones,journal:Science Advances [listed],A
p3128,2019,"Deep Learning - The Good, the Bad, and the Ugly",arXiv:category-unknown,A|B|E|G
p3129,2000,Half a century of Hebb,"journal:Nature Neuroscience [title-match, score=1.0]",A|B|E|G
p3130,2019,Training deep neural networks for binary communication with the Whetstone method,arXiv:category-unknown,B|E|G
p3131,2004,Temporal difference models describe higher-order learning in humans,journal-unknown(10.1038/nature),A
p3132,2015,The animacy continuum in the human ventral vision pathway,journal:Journal of Cognitive Neuroscience [listed],A|G
p3133,2025,Formation of task representations and replay in mouse medial prefrontal cortex,bioRxiv:section-unknown,A|B|G
p3134,2026,Formation of task representations and replay in mouse medial prefrontal cortex,journal:eLife [direct-scan],A|B|G
p3135,2016,Decision Making and Sequential Sampling from Memory,journal:Neuron [direct-scan],A|G
p3136,2014,"A rational account of pedagogical reasoning - teaching by, and learning from, examples",journal:Cognitive Psychology [listed],A|B|E|G
p3137,2018,Distributed representations of action sequences in anterior cingulate cortex - A recurrent neural network approach,journal:Psychonomic Bulletin &amp; Review [direct-scan],A|B|E|G
p3138,2021,Neural Representations of Task Context and Temporal Order During Action Sequence Execution,bioRxiv:section-unknown,A|B
p3140,2024,Assisting in writing Wikipedia-like articles from scratch with large language models,arXiv:category-unknown,C|E|G
p3141,2014,CNN Features Off-the-Shelf - An Astounding Baseline for Recognition,arXiv:category-unknown,B|D
p3142,2011,Rapid neocortical acquisition of long-term arbitrary associations independent of the hippocampus,journal:Proceedings of the National Academy of Sciences [direct-scan],A|G
p3143,2002,Episodic memory and cortico-hippocampal interactions,"journal:Trends in Cognitive Sciences [title-match, score=1.0]",A
p3144,2017,Outrageously Large Neural Networks - The Sparsely-Gated Mixture-of-Experts Layer,arXiv:category-unknown,A|B|G
p3145,2024,Temporal multiplexing of perception and memory codes in IT cortex,journal-unknown(10.1038/s41586),A
p3147,2008,Optimization of decision making in multilayer networks - the role of locus coeruleus,"journal:Neural Computation [title-match, score=1.0]",A|B|G
p3148,2020,Neural state space alignment for magnitude generalisation in humans and recurrent networks,bioRxiv:section-unknown,A
p3149,2025,Memory reactivation during rest forms shortcuts in a cognitive map,journal:Scientific Reports [direct-scan],A|G
p3150,2026,Generative replay across hippocampal-neocortical circuits,bioRxiv:section-unknown,A|B|E|G
p3151,2017,Deep image reconstruction from human brain activity,bioRxiv:section-unknown,A|B|D
p3152,2018,Efficient Attention - Attention with Linear Complexities,arXiv:category-unknown,A|B|D|G
p3153,2018,End-to-end deep image reconstruction from human brain activity,bioRxiv:section-unknown,A|B|D
p3154,2018,Toward deciphering developmental patterning with deep neural network,bioRxiv:section-unknown,A|B|E|G
p3155,2026,Hippocampal-cortical coupling dynamics drive system consolidation of remote memory,bioRxiv:section-unknown,A
p3156,2013,The expected value of control - an integrative theory of anterior cingulate cortex function,journal:Neuron [direct-scan],A|B|G
p3157,2013,shenhav13,journal:Neuron [direct-scan],A|B|G
p3158,2016,Dorsal anterior cingulate cortex and the value of control,journal:Nature Neuroscience [direct-scan],A|B|G
p3159,2017,Toward a Rational and Mechanistic Account of Mental Effort (1),journal-unknown(10.1146/annure),A|B|D|G
p3160,2017,Toward a Rational and Mechanistic Account of Mental Effort,journal-unknown(10.1146/annure),A|B|D|G
p3161,2004,How a cognitive psychologist came to seek universal laws,"journal:Psychonomic Bulletin &amp; Review [title-match, score=1.0]",A|B|E
p3162,2024,Replay of incidentally encoded episodic memories in the rat,journal:Current Biology [direct-scan],A
p3163,2024,Remembering better - A bridge between paired-associate learning and higher-order cognition,unknown-venue,B|E|G
p3164,2019,Learning not to remember - How predicting the future impairs encoding of the present,bioRxiv:section-unknown,A|B|E
p3165,2020,Statistical prediction of the future impairs episodic encoding of the present,bioRxiv:section-unknown,A|B|E
p3166,2023,Mnemonic content and hippocampal patterns shape judgments of time,journal:Psychological Science [direct-scan],A|E
p3167,2013,The functional benefits of criticality in the cortex,journal:The Neuroscientist [listed],A
p3168,2009,Neural Implementation of Hierarchical Bayesian Inference by Importance Sampling,unknown-venue,A|B|G
p3169,2010,Exemplar models as a mechanism for performing Bayesian inference,"journal:Psychonomic Bulletin &amp; Review [title-match, score=1.0]",A|B|G
p3171,2017,Deep Recurrent Neural Network Reveals a Hierarchy of Process Memory during Dynamic Natural Vision,bioRxiv:section-unknown,A|B|D|E
p3172,2023,"Rapid, concerted switching of the neural code in inferotemporal cortex",bioRxiv:section-unknown,A|D|E
p3173,2025,Discovery of a β-arrestin-biased CCKBR agonist that blocks CCKBR-dependent long-term potentiation,journal:Nature Communications [direct-scan],A|E
p3174,2025,Hybrid neural networks for continual learning inspired by corticohippocampal circuits,journal:Nature Communications [direct-scan],A|B|D|G
p3175,2026,Rapid concerted switching of the neural code in the inferotemporal cortex,journal:Nature [direct-scan],A|B|D|E
p3177,2020,Structuring Memory Through Inference-Based Event Segmentation,journal-unknown(10.1111/tops.1),A|B|D|E|G
p3178,2017,Continual Learning with Deep Generative Replay,arXiv:category-unknown,A|B|G
p3179,2020,Context-dependent memory effects in VR,unknown-venue,A|D|E|G
p3180,2023,Superhuman artificial intelligence can improve human decision-making by increasing novelty,journal-unknown(10.1073/pnas.),A|G
p3181,2018,"Understanding the Brain, By Default",journal:Trends in Neurosciences [listed],A|B
p3182,2012,Exploring commonalities across participants in the neural representation of objects,journal:Human Brain Mapping [listed],A|B
p3183,2023,Phantom oscillations in principal component analysis,journal-unknown(10.1073/pnas.),A|B|E
p3184,2008,Understanding Events - From Perception to Action,unknown-venue,A|E
p3185,2012,Decoding subject-driven cognitive states with whole-brain connectivity patterns,journal:Cerebral Cortex [direct-scan],A|B|D|E|G
p3186,2013,Mechanisms for widespread hippocampal involvement in cognition,journal-unknown(10.1037/a00344),A|E
p3187,2008,Integrating memories in the human brain - hippocampal-midbrain encoding of overlapping events,journal:Neuron [direct-scan],A|B|D|E|G
p3188,2024,A hierarchical coordinate system for sequence memory in human entorhinal cortex,bioRxiv:section-unknown,A|B|E|G
p3189,2018,Neonatal Transitions in Social Behavior and Their Implications for Autism,journal:Trends in Cognitive Sciences [direct-scan],A
p3190,2017,Matrix-normal models for fMRI analysis,arXiv:category-unknown,A|B|D
p3191,2005,Prefrontal phase locking to hippocampal theta oscillations,journal:Neuron [direct-scan],A|B|G
p3192,2019,SAMPL - The Spreading Activation and Memory PLasticity Model,bioRxiv:section-unknown,A|C|D|E
p3193,2019,Encoding Variability - When Pattern Reactivation Does Not Benefit Context Memory,bioRxiv:section-unknown,A|D|G
p3194,2014,Coupled neural systems underlie the production and comprehension of naturalistic narrative speech,journal:Proceedings of the National Academy of Sciences [direct-scan],A|D
p3195,2021,Representation of contralateral visual space in the human hippocampus,bioRxiv:section-unknown,A|B|G
p3196,2018,Electrophysiological signatures of event segmentation during movie viewing and recall,unknown-venue,A|E
p3197,2019,Rapid Memory Reactivation at Movie Event Boundaries Promotes Episodic Encoding,journal:The Journal of Neuroscience [listed],A|B|E
p3198,2023,Neocortico-hippocampal ripple-based coordination during naturalistic encoding,bioRxiv:section-unknown,A|D|E
p3199,2010,Neuronal arithmetic,journal:Nature Reviews Neuroscience [direct-scan],A|E
p3200,2017,Mastering the game of Go without human knowledge,journal:Nature [direct-scan],A|G
p3201,2018,"A general reinforcement learning algorithm that masters chess, shogi, and Go through self-play",journal:Science [direct-scan],A|B|G
p3202,2009,Reward rate optimization in two-alternative decision making - empirical tests of theoretical predictions,journal-unknown(10.1037/a00169),A|G
p3203,2011,False-positive psychology - undisclosed flexibilit ... ata collection and analysis allows presenting anything as significant,journal:Psychological Science [direct-scan],A|E|G
p3204,2016,Dynamic reconfiguration of the default mode network during narrative comprehension,journal:Nature Communications [direct-scan],A|D|E|G
p3206,2013,Deep Inside Convolutional Networks - Visualising Image Classification Models and Saliency Maps,arXiv:category-unknown,G
p3207,2016,Rate-distortion theory and human perception,journal:Cognition [listed],A|B|D|E|G
p3208,2018,Efficient coding explains the universal law of generalization in human perception,journal:Science [direct-scan],A|B|E|G
p3210,2018,Surprise and destabilize - prediction error influences episodic memory reconsolidation,bioRxiv:section-unknown,A|B|G
p3211,2019,Prediction Error and Memory Reactivation - How Incomplete Reminders Drive Reconsolidation,journal-unknown(10.1016/j.tins),A|B|E|G
p3212,2020,Prediction errors during naturalistic events modulate hippocampal representations and drive episodic memory updating,bioRxiv:section-unknown,A|G
p3213,2021,Prediction errors disrupt hippocampal representations and update episodic memories (1),bioRxiv:section-unknown,A|G
p3214,2021,Prediction errors disrupt hippocampal representations and update episodic memories,journal-unknown(10.1073/pnas.2),A|D|G
p3216,2022,A model of autonomous interactions between hippocampus and neocortex driving sleep-dependent memory consolidation,arXiv:category-unknown,A|B|G
p3217,2019,Engineering a Less Artificial Intelligence,journal:Neuron [direct-scan],A|B|D|E|G
p3218,2018,The importance of the whole - topological data analysis for the network neuroscientist,arXiv:category-unknown,A|B|D|E
p3219,2016,I Tried a Bunch of Things - The Dangers of Unexpected Overfitting in Classification,bioRxiv:section-unknown,A|D
p3220,2026,When do LLM preferences predict downstream behavior,arXiv:category-unknown,A|B|C|G
p3221,2021,The default mode network in cognition - a topographical perspective,journal:Nature Reviews Neuroscience [direct-scan],A|B|D|E|G
p3222,2018,Stories for Images-in-Sequence by using Visual and Narrative Components,journal:Proceedings of the 2015 Conference of the North American Chapter of the Association for Computational Linguistics: Human Language Technologies [conference],A|B
p3223,2014,"Prototypes, exemplars, and the natural history of categorization",journal:Psychonomic Bulletin &amp; Review [direct-scan],A|B|G
p3224,2015,Cyclical Learning Rates for Training Neural Networks,arXiv:category-unknown,A|B
p3225,2018,"A disciplined approach to neural network hyper-parameters - Part 1 - learning rate, batch size, momentum, and weight decay",arXiv:category-unknown,B|E|G
p3226,2017,A Bayesian Perspective on Generalization and Stochastic Gradient Descent,arXiv:category-unknown,A|B|E|G
p3227,2024,Successful retrieval is its own reward,bioRxiv:section-unknown,A|D|G
p3228,2024,Top-down task goals induce the retrieval state,journal:The Journal of Neuroscience [listed],A|B
p3229,2013,Functional connectomics from resting-state fMRI,journal:Trends in Cognitive Sciences [direct-scan],A|D|E
p3230,2013,"The context repetition effect - predicted events are remembered better, even when they don't happen",journal:Journal of Experimental Psychology: General [direct-scan],A|B|G
p3231,2013,XGE-XGE3-Smith20131160-RR-F1,unknown-venue,A|G
p3232,2014,When recognition memory is independent of hippocampal function,journal:Proceedings of the National Academy of Sciences [direct-scan],A|G
p3233,2018,The Developing Infant Creates a Curriculum for Statistical Learning,journal:Trends in Cognitive Sciences [direct-scan],A|B|E|G
p3234,2022,Temporal Context Modulates Encoding and Retrieval of Overlapping Events (1),journal:The Journal of Neuroscience [listed],A|B|D|G
p3235,2022,Temporal context modulates encoding and retrieval of overlapping events,journal:The Journal of Neuroscience [listed],A|B|D|G
p3236,2024,Attention to event segmentation improves memory in young adults - A lifespan study,journal:Psychology and Aging [listed],A|E
p3237,2024,Rapid learning of temporal dependencies at multiple timescales,bioRxiv:section-unknown,A|G
p3238,2026,Repeated extrinsic rewards following retrieval practice facilitate later memory,journal:Psychonomic Bulletin &amp; Review [direct-scan],A|D|G
p3239,2017,Prototypical Networks for Few-shot Learning,arXiv:category-unknown,A|B|G
p3240,2011,Bringing the real world into the fMRI scanner - repetition effects for pictures versus real objects,journal:Scientific Reports [direct-scan],A
p3241,2024,Inferring context-dependent computations through linear approximations of prefrontal cortex dynamics,bioRxiv:section-unknown,A|B|G
p3242,2020,Semantic Search as Pattern Completion across a Concept,journal:Trends in Cognitive Sciences [direct-scan],A|B|D
p3243,2019,Hippocampal theta codes for distances in semantic and temporal spaces,bioRxiv:section-unknown,A|D|G
p3244,2017,Event Boundaries Trigger Rapid Memory Reinstatement of the Prior Events to Promote Their Representation in Long-Term Memory,journal-unknown(10.1016/j),A|E
p3245,2019,Adaptive learning under expected and unexpected uncertainty,journal:Nature Reviews Neuroscience [direct-scan],A|B|E|G
p3246,2018,The Lifespan Human Connectome Project in Develo ... large-scale study of brain connectivity development in 5-21 year olds,journal-unknown(10.1016/j.neur),A|D|E
p3247,2018,Evaluating fMRI-Based Estimation of Eye Movement during Naturalistic Viewing,bioRxiv:section-unknown,A|E
p3249,2005,Highly nonrandom features of synaptic connectivity in local cortical circuits,journal:PLoS Biology [listed],A|B|D
p3250,2017,Reward-based training of recurrent neural networks for cognitive and value-based tasks,journal-unknown(10.7554/eLife.),A|B|D|G
p3251,2019,Sources of suboptimality in a minimalistic explore-exploit task,journal:Nature Human Behaviour [direct-scan],A|G
p3252,2020,MPNet - Masked and Permuted Pre-training for Language Understanding,arXiv:category-unknown,A|B|C|E
p3253,2021,Neural signatures of attentional engagement during narratives and its consequences for event memory,journal-unknown(10.1073/pnas.2),A|B|D|G
p3255,2025,A neural network with episodic memory learns causal relationships between narrative events,bioRxiv:section-unknown,A
p3256,2026,Cortical reinstatement of causally related events sparks narrative insights by updating neural representation patterns,journal:Nature Communications [direct-scan],A|D|E|G
p3257,2019,Naturalistic Stimuli in Neuroscience - Critically Acclaimed,journal:Trends in Cognitive Sciences [direct-scan],A|E
p3258,2008,Unconscious determinants of free decisions in the human brain,journal:Nature Neuroscience [direct-scan],A|G
p3259,2019,Discovering the Compositional Structure of Vector Representations with Role Learning Networks,arXiv:category-unknown,A|B|C|E|G
p3260,2020,Scene context impairs perception of semantically congruent objects,bioRxiv:section-unknown,A|B|E|G
p3261,2006,A diffusion model analysis of adult age differences in episodic and semantic long-term memory retrieval,"journal:Journal of Experimental Psychology: Learning, Memory, and Cognition [title-match, score=1.0]",A|D|G
p3262,2019,Sleeping with Hippocampal Damage,journal:Current Biology [direct-scan],A|D
p3263,2020,Dreaming with hippocampal damage,journal:eLife [direct-scan],A|B
p3264,2007,Human brain activity time-locked to narrative event boundaries,"journal:Psychological Science [title-match, score=1.0]",A|E
p3265,2009,Reading stories activates neural representations of visual and motor experiences,"journal:Psychological Science [title-match, score=1.0]",A|D
p3266,2024,A generative model of memory construction and consolidation,journal:Nature Human Behaviour [direct-scan],A|B|D
p3267,2024,"Consolidation of sequential experience into a deep generative network explains human memory, prediction and planning",bioRxiv:section-unknown,A|G
p3268,2003,Putting names to faces - successful encoding of associative memories activates the anterior hippocampal formation,journal-unknown(10.1016/S1053-),A|D
p3269,2020,Multiple timescales of neural dynamics and integration of task-relevant signals across cortex (1),bioRxiv:section-unknown,A|G
p3270,2020,Multiple timescales of neural dynamics and integration of task-relevant signals across cortex,bioRxiv:section-unknown,A|G
p3271,2017,Recurrent Convolutional Neural Networks - A Better Model of Biological Object Recognition,journal:Frontiers in Psychology [listed],A|B|E|G
p3272,2019,Recurrent networks can recycle neural resources to flexibly trade speed for accuracy in visual recognition,bioRxiv:section-unknown,A|D|G
p3273,2013,Making sense of brain network data,"journal:Nature Methods [title-match, score=1.0]",A|D|E
p3274,2000,Connectivity and complexity - the relationship between neuroanatomy and brain dynamics,"journal:Neural Networks [title-match, score=1.0]",A|B|D|G
p3275,2018,Memory-based Parameter Adaptation,arXiv:category-unknown,A|B|G
p3276,2018,Better imagined - Neural correlates of the episodic simulation boost to prospective memory performance,journal:Neuropsychologia [listed],A|G
p3277,2021,Visual object categorization in infancy,bioRxiv:section-unknown,A|E
p3278,2024,Repetition Improves Language Model Embeddings,arXiv:category-unknown,C
p3279,2004,Memory systems of the brain - a brief history and current perspective,journal:Neurobiology of Learning and Memory [listed],A|E
p3280,2009,The legacy of patient H.M. for neuroscience,journal:Neuron [direct-scan],A
p3281,2004,The medial temporal lobe,journal:Annual Review of Neuroscience [listed],A
p3282,2015,Memory consolidation,bioRxiv:section-unknown,A
p3283,2017,Hippocampal Activity Patterns Reflect the Topology of Spaces - Evidence from Narrative Coding,journal:The Journal of Neuroscience [listed],A|D|E
p3284,2016,A Taxonomy of Deep Convolutional Neural Nets for Computer Vision,arXiv:category-unknown,A|B|D|E|G
p3285,2014,Dropout - A Simple Way to Prevent Neural Networks from Overfitting,unknown-venue,A|B|G
p3286,2014,Overcoming catastrophic interference in connectionist networks using Gram-Schmidt orthogonalization,journal:PLoS ONE [listed],A
p3287,2014,Srivastava et al. - 2014 - Dropout A Simple Way to Prevent Neural Networks f,unknown-venue,A|B|G
p3288,2015,Training Very Deep Networks,arXiv:category-unknown,A|B|G
p3289,2016,Explicit moments of decision times for single- and double-threshold drift-diffusion processes,arXiv:q-bio.NC,A|B|E|G
p3290,2011,Dynamic neural networks supporting memory retrieval,journal:NeuroImage [listed],A|B|D
p3291,2014,The perceptual richness of complex memory episodes is compromised by medial temporal lobe damage,journal:Hippocampus [direct-scan],A|D|G
p3292,2017,The hippocampus as a predictive map,journal:Nature Neuroscience [direct-scan],A|B|E|G
p3293,2019,Designing neural networks through neuroevolution,journal:Nature Machine Intelligence [direct-scan],A|B|E|G
p3294,2018,Curiosity-driven memory enhancement persists over time but does not benefit from post-learning sleep,journal:Cognitive Neuroscience [listed],A|B
p3295,2008,Selective and shared contributions of the hippocampus and perirhinal cortex to episodic item and associative encoding,"journal:Journal of Cognitive Neuroscience [title-match, score=1.0]",A|D
p3296,2019,A Neural Chronometry of Memory Recall,journal:Trends in Cognitive Sciences [direct-scan],A|D|E
p3297,2011,Perirhinal and parahippocampal cortices differen ... bute to later recollection of object- and scene-related event details,journal:Journal of Neuroscience [listed],A|B|G
p3298,2012,Episodic reinstatement in the medial temporal lobe,journal:The Journal of Neuroscience [listed],A|E
p3299,2013,Awake reactivation predicts memory in humans,journal:Proceedings of the National Academy of Sciences [direct-scan],A|G
p3300,2019,Recollection in the human hippocampal-entorhinal cell circuitry,journal:Nature Communications [direct-scan],A|E|G
p3301,2013,A task to assess behavioral pattern separation (BPS) in humans - Data from healthy aging and mild cognitive impairment,journal-unknown(10.1016/j.neur),A|E|G
p3302,2018,"What's in a context - Cautions, limitations, and potential paths forward",journal:Neuroscience Letters [listed],A|B|E
p3303,2019,Mnemonic Similarity Task - A tool for assessing hippocampal integrity,journal-unknown(10.1016/j.tics),A|D|E|G
p3304,2023,"Optimizing the mnemonic similarity task for efficient, widespread use",journal:Frontiers in Behavioral Neuroscience [listed],A|B|G
p3305,2021,Dopamine signals as temporal difference errors - recent advances,journal-unknown(10.1016/j.conb),A|B|E|G
p3306,2019,Event Representations and Predictive Processing - The Role of the Midline Default Network Core,journal:Topics in Cognitive Science [listed],A|B|E|G
p3307,2019,"Distributed coding of choice, action and engagement across the mouse brain",journal:Nature [direct-scan],A|E|G
p3308,2019,Hippocampal Reactivation of Random Trajectories Resembling Brownian Diffusion,journal:Neuron [direct-scan],A|B|G
p3309,2010,Speaker-listener neural coupling underlies successful communication,journal:Proceedings of the National Academy of Sciences [direct-scan],A|D
p3310,2020,Explicit Sequence Memory in Recall of Temporally-structured Episodes,journal:Scientific Reports [direct-scan],A
p3311,2023,Cracking the neuronal code of episodic memory,journal:Science [direct-scan],A|B|G
p3312,2019,Pattern separation and source memory engage distinct hippocampal and neocortical regions during retrieval,journal:The Journal of Neuroscience [listed],A|D|E
p3314,2009,The Wisdom of Crowds in the Recollection of Order Information,unknown-venue,A|B|G
p3315,2000,Replaying the game - hypnagogic images in normals and amnesics,"journal:Science [title-match, score=1.0]",A
p3316,2012,Emergence of a 'visual number sense' in hierarchical generative models,journal:Nature Neuroscience [direct-scan],A|B|D|E
p3317,2019,Deep Learning for Cognitive Neuroscience,bioRxiv:section-unknown,A|B
p3318,2023,Error tight - Exercises for lab groups to prevent research mistakes,journal:Nature [direct-scan],A|E|G
p3319,2001,Adaptive anterior hippocampal responses to oddball stimuli,journal:Hippocampus [direct-scan],A|B
p3320,2018,"Spontaneous behaviors drive multidimensional, brain-wide population activity",bioRxiv:section-unknown,A|D
p3321,2019,High precision coding in mouse visual cortex,bioRxiv:section-unknown,A|B|D|E|G
p3322,2019,High-dimensional geometry of population responses in visual cortex,journal:Nature [direct-scan],A|B|D
p3323,2025,Effects of noise and metabolic cost on cortical task representations,journal:eLife [direct-scan],A|G
p3324,2024,Neural dynamics of spontaneous memory recall and future thinking in the continuous flow of thoughts,bioRxiv:section-unknown,A|D|E
p3325,2026,Predictive looking and predictive looking errors in everyday activities,journal:Journal of Experimental Psychology: General [direct-scan],A|B|E|G
p3326,2017,Deep Neuroevolution - Genetic Algorithms Are a Compet ... ernative for Training Deep Neural Networks for Reinforcement Learning,arXiv:category-unknown,B|G
p3327,2023,Alignment with human representations supports robust few-shot learning,arXiv:category-unknown,A|B|G
p3328,2021,[No title],arXiv:category-unknown,A|B|E
p3329,2023,A neural network model of hippocampal contributions to category learning,journal:eLife [direct-scan],A|B|G
p3330,2019,"Episodic memory - Neuronal codes for what, where, and when",journal:Hippocampus [direct-scan],A|G
p3331,2008,Face perception in monkeys reared with no exposure to faces,"journal:Proceedings of the National Academy of Sciences [title-match, score=1.0]",D|E
p3332,2015,End-To-End Memory Networks,arXiv:category-unknown,B|C|G
p3333,2019,Adaptive Attention Span in Transformers,arXiv:category-unknown,A|B|C|G
p3334,2026,Fixation duration on natural scenes is explained by memory encoding not processing demand,journal:Nature Neuroscience [direct-scan],A|B|D|G
p3335,2019,Behavioral and neural correlates of memory suppression in PTSD,journal-unknown(10.1016/j.jpsy),A|E|G
p3337,2022,"How to talk so AI will learn - Instructions, descriptions, and autonomy",arXiv:category-unknown,A|G
p3338,2023,Show or tell - Exploring when (and why) teaching with language outperforms demonstration (1),journal:Cognition [listed],A|B|D
p3339,2023,Show or tell - Exploring when (and why) teaching with language outperforms demonstration,journal-unknown(10.1145/101533),A|D
p3340,2015,Temporal evolution of both premotor and motor cortical tuning properties reflect changes in limb biomechanics,journal-unknown(10.1152/jn.004),A|B|D|E
p3341,2023,Computational and systems neuroscience - The next 20 years,journal:PLOS Biology [listed],A|B|D|E|G
p3342,2019,CA1 pyramidal cells organize an episode by segmented and ordered events,bioRxiv:section-unknown,A|E
p3343,2019,CA1-projecting subiculum neurons facilitate object-place learning,journal:Nature Neuroscience [direct-scan],A|D
p3344,2020,Hippocampal neurons represent events as transferable units of experience,journal:Nature Neuroscience [direct-scan],A|B|E|G
p3345,2023,Organizing memories for generalization in complementary learning systems,journal:Nature Neuroscience [direct-scan],A|B|D|E|G
p3346,2024,Heterosynaptic plasticity of the visuo-auditory projection requires cholecystokinin released from entorhinal cortex afferents,journal:eLife [direct-scan],A
p3347,2025,Learning produces an orthogonalized state machine in the hippocampus,journal:Nature [direct-scan],A|B|G
p3348,2017,Axiomatic Attribution for Deep Networks,arXiv:category-unknown,A|D
p3349,2021,Learning the Predictability of the Future,arXiv:category-unknown,A|B|D
p3350,2019,Stable memory with unstable synapses,journal:Nature Communications [direct-scan],A|B|D|E
p3351,2009,Generating coherent patterns of activity from chaotic neural networks,journal:Neuron [direct-scan],A|B|G
p3352,2013,Opening the black box - low-dimensional dynamics in high-dimensional recurrent neural networks,"journal:Neural Computation [title-match, score=1.0]",A|B|G
p3353,2015,A neural network that finds a naturalistic solution for the production of muscle activity,journal:Nature Neuroscience [direct-scan],A|D
p3354,2016,LFADS - Latent Factor Analysis via Dynamical Systems,arXiv:category-unknown,A
p3355,2019,Has multiple trace theory been refuted,journal:Hippocampus [direct-scan],A|B|D|E
p3356,2013,Training Recurrent Neural Networks,arXiv:cs.LG,A|B|G
p3358,2000,Policy Gradient Methods for Reinforcement Learning with Function Approximation,unknown-venue,A|E|G
p3359,2009,Event boundaries in perception affect memory encoding and updating,journal-unknown(10.1037/a00156),A|D|E|G
p3360,2011,Changes in events alter how people remember recent information,"journal:Journal of Cognitive Neuroscience [title-match, score=1.0]",A|E
p3362,2018,A computational model of shared fine-scale structure in the human connectome,bioRxiv:section-unknown,A|D|E
p3363,2013,Intriguing properties of neural networks,arXiv:category-unknown,A|E|G
p3364,2014,Going Deeper with Convolutions,arXiv:category-unknown,A|B|G
p3366,2023,"How do instructions, examples, and testing shape task representations",unknown-venue,A|E|G
p3367,2008,Episodic future thought and its relation to remembering - evidence from ratings of subjective experience,journal:Consciousness and Cognition [listed],A
p3368,2007,Neural substrates of envisioning the future,"journal:Proceedings of the National Academy of Sciences [title-match, score=1.0]",A|D|E
p3369,2013,Memories of the future - new insights into the adaptive value of episodic memory,journal:Frontiers in Behavioral Neuroscience [listed],A|B|E
p3370,2017,Empirical assessment of published effect sizes and power in the recent cognitive neuroscience and psychology literature,journal:PLOS Biology [listed],A|B|E|G
p3371,2025,Limitations of the LLM-as-a-judge approach for evaluating LLM outputs in expert knowledge tasks,journal:Proceedings of the 30th International Conference on Intelligent User Interfaces [conference],C|E|G
p3372,2024,Human hippocampal and entorhinal neurons encode the temporal structure of experience,journal:Nature [direct-scan],A|D|G
p3373,2024,Building compositional tasks with shared neural subspaces (1),bioRxiv:section-unknown,A|B|D|E
p3374,2024,Building compositional tasks with shared neural subspaces,bioRxiv:section-unknown,A|B|D|E
p3375,2025,Building compositional tasks with shared neural subspaces,journal:Nature [direct-scan],A|B|D|E|G
p3376,2018,Uncovering hidden brain state dynamics that regulate performance and decision-making during cognition,journal:Nature Communications [direct-scan],A|B|G
p3377,2026,A generalizable foundation model for analysis of human brain MRI,journal:Nature Neuroscience [direct-scan],A|B|E|G
p3379,2020,Projections of non-invasive human recordings into state space show unfolding of spontaneous and over-trained choice,bioRxiv:section-unknown,A|B|D|G
p3380,2008,Silencing the critics - understanding the effect ... ateral and ventral striatum in the context of an actor - critic model,journal-unknown(10.3389/neuro.),A|E|G
p3382,2003,"Confidence, not consistency, characterizes flashbulb memories","journal:Psychological Science [title-match, score=1.0]",A|B|E
p3383,2024,People quasi-randomly assigned to farm rice are more collectivistic than people assigned to farm wheat,journal:Nature Communications [direct-scan],A|B|G
p3384,2018,Can recurrent neural networks warp time,arXiv:category-unknown,A|G
p3385,2025,Neuronal allocation and sparse coding of episodic memories in the human hippocampus,journal:Scientific Reports [direct-scan],A
p3386,2013,Persistence of hippocampal multivoxel patterns into postencoding rest is related to memory,journal:Proceedings of the National Academy of Sciences [direct-scan],A|D
p3387,2000,A recency-based account of the primacy effect in free recall,"journal:Journal of Experimental Psychology: Learning, Memory, and Cognition [title-match, score=1.0]",A|G
p3388,2025,The medial and lateral orbitofrontal cortex jointly represent the cognitive map of task space,journal:Communications Biology [direct-scan],A|B|G
p3389,2014,Cortical representations are reinstated by the hippocampus during memory retrieval,journal:Neuron [direct-scan],A|B|D|E
p3390,2018,The hippocampal engram maps experience but not place,journal:Science [direct-scan],A|B|D|G
p3391,2023,Object feature memory is distorted by category structure,journal:Neural Networks [listed],A|D|G
p3392,2008,Language processing in the natural world,journal:Philosophical Transactions of the Royal Society B: Biological Sciences [listed],A
p3393,2025,Semantic language decoding across participants and stimulus modalities,journal:Current Biology [direct-scan],A|B
p3394,2019,Effective learning is accompanied by high-dimensional and efficient representations of neural activity,journal:Nature Neuroscience [direct-scan],A|E|G
p3395,2022,Semantic reconstruction of continuous language from non-invasive brain recordings,bioRxiv:section-unknown,A
p3396,2023,Semantic reconstruction of continuous language from non-invasive brain recordings,journal-unknown(10.1038/s41586),A|E|G
p3397,2024,Self-Retrieval - End-to-End Information Retrieval with One Large Language Model,arXiv:category-unknown,A|C|E|G
p3398,2022,Spatial Navigation in Childhood and Aging,journal-unknown(10.1146/annure),A|G
p3401,2023,Investigating how reward retroactively improves memory for associations and items,PsyArXiv,A|G
p3402,2024,The brain hierarchically represents the past and future during multistep anticipation,journal:Nature Communications [direct-scan],A|B|G
p3403,2021,Improved prediction of behavioral and neural similarity spaces using pruned DNNs,bioRxiv:section-unknown,A|B|C|D
p3404,2018,Towards an unconscious neural reinforcement intervention for common fears,journal:Proceedings of the National Academy of Sciences [direct-scan],A|G
p3406,2019,Deep learning in spiking neural networks,arXiv:category-unknown,A|B|G
p3407,2015,A Map for Social Navigation in the Human Brain,journal:Neuron [direct-scan],A
p3409,2023,Extracting and visualizing hidden activations and computational graphs of PyTorch models with TorchLens,journal:Scientific Reports [direct-scan],A|B|D
p3410,2021,Data sharing practices and data availability upon request differ across scientific disciplines,journal:Scientific Data [direct-scan],A|E
p3412,2000,A global geometric framework for nonlinear dimensionality reduction,journal:Science [direct-scan],A|B|G
p3413,2024,Ingredients of a Narrative - How an Abstract Feature Space and Event Position Contribute to a Situation Model,journal-unknown(10.3758/s13423),A|D
p3414,2016,Toward the neural implementation of structure learning,journal:Current Opinion in Neurobiology [direct-scan],A|G
p3415,2020,"Numerosity discrimination in deep neural networks - Initial competence, developmental refinement and experience statistics",journal:Developmental Science [listed],A|B|E|G
p3416,2007,The hippocampal indexing theory and episodic memory - updating the index,journal:Hippocampus [direct-scan],A|B|D|E
p3417,2017,Characterizing the role of the hippocampus during episodic simulation and encoding,journal:Hippocampus [direct-scan],A|B
p3418,2019,Reinstatement of Event Details during Episodic Simulation in the Hippocampus,journal:Cerebral Cortex [direct-scan],A|D
p3419,2026,A multimodal sleep foundation model for disease prediction,journal:Nature Medicine [listed],A|B|G
p3420,2022,Population ageing in China - crisis or opportunity,journal-unknown(10.1016/S2468-),A|E
p3421,2019,The Hippocampus Encodes Distances in Multidimensional Feature Space,journal:Current Biology [direct-scan],A|G
p3424,2018,RNNs Implicitly Implement Tensor Product Representations,arXiv:category-unknown,A|B
p3425,2019,Right for the Wrong Reasons - Diagnosing Syntactic Heuristics in Natural Language Inference,arXiv:category-unknown,A|B
p3426,2023,Embers of Autoregression - Understanding Large Language Models Through the Problem They are Trained to Solve,arXiv:category-unknown,A|C
p3427,2005,In search of memory traces,journal:Annual Review of Psychology [direct-scan],A|E
p3428,2021,Forms of explanation and understanding for neuroscience and artificial intelligence,unknown-venue,A|B|E|G
p3429,2020,"Is technological progress inevitable, or is it constrained by the limits",journal-unknown(10.1073/pnas.X),A|E|G
p3430,2024,Zero-shot counting with a dual-stream neural network model,journal:Neuron [direct-scan],A|B
p3431,2009,Cognition without control - When a little frontal lobe goes a long way,journal-unknown(10.1111/j.1467),A|B|E
p3432,2005,Provenance of correlations in psychological data,"journal:Psychonomic Bulletin &amp; Review [title-match, score=1.0]",A|G
p3433,2017,An Analytical Formula of Population Gradient for two-layered ... twork and its Applications in Convergence and Critical Point Analysis,arXiv:category-unknown,A|B
p3434,2024,Mental programming of spatial sequences in working memory in the macaque frontal cortex,journal-unknown(10.5281/zenodo),A|B|E
p3435,2018,Title TBA - Revising the Abstract Submission Process,journal:Trends in Cognitive Sciences [direct-scan],A|E|G
p3436,2026,Neural activations and representations during episodic versus semantic memory retrieval,journal:Nature Human Behaviour [direct-scan],A|D
p3437,2025,Back to recurrent processing at the crossroad of transformers and state-space models,journal:Nature Machine Intelligence [direct-scan],A|B|C|E
p3438,2017,Sequential Firing Codes for Time in Rodent Medial Prefrontal Cortex,journal:Cerebral Cortex [direct-scan],A|E
p3439,2021,A computational model for simulating the future using a memory timeline,unknown-venue,A
p3440,2016,Visual Storytelling,arXiv:category-unknown,A
p3441,2019,Functional Regularisation for Continual Learning with Gaussian Processes,arXiv:category-unknown,A|B
p3442,2011,Natural Images from the Birthplace of the Human Eye,journal:PLoS ONE [listed],A|B
p3443,2009,Learning to Use Working Memory in Partially Observable Environments through Dopaminergic Reinforcement,unknown-venue,A|B|E|G
p3444,2009,Efficient computation of optimal actions,"journal:Proceedings of the National Academy of Sciences [title-match, score=1.0]",A|B|E|G
p3446,2024,Single-unit activations confer inductive biases for emergent circuit solutions to cognitive tasks,bioRxiv:section-unknown,A|B|D|G
p3447,2025,Single-unit activations confer inductive biases for emergent circuit solutions to cognitive tasks,journal:Nature Machine Intelligence [direct-scan],A|B|D|G
p3448,2021,The Similarity Structure of Real-World Memories,bioRxiv:section-unknown,A|D|E|G
p3449,2021,Multi-task reinforcement learning in humans,journal:Nature Human Behaviour [direct-scan],A|G
p3450,2016,High-resolution investigation of memory-specific reinstatement in the hippocampus and perirhinal cortex,journal:Hippocampus [direct-scan],A|B|D|E
p3451,2018,The role of engram cells in the systems consolidation of memory,"journal:Nature Reviews Neuroscience [title-match, score=1.0]",A|B|E
p3452,2019,An Empirical Study of Example Forgetting during Deep Neural Network Learning,arXiv:category-unknown,A|B|E|G
p3453,2020,Combining computational controls with natural text reveals new aspects of meaning composition,bioRxiv:section-unknown,A|B
p3454,2015,A long journey into reproducible computational neuroscience,journal:Frontiers in Computational Neuroscience [listed],A|G
p3455,2020,Wireless Programmable Recording and Stimulation of Deep Brain Activity in Freely Moving Humans,journal-unknown(10.1016/j.neur),A|E|G
p3456,2019,Event boundaries do not cause the immediate extinction deficit after Pavlovian fear conditioning in rats,journal:Scientific Reports [direct-scan],A|B|E
p3457,2012,Lecture Notes - Some notes on gradient descent,unknown-venue,A|E
p3458,2021,Training data-efficient image transformers & distillation through attention,arXiv:category-unknown,A|B|E
p3459,2025,Mental graphs structure the storage and retrieval of visuomotor associations,journal:Nature Human Behaviour [direct-scan],A|B|D
p3460,2017,Accurate estimation of neural population dynamics without spike sorting (1),bioRxiv:section-unknown,A|B
p3461,2017,Accurate estimation of neural population dynamics without spike sorting,arXiv:stat.ML,A
p3462,2019,Accurate estimation of neural population dynamics without spike sorting,arXiv:stat.ML,A
p3464,2018,On the Subspace Invariance of Population Responses,bioRxiv:section-unknown,A
p3465,2018,A Simple Method for Commonsense Reasoning,arXiv:category-unknown,A|B|C|D|E|G
p3466,2006,A cortical region consisting entirely of face-selective cells,journal:Science [direct-scan],A|E|G
p3467,2017,Fluid Intelligence Predicts Novel Rule Implementation in a Distributed Frontoparietal Control Network,journal:The Journal of Neuroscience [listed],A|G
p3468,2026,Redundant prefrontal hemispheres adapt storage strategy to working memory demands,journal:Nature Communications [direct-scan],A|E|G
p3469,2007,Schemas and memory consolidation,journal:Science [direct-scan],A|E
p3470,2011,Schema-dependent gene activation and memory encoding in neocortex,journal:Science [direct-scan],A|D
p3471,2019,Brain meta-state transitions demarcate spontaneous thoughts in movie-viewing and resting cognition,bioRxiv:section-unknown,A|E
p3472,2020,Brain meta-state transitions demarcate thoughts across task contexts exposing the mental noise of trait neuroticism,journal:Nature Communications [direct-scan],A|B|E
p3473,2019,Unsupervised word embeddings capture latent knowledge from materials science literature,journal:Nature [direct-scan],B|C|E
p3474,2018,Robustness May Be at Odds with Accuracy,arXiv:category-unknown,A|B|G
p3475,2019,Single-neuron representations of spatial memory targets in humans,bioRxiv:section-unknown,A
p3476,2017,Human learning in Atari,arXiv:category-unknown,A|G
p3477,2016,A dynamic code for economic object valuation in prefrontal cortex neurons,journal:Nature Communications [direct-scan],A|G
p3478,2016,ncomms12554-s1,unknown-venue,A|G
p3479,2017,Author Correction - A dynamic code for economic object valuation in prefrontal cortex neurons,journal:Nature Communications [direct-scan],A
p3480,2025,Unexpected twists - Electrophysiological correlates of encoding and retrieval of events eliciting prediction error,journal:Psychophysiology [listed],A|B|E|G
p3481,2017,A semi-supervised method for multi-subject FMRI functional alignment,arXiv:category-unknown,A|D|E
p3483,2013,Functional interactions as big data in the human brain,journal:Science [direct-scan],A|E
p3484,2019,Conflicting emergences. Weak vs. strong emergence for the modelling of brain function,journal:Neuroscience &amp; Biobehavioral Reviews [listed],A|B
p3485,2024,Mixed selectivity - Cellular computations for complexity,journal:Neuron [direct-scan],A|E
p3487,2015,Stochastic Dynamics Underlying Cognitive Stability and Flexibility,journal:PLOS Computational Biology [listed],A|B|D|G
p3488,2011,Lichtheim 2 - synthesizing aphasia and the neural bas ... neurocomputational model of the dual dorsal-ventral language pathways,journal:Neuron [direct-scan],A|B|E
p3489,2019,Temporal Proximity Links Unrelated News Events in Memory,journal:Psychological Science [direct-scan],A|B|E
p3490,2016,Atoms of recognition in human and computer vision,journal:Proceedings of the National Academy of Sciences [direct-scan],A|B|D|E|G
p3491,2017,Mind Games - Game Engines as an Architecture for Intuitive Physics,arXiv:category-unknown,A|D
p3492,2020,Time cells in the human hippocampus and entorhinal cortex support episodic memory,journal-unknown(10.1073/pnas.2),A|E|G
p3493,2025,Key moments in naturalistic events synchronize neural activity patterns and dominate memory reinstatement,bioRxiv:section-unknown,A|E
p3494,2016,Do Deep Convolutional Nets Really Need to be Deep and Convolutional,arXiv:category-unknown,A|B|D
p3495,2001,"The time course of perceptual choice - the leaky, competing accumulator model",journal:Psychological Review [listed],A|E|G
p3496,2008,"Short-term memory after all - comment on Sederberg, Howard, and Kahana (2008)",journal:Psychological Review [listed],A|B|E
p3497,2024,Disentangling representations through multi-task learning,arXiv:category-unknown,A|B|G
p3498,2022,Abstract task representations for inference and control (1),journal-unknown(10.1016/j.tics),A|B|D|E|G
p3499,2022,Abstract task representations for inference and control,journal:Trends in Cognitive Sciences [direct-scan],A|B|E|G
p3500,2019,Lesion Studies in Contemporary Neuroscience,journal:Trends in Cognitive Sciences [direct-scan],A
p3502,2023,Influences of familiarity and recollection on value-based decision-making,journal-unknown(10.1037/0033-),A|G
p3504,2018,Deep learning generalizes because the parameter-function map is biased towards simple functions,arXiv:stat.ML,A|B|G
p3505,2010,"Intrinsic functional connectivity as a tool for human connectomics - theory, properties, and optimization",journal-unknown(10.1152/jn.007),A|B|D
p3506,2005,"A Population-Average, Landmark- and Surface-based (PALS) atlas of human cerebral cortex",journal:NeuroImage [listed],A|G
p3507,2018,Modeling semantic encoding in a common neural representational space,bioRxiv:section-unknown,A|B|C|D|G
p3508,2026,Will online behavioral research follow the fate of online survey research,journal:Proceedings of the National Academy of Sciences [direct-scan],A|B|G
p3509,2017,Perception Science in the Age of Deep Neural Networks,journal:Frontiers in Psychology [listed],A|B
p3510,2018,Editorial - Bayesian methods for advancing psychological science,journal:Psychonomic Bulletin &amp; Review [direct-scan],B|E|G
p3511,2024,Cognitive modeling of the Mnemonic Similarity Task as a digital biomarker for Alzheimer's disease,journal:Alzheimer's &amp; Dementia [listed],A|B|E
p3513,2009,What does the retrosplenial cortex do,journal:Nature Reviews Neuroscience [direct-scan],A|D|E
p3514,2025,Hippocampal mismatch signals are based on episodic memories and not schematic knowledge,journal:Proceedings of the National Academy of Sciences [direct-scan],A|B|G
p3515,2024,A systematic review and meta-analysis of experimenta ... es following lab-analogue trauma exposure in non-clinical populations,journal:Nature Human Behaviour [direct-scan],A|B|G
p3516,2019,Predictive models avoid excessive reductionism in cognitive neuroimaging,journal-unknown(10.1016/j.conb),A|B|E
p3517,2018,Atlases of cognition with large-scale human brain mapping,journal:PLOS Computational Biology [listed],A
p3518,2017,Attention is All You Need,arXiv:category-unknown,A|B|C|G
p3519,2023,A topological perspective on the dual nature of the neural state space and the correlation structure,bioRxiv:section-unknown,A|E
p3520,2019,Coupled ripple oscillations between the medial temporal lobe and neocortex retrieve human memory,journal:Science [direct-scan],A|D
p3521,2020,Replay of cortical spiking sequences during human memory retrieval,journal:Science [direct-scan],A|D|G
p3522,2017,Generative Models of Visually Grounded Imagination,arXiv:category-unknown,A|B|E
p3525,2021,Multimodal deep learning models for early detection of Alzheimer's disease stage,journal:Scientific Reports [direct-scan],A|B|D
p3526,2018,Manifold Mixup - Better Representations by Interpolating Hidden States,arXiv:stat.ML,A|B|G
p3527,2007,An experimental unification of reservoir computing methods,journal:Neural Networks [listed],B|G
p3528,2019,Memory formation in the absence of experience,journal:Nature Neuroscience [direct-scan],A|D|G
p3529,2017,FeUdal Networks for Hierarchical Reinforcement Learning,arXiv:category-unknown,A|B|G
p3530,2017,Mathematics of Deep Learning,arXiv:category-unknown,A|B|G
p3531,2018,Spontaneous cortical activity transiently organises into frequency specific phase-coupling networks,journal:Nature Communications [direct-scan],A|B|D
p3532,2025,Non-invasive vestibular nerve stimulation (VeNS) reduces visceral adipose tissue - results of a randomised controlled trial,journal:Scientific Reports [direct-scan],A|E
p3533,2019,Hippocampal Contributions to Model-Based Planning and Spatial Memory (1),journal:Neuron [direct-scan],A|G
p3534,2019,Hippocampal Contributions to Model-Based Planning and Spatial Memory,journal:Neuron [direct-scan],A|G
p3535,2024,Consolidation of Sequential Planning,bioRxiv:section-unknown,A|B|G
p3536,2025,Predicting brain responses to natural movies with multimodal LLMs,arXiv:category-unknown,A|B|D|E
p3537,2000,Sparse coding and decorrelation in primary visual cortex during natural vision,journal:Science [direct-scan],A
p3538,2016,Matching Networks for One Shot Learning,arXiv:category-unknown,A|B|D|G
p3539,2019,Grandmaster level in StarCraft II using multi-agent reinforcement learning,journal:Nature [direct-scan],A|D|E|G
p3540,2017,Rapid memory replay of life-like episodic sequence of events precedes their verbal recall from long-term memory,unknown-venue,A
p3542,2023,Non-invasive temporal interference electrical stimulation of the human hippocampus,journal:Nature Neuroscience [direct-scan],A|B
p3543,2015,Familiar Face Detection in 180ms,journal:PLOS ONE [listed],A|B|D|E|G
p3544,2017,The neural representation of ... ar and unfamiliar faces in the distributed system for face perception,journal:Scientific Reports [direct-scan],D|E
p3545,2018,Mnemonic accessibility affects statement beli ... ty - The effect of listening to others selectively practicing beliefs,journal:Cognition [listed],A|B
p3546,2018,Cognition in a Social Context - A Social-Interactionist Approach to Emergent Phenomena,journal:Current Directions in Psychological Science [listed],A|G
p3547,2018,Suppressing my memories by listening to yours - The effect of socially triggered context-based prediction error on memory,journal:Psychonomic Bulletin &amp; Review [direct-scan],A|E|G
p3548,2018,Mapping between fMRI responses to movies and their natural language annotations,journal:NeuroImage [listed],A|B|E|G
p3550,2019,A molecular gradient along the longitudinal axis of the human hippocampus informs large-scale behavioral systems,bioRxiv:section-unknown,A|E
p3551,2017,Language from police body camera footage shows racial disparities in officer respect,journal:Proceedings of the National Academy of Sciences [direct-scan],A|E|G
p3552,2020,A review of automated speech and language features for assessment of cognitive and thought disorders,arXiv:category-unknown,A|B|D|E
p3553,2025,Left-right-alternating theta sweeps in entorhinal-hippocampal maps of space,journal:Nature [direct-scan],A|E|G
p3554,2024,Grounded language acquisition through the eyes and ears of a single child,arXiv:category-unknown,A|B|D|G
p3556,2014,One and done - Optimal decisions from very few samples,journal:Cognitive Science [direct-scan],A|B|E|G
p3557,2014,Vul14,journal:Cognitive Science [direct-scan],A|B|E|G
p3558,2026,Looking into working memory through micro eye movements,journal:Trends in Cognitive Sciences [direct-scan],A|E|G
p3559,2025,The precision of hippocampal representations predicts incremental value-learning across the adult lifespan,bioRxiv:section-unknown,A|D|G
p3560,2015,Deep Reinforcement Learning with Double Q-learning,arXiv:category-unknown,A|B|G
p3561,2018,Deep Reinforcement Learning and the Deadly Triad,arXiv:category-unknown,A|B|E|G
p3562,2010,Persistent schema-dependent hippocampal-neocortical connectivity during memory encoding and postencoding rest in humans,journal:Proceedings of the National Academy of Sciences [direct-scan],A|D|E|G
p3563,2012,How schema and novelty augment memory formation,journal:Trends in Neurosciences [listed],A
p3564,2013,Differential roles for medial prefrontal and ... cortices in schema-dependent encoding - from congruent to incongruent,journal:Neuropsychologia [listed],A|D|G
p3565,2013,Re-imagining the future - repetition decreases hippocampal involvement in future simulation,journal:PLoS ONE [listed],A|B|D
p3566,2019,Tasks for aligning human and machine planning,arXiv:category-unknown,A|B|G
p3567,2017,A computational model for decision tree search,unknown-venue,A|B|G
p3568,2020,Unbiased and Efficient Log-Likelihood Estimation with Inverse Binomial Sampling,arXiv:cs.LG,A|B|G
p3569,2021,Revealing the impact of expertise on human planning with a two-player board game,arXiv:category-unknown,A|B|G
p3570,2009,The anatomy of memory - an interactive overview of the parahippocampal-hippocampal network,journal:Nature Reviews Neuroscience [direct-scan],A|D|E
p3571,2019,Three scenarios for continual learning,arXiv:category-unknown,A|B|G
p3572,2020,Brain-inspired replay for continual learning with artificial neural networks,journal:Nature Communications [direct-scan],A|B|G
p3573,2022,Three types of incremental learning,journal:Nature Machine Intelligence [direct-scan],A|B|G
p3574,2018,A resource-rational theory of set size effects in human visual working memory,journal-unknown(10.7554/eLife.),A|B|D
p3575,2012,Variability in encoding precision accounts for visual short-term memory limitations,journal:Proceedings of the National Academy of Sciences [direct-scan],A|B|E
p3576,2017,Development of visual category selectivity in ventral visual cortex does not require visual experience,journal:Proceedings of the National Academy of Sciences [direct-scan],A|B|D|E
p3577,2013,Dropout Training as Adaptive Regularization (1),arXiv:stat.ML,A|B|D|G
p3578,2013,Dropout Training as Adaptive Regularization,arXiv:stat.ML,A|B|D|G
p3579,2019,Memory guides the processing of event changes for older and younger adults,journal:Journal of Experimental Psychology: General [direct-scan],A|B|D|G
p3580,2024,Memory updating and the structure of event representations,journal:Trends in Cognitive Sciences [direct-scan],A|D|G
p3581,2021,Understanding Everyday Events - Predictive Looking Errors Drive Memory Updating,journal-unknown(10.17605/OSF.I),A|B|D|G
p3582,2022,Understanding Everyday Events - Predictive-Looking Errors Drive Memory Updating,journal:Psychological Science [direct-scan],A|G
p3583,2012,Semantic memory recognition is supported by intrinsic recollection-like processes - 'The butcher on the bus' revisited,journal:Neuropsychologia [listed],A|G
p3585,2025,An instantaneous voice-synthesis neuroprosthesis,journal:Nature [direct-scan],A|B|D|G
p3586,2011,Hippocampal signals for strong memory when associative memory is available and when it is not,journal:Hippocampus [direct-scan],A
p3587,2023,Predicting image memorability from evoked feelings,"journal:Journal of Experimental Psychology: Learning, Memory, and Cognition [listed]",A
p3588,2016,Episodic Memory Retrieval Functionally Relies on Very Rapid Reactivation of Sensory Information,journal:The Journal of Neuroscience [listed],A|D|G
p3590,2010,An Alternative Prior Process for Nonparametric Bayesian Clustering,unknown-venue,A|B|G
p3591,2001,Single neurons in prefrontal cortex encode abstract rules,"journal:Nature [title-match, score=1.0]",A|D
p3592,2024,Towards a personalized AI assistant to learn machine learning,journal:Nature Machine Intelligence [direct-scan],A|C
p3593,2023,Behavioral representational similarity analysis ... s how episodic learning is influenced by and reshapes semantic memory,journal:Nature Communications [direct-scan],A|D
p3594,2022,Increasing stimulus similarity drives nonmonotonic representational change in hippocampus,journal:eLife [direct-scan],A|B
p3595,2022,Priority-based transformations of stimulus representation in visual working memory,journal:PLOS Computational Biology [listed],A|B|D|E
p3596,2023,Representing context and priority in working memory,bioRxiv:section-unknown,A|B|E|G
p3597,2002,Probabilistic decision making by slow reverberation in cortical circuits,"journal:Neuron [title-match, score=1.0]",A|E|G
p3598,2021,Meta-learning in natural and artificial intelligence,arXiv:cs.AI,A|B|E|G
p3599,2022,Corrective feedback control of competing neural network with entire connections,bioRxiv:section-unknown,A|E|G
p3600,2025,Theoretical neuroscience - Understanding cognition,arXiv:category-unknown,A|B|G
p3601,2026,Toward a foundational brain model of intelligence,journal:Current Opinion in Neurobiology [direct-scan],A|B
p3602,2019,Exploring Model-based Planning with Policy Networks,arXiv:category-unknown,A|B|G
p3603,2022,Switching task sets creates event boundaries in memory,journal:Cognition [listed],A|B|E|G
p3604,2013,Fast dropout training,unknown-venue,B|D|E|G
p3605,2010,"Hippocampal-neocortical interactions in memory formation, consolidation, and reconsolidation",journal-unknown(10.1146/annure),A|B|D
p3606,2014,Activity reductions in perirhinal cortex predict conceptual priming and familiarity-based recognition,journal-unknown(10.1016/j.neur),A|D|E|G
p3607,2015,Dueling Network Architectures for Deep Reinforcement Learning,arXiv:category-unknown,A|B|C|G
p3609,2016,Learning to reinforcement learn,arXiv:category-unknown,A|B|G
p3610,2017,$k$-Nearest Neighbor Augmented Neural Networks for Text Classification,arXiv:category-unknown,A|B|D|E|G
p3611,2017,Robust Imitation of Diverse Behaviors,arXiv:category-unknown,A|B|C|G
p3612,2018,Finding the needle in high-dimensional haystack - A tutorial on canonical correlation analysis,journal:Nature Neuroscience [direct-scan],A|E
p3613,2018,Prefrontal cortex as a meta-reinforcement learning system (1),journal:Nature Neuroscience [direct-scan],A|B|G
p3614,2018,Prefrontal cortex as a meta-reinforcement learning system (2),journal:Nature Neuroscience [direct-scan],A|B|E|G
p3615,2018,Prefrontal cortex as a meta-reinforcement learning system,journal:Nature Neuroscience [direct-scan],A|B|G
p3616,2018,Towards Understanding Learning Representations - To What Extent Do Different Neural Networks Learn the Same Representation,arXiv:category-unknown,A|B
p3617,2019,Benchmarking Model-Based Reinforcement Learning,arXiv:category-unknown,A|G
p3618,2019,Learning Robust Representations by Projecting Superficial Statistics Out,arXiv:category-unknown,A|B|G
p3619,2019,Neural Taskonomy - Inferring the Similarity of Task-Derived Representations from Brain Activity,bioRxiv:section-unknown,A|D
p3620,2020,Hippocampal Place Cells Encode Local Surface-Texture Boundaries,journal:Current Biology [direct-scan],A|G
p3621,2021,Alchemy - A structured task distribution for meta-reinforcement learning,arXiv:category-unknown,A|B|G
p3622,2023,Incorporating neuro-inspired adaptability for continual learning in artificial intelligence,journal:Nature Machine Intelligence [direct-scan],A|B|G
p3623,2023,Scientific discovery in the age of artificial intelligence,journal:Nature [direct-scan],A|B|E
p3624,2024,Encoding of visual objects in the human medial temporal lobe,journal:The Journal of Neuroscience [listed],A|D
p3626,2025,Bridging brains and models - MoE-based functional lesions for simulating and rehabilitating aphasia,arXiv:category-unknown,A|B|C|G
p3627,2025,Emergent modularity in large language models - Insights from aphasia simulations,bioRxiv:section-unknown,A|B|C
p3628,2025,"Representation, alignment, and generation - A comprehensive survey of Foundation Models for non-invasive brain decoding",bioRxiv:section-unknown,A|B
p3629,2026,A simple model of co-emergence of grid and place fields,arXiv:category-unknown,A|B|G
p3630,2026,Training constrains neural routes to knowledge assembly,bioRxiv:section-unknown,A|B|E
p3631,2021,Abrupt hippocampal remapping signals resolution of memory interference,journal:Nature Communications [direct-scan],A|G
p3632,2018,General Transformations of Object Representations in Human Visual Cortex,journal:The Journal of Neuroscience [listed],A|D|E|G
p3633,2024,Communication of perceptual predictions from the hippocampus to the deep layers of the parahippocampal cortex,bioRxiv:section-unknown,A|D|G
p3635,2003,Task-switching and long-term priming - role of episodic stimulus-task bindings in task-shift costs,journal-unknown(10.1016/S0010-),A|G
p3636,2018,Illusory Motion Reproduced by Deep Neural Networks Trained for Prediction,journal:Frontiers in Psychology [listed],A|B|G
p3637,2024,Human hippocampal CA3 uses specific functional connectivity rules for efficient associative memory,bioRxiv:section-unknown,A|B|D|G
p3638,2021,"Modular Object-Oriented Games - A Task Framework for Reinforcement Learning, Psychology, and Neuroscience",arXiv:category-unknown,A|E|G
p3639,2018,Unsupervised Predictive Memory in a Goal-Directed Agent (1),arXiv:cs.LG,A|B|G
p3640,2018,Unsupervised Predictive Memory in a Goal-Directed Agent,arXiv:cs.LG,A|B|G
p3641,2019,Memory for the usual - the influence of schemas on memory for non-schematic information in younger and older adults,journal:Cognitive Neuropsychology [listed],A
p3642,2020,Emergent Symbols through Binding in External Memory,arXiv:category-unknown,A|B
p3643,2023,The Relational Bottleneck as an Inductive Bias for Efficient Abstraction,arXiv:cs.AI,A|B|G
p3644,2017,Imagination-Augmented Agents for Deep Reinforcement Learning,arXiv:category-unknown,A|B|G
p3646,2014,Aligning context-based statistical models of language with brain activity during reading,arXiv:category-unknown,A|B|G
p3647,2022,Emergent Abilities of Large Language Models,arXiv:category-unknown,A|B|C|E|G
p3648,2010,Foreseeing the future - occurrence probability of imagined future events modulates hippocampal activation,journal:Hippocampus [direct-scan],A
p3649,2009,Early identification and treatment of Alzheimer's disease - social and fiscal outcomes,journal-unknown(10.1016/j.jalz),A|B|E
p3650,2025,Changes in memory function in adults following SARS-CoV-2 infection - findings from the Covid and Cognition online study,journal:Nature Medicine [listed],A|G
p3651,2018,On the Practical Computational Power of Finite Precision RNNs for Language Recognition,arXiv:category-unknown,A|B|G
p3652,2022,Retrieval context determines whether event boundaries impair or enhance temporal order memory,bioRxiv:section-unknown,A|D|E|G
p3653,2017,Deep Residual Network Reveals a Nested Hierarchy of Distributed Cortical Representation for Visual Categorization,bioRxiv:section-unknown,A|B|D|E
p3654,2018,Deep Residual Network Predicts Cortical Representation and Organization of Visual Features for Rapid Categorization,journal:Scientific Reports [direct-scan],A|B|D
p3655,2018,Neural Encoding and Decoding with Deep Learning for Dynamic Natural Vision,journal:Cerebral Cortex [direct-scan],A|B|E|G
p3656,2018,Transferring and generalizing deep-learning-based neural encoding models across subjects,journal:NeuroImage [listed],A|B|D
p3657,2019,Representation of task episodes in human cortical networks,bioRxiv:section-unknown,A
p3658,2018,Deep Neural Networks for Modeling Visual Perceptual Learning,journal:The Journal of Neuroscience [listed],A|B|E
p3660,2025,The potential existential threat of large language models to online survey research,journal-unknown(10.1073/pnas.),A|C|E
p3661,2024,The persistence of memory - prior memory responses modulate behavior and brain state engagement,bioRxiv:section-unknown,A|B|D|E|G
p3662,2020,Memories of control - One-shot episodic learning of item-specific stimulus-control associations,journal:Cognition [listed],A|G
p3663,2019,The quest for interpretable models of neural population activity,journal:Current Opinion in Neurobiology [direct-scan],A|B|G
p3664,2019,Theories of Error Back-Propagation in the Brain,journal:Trends in Cognitive Sciences [direct-scan],A|B|D|G
p3665,2018,Generalisation of structural knowledge in the hippocampal-entorhinal system (1),arXiv:category-unknown,A|B|G
p3666,2018,Generalisation of structural knowledge in the hippocampal-entorhinal system,journal-unknown(10.1523/JNEURO),A|B|G
p3667,2019,The Tolman-Eichenbaum Machine - Unifying space and relational memory through generalisation in the hippocampal formation,bioRxiv:section-unknown,A|G
p3668,2020,The Tolman-Eichenbaum Machine - Unifying Space and Relational Memory through Generalization in the Hippocampal Formation,journal:Cell [direct-scan],A|B
p3669,2021,Relating transformers to models and neural representations of the hippocampal formation,arXiv:category-unknown,A|B|C|G
p3670,2022,How to build a cognitive map - insights from models of the hippocampal formation,journal:Science [direct-scan],A|G
p3671,2023,On prefrontal working memory and hippocampal episodic memory - Unifying memories stored in weights and activation slots,bioRxiv:section-unknown,A|B|D
p3672,2024,A tale of two algorithms - Structured slots ex ... ontal sequence memory and are unified with hippocampal cognitive maps,journal:Neuron [direct-scan],A|B|D
p3673,2026,Value-based control over memory encoding and search,journal:Psychological Review [listed],A|B|D|E|G
p3674,2007,Solving Deep Memory POMDPs with Recurrent Policy Gradients,"journal:Lecture Notes in Computer Science [title-match, score=1.0]",A|B|G
p3676,2014,Natural Evolution Strategies,unknown-venue,A|B|E|G
p3677,2017,Suppression of ventral hippocampal output impairs integrated orbitofrontal encoding of task structure,journal:Neuron [direct-scan],A|D|G
p3678,2024,Personalized neural state segmentation - validating the GSBS algorithm for individual-level fMRI data,journal:Scientific Data [direct-scan],A|B|E
p3679,2021,High-performance brain-to-text communication via handwriting,journal-unknown(10.1038/s41586),A|G
p3680,2024,"Equivalence between representational similarity analysis, centered kernel alignment, and canonical correlations analysis",bioRxiv:section-unknown,A|B
p3681,2018,"Unsupervised Discovery of Demixed, Low-Dimensiona ... Dynamics across Multiple Timescales through Tensor Component Analysis",journal:Neuron [direct-scan],A|D|E
p3682,2019,How the Human Brain Segments Continuous Experience,journal:The Journal of Neuroscience [listed],A|E
p3683,2022,Behavioural and dopaminergic signatures of resilience,journal:Nature [direct-scan],A|G
p3684,2005,Attractor dynamics in the hippocampal representation of the local environment,journal:Science [direct-scan],A|E|G
p3685,2019,Ten simple rules for the computational modeling of behavioral data,journal:Psychological Review [listed],A|B|D|G
p3686,2014,Humans use directed and random exploration to solve the explore-exploit dilemma,journal:Journal of Experimental Psychology: General [direct-scan],A|B|G
p3687,2014,Orbitofrontal cortex as a cognitive map of task space,journal:Neuron [direct-scan],A|B|G
p3688,2015,The Human Kernel,arXiv:category-unknown,A|E|G
p3689,2012,Preference by association - how memory mechanisms in the hippocampus bias decisions,journal:Science [direct-scan],A|D|E|G
p3690,2014,Episodic memory encoding interferes with reward learning and decreases striatal prediction errors,journal:The Journal of Neuroscience [listed],A|D|G
p3691,2020,Episodic memory retrieval success is associated with rapid replay of episode content,journal:Nature Neuroscience [direct-scan],A|B|D|G
p3692,2015,Reinstatement of individual past events revealed by t ... rity of distributed activation patterns during encoding and retrieval,journal-unknown(10.1162/jocn_a),A
p3693,2017,Relating dynamic brain states to dynamic machine states - Human and machine solutions to the speech recognition problem,journal:PLOS Computational Biology [listed],A|B|D|G
p3694,2004,Double dissociation between the effects of peri-po ... d spatial memory - heterogeneity of function within the temporal lobe,journal:The Journal of Neuroscience [listed],A|D
p3695,2003,Single neurons in the monkey hippocampus and learning of new associations,journal:Science [direct-scan],A|G
p3696,2018,Learning Neural Templates for Text Generation,arXiv:category-unknown,E|G
p3697,2022,Neural mechanisms of credit assignment for inferred relationships in a structured world,journal:Neuron [direct-scan],A|B|G
p3698,2024,Neural mechanisms of credit assignment for delayed outcomes during contingent learning,journal-unknown(10.7554/eLife.),A|G
p3699,2020,Faster than thought - Detecting sub-second activation sequences with sequential fMRI pattern analysis,bioRxiv:section-unknown,A
p3700,2021,Dynamics of fMRI patterns reflect sub-second activation sequences and reveal replay in human visual cortex,journal:Nature Communications [direct-scan],A|G
p3701,2021,Replay in minds and machines,arXiv:category-unknown,A|B|G
p3702,2022,Statistical learning of successor representations is related to on-task replay,bioRxiv:section-unknown,A|B|G
p3703,2025,Replay in the human visual cortex during brief task pauses is linked to implicit learning of successor representations,journal-unknown(10.1073/pnas.),A|B|D|G
p3704,2024,Analysis of NIH K99 - R00 awards and the career progression of awardees,journal:eLife [direct-scan],A|B
p3705,2017,Dynamic hidden states underlying working-memory-guided behavior,journal:Nature Neuroscience [direct-scan],A|B|E
p3706,2000,Hippocampal neurons encode information about different types of memory episodes occurring in the same location,"journal:Neuron [title-match, score=1.0]",A|G
p3707,2005,Comparing functional connectivity via thresholding correlations and singular value decomposition,journal:Philosophical Transactions of the Royal Society B: Biological Sciences [listed],A|D
p3708,2026,Learning shapes neural geometry in the primate prefrontal cortex,journal:Nature Neuroscience [direct-scan],A|B|C|D|E|G
p3709,2023,Distinct encoding and post-encoding representational formats contribute to episodic sequence memory formation,bioRxiv:section-unknown,A|D
p3710,2018,Accurate Nonlinear Mapping between MNI Volumetric and FreeSurfer Surface Coordinate Systems,bioRxiv:section-unknown,A|C|E
p3711,2018,Connecting conceptual and spatial search via a model of generalization,bioRxiv:section-unknown,A|B|D|G
p3712,2018,Learning Attractor Dynamics for Generative Memory,arXiv:category-unknown,A|B|D|G
p3713,2018,The Kanerva Machine - A Generative Distributed Memory,arXiv:category-unknown,A|B|C
p3714,2020,Similar time course of fast familiarity and slow recollection processes for recognition memory in humans and macaques,bioRxiv:section-unknown,A|B|E|G
p3715,2022,Post-encoding reactivation is related to learning of episodes in humans,journal:Journal of Cognitive Neuroscience [listed],A|D|E
p3716,2023,Chunking as a rational solution to the speed-accuracy trade-off in a serial reaction time task,journal:Scientific Reports [direct-scan],A|E
p3718,2023,OpenICL - An open-source framework for in-context learning,arXiv:category-unknown,C
p3719,2024,Adhesive anti-fibrotic interfaces on diverse organs,journal:Nature [direct-scan],A
p3720,2025,Two types of motifs enhance human recall and generalization of long sequences,journal:Communications Psychology [direct-scan],A|B|G
p3721,2026,AutoMem - Automated learning of memory as a cognitive skill,arXiv:cs.AI,A|B|G
p3723,2020,Eye movements support behavioral pattern completion,bioRxiv:section-unknown,A|D|G
p3724,2022,Relation between event segmentation and memory dysfunction in Parkinson's disease,arXiv:category-unknown,A|E|G
p3725,2010,Understanding the difficulty of training deep feedforward neural networks,unknown-venue,B|D|E
p3726,2023,The Rise and Potential of Large Language Model Based Agents - A Survey,arXiv:cs.AI,B|C|E|G
p3727,2021,Stable representation of a naturalistic movie emerges from episodic activity with gain variability,journal:Nature Communications [direct-scan],A|G
p3728,2024,Aversive memories can be weakened during human sleep via the reactivation of positive interfering memories,journal:Proceedings of the National Academy of Sciences [direct-scan],A
p3729,2024,Circuit-motivated generalized affine models characterize stimulus-dependent visual cortical shared variability,journal:iScience [listed],A|B|E
p3730,2020,XDream - Finding preferred stimuli for visual neurons using generative networks and gradient-free optimization,journal:PLOS Computational Biology [listed],A|B|D|G
p3731,2010,SUN database - Large-scale scene recognition from abbey to zoo,"journal:2010 IEEE Computer Society Conference on Computer Vision and Pattern Recognition [title-match, score=1.0]",A|G
p3732,2018,"Dynamical Isometry and a Mean Field Theory of CNNs - How to Train 10,000-Layer Vanilla Convolutional Neural Networks",arXiv:category-unknown,A|B
p3733,2025,Human hippocampal ripples align new experiences with a grid-like schema,journal:Neuron [direct-scan],A|D
p3734,2023,The promising future of cognitive science and artificial intelligence,journal:Nature Reviews Psychology [listed],A|B|G
p3735,2016,Aggregated Residual Transformations for Deep Neural Networks,arXiv:category-unknown,A|B|D|G
p3736,2021,Minimal functional alignment of ventromedial prefrontal cortex intracranial EEG signals during naturalistic viewing,bioRxiv:section-unknown,A|B|E
p3737,2022,Neural Mechanisms of Working Memory Accuracy Revealed by Recurrent Neural Networks,journal:Frontiers in Systems Neuroscience [listed],A|B|D|G
p3738,2023,The medial temporal lobe supports the quality of visual short-term memory representation,journal:Nature Human Behaviour [direct-scan],A
p3739,2024,Neuronal sequences in population bursts encode information in human cortex,journal:Nature [direct-scan],A|E
p3740,2020,Answering Complex Open-Domain Questions with Multi-Hop Dense Retrieval,arXiv:category-unknown,A|D|G
p3741,2026,Human-like working memory interference in large language models,arXiv:category-unknown,A|C|G
p3742,2006,Dissociable neural mechanisms supporting visual short-term memory for objects,journal:Nature [direct-scan],A|D
p3743,2018,Training behavior of deep neural network in frequency domain,arXiv:category-unknown,B
p3744,2018,Using psychophysical methods to understand mechanisms of face identification in a deep neural network,arXiv:category-unknown,A|B|G
p3745,2019,Frequency Principle - Fourier Analysis Sheds Light on Deep Neural Networks,arXiv:cs.LG,A|B
p3746,2024,Temporal asymmetries in inferring unobserved past and future events,journal:Nature Communications [direct-scan],A|B
p3747,2025,Using human mobility data to quantify experienced urban inequalities,journal:Nature Human Behaviour [direct-scan],A|G
p3748,2018,The Neural Representations Underlying Human Episodic Memory,journal:Trends in Cognitive Sciences [direct-scan],A|D|E
p3749,2010,Greater neural pattern similarity across repetitions is associated with better memory,journal:Science [direct-scan],E
p3750,2025,Non-invasive ultrasonic neuromodulation of the human nucleus accumbens impacts reward sensitivity,journal:Nature Communications [direct-scan],A|D|E|G
p3751,2008,High-field fMRI unveils orientation columns in humans,"journal:Proceedings of the National Academy of Sciences [title-match, score=1.0]",A|D|E
p3752,2014,Reinstatement of distributed cortical oscillations o ... th precise spatiotemporal dynamics during successful memory retrieval,journal:Proceedings of the National Academy of Sciences [direct-scan],A|B|D
p3753,2022,Forgetting Enhances Episodic Control With Structured Memories,journal:Frontiers in Computational Neuroscience [listed],A|B|G
p3754,2008,A neural code for three-dimensional object shape in macaque inferotemporal cortex,journal-unknown(10.1038/nn.220),A
p3755,2016,Eight open questions in the computational modeling of higher sensory cortex,journal:Current Opinion in Neurobiology [direct-scan],A|B|D|E
p3756,2016,Using goal-driven deep learning models to understand sensory cortex,journal:Nature Neuroscience [direct-scan],A|B
p3757,2014,Performance-optimized hierarchical models predict neural responses in higher visual cortex,journal:Proceedings of the National Academy of Sciences [direct-scan],A|B|E|G
p3758,2026,Polysemanticity in human hippocampal neurons,bioRxiv:section-unknown,A|B|C|D
p3759,2021,Next-generation of recurrent neural network models for cognition,bioRxiv:section-unknown,A|B|E
p3760,2020,Artificial Neural Networks for Neuroscientists - A Primer,journal:Neuron [direct-scan],A|B|E
p3761,2014,Embedding Entities and Relations for Learning and Inference in Knowledge Bases,arXiv:category-unknown,A|B|C|G
p3762,2017,Breaking the Softmax Bottleneck - A High-Rank RNN Language Model,arXiv:category-unknown,B|C
p3763,2017,Clustering and compositionality of task representations in a neural network trained to perform many cognitive tasks,bioRxiv:section-unknown,A|B|G
p3764,2018,"HotpotQA - A Dataset for Diverse, Explainable Multi-hop Question Answering",arXiv:category-unknown,A|D|G
p3765,2019,41593_2018_310_MOESM1_ESM,journal:Nature Neuroscience [direct-scan],A|B|E|G
p3766,2019,How to study the neural mechanisms of multiple tasks,arXiv:category-unknown,A|B|E|G
p3767,2019,Task representations in neural networks trained to perform many cognitive tasks,journal:Nature Neuroscience [direct-scan],A|B|G
p3768,2021,Core Cognitive Mechanisms Underlying Syntactic Priming - A Comparison of Three Alternative Models,journal:Frontiers in Psychology [listed],A|B|G
p3769,2022,Bringing language to dynamic brain states - the default network dominates neural responses to evolving movie stories,bioRxiv:section-unknown,A|B
p3770,2022,Monkey plays Pac-Man with compositional strategies and hierarchical decision-making,journal-unknown(10.7554/eLife.),A|B|G
p3771,2023,Perirhinal cortex automatically tracks multiple types of familiarity regardless of task-relevance,journal:NeuroImage [listed],A|G
p3772,2024,Dorsolateral prefrontal activity supports a cognitive space organization of cognitive control,journal-unknown(10.7554/eLife.),A|B|G
p3773,2024,Dynamics of concept learning and compositional generalization,arXiv:category-unknown,A|B|E|G
p3774,2024,Problem-Solving as a Language - A Computational Lens into Human and Monkey Intelligence,bioRxiv:section-unknown,A|B
p3775,2024,Selection of experience for memory by hippocampal sharp wave ripples,bioRxiv:section-unknown,A|B|G
p3776,2025,Anterograde interference in multitask perceptual learning,journal:npj Science of Learning [listed],A|B|G
p3777,2025,Emergent Symbolic Mechanisms Support Abstract Reasoning in Large Language Models,arXiv:category-unknown,A|C|G
p3778,2025,Striatal arbitration between choice strategies guides few-shot adaptation,journal:Nature Communications [direct-scan],A|E|G
p3779,2026,How are linear representations learned - Exact solutions to the dynamics of abstraction,arXiv:category-unknown,A|B|G
p3781,2022,Reactivating Positive Personality Traits During Sleep Impacts Self-Evaluative Memories,bioRxiv:section-unknown,A|B
p3782,2023,Tree of Thoughts - Deliberate Problem Solving with Large Language Models,arXiv:category-unknown,A|B|C|G
p3783,2019,The Generalizability Crisis,unknown-venue,A|B|E
p3784,2008,Neural substrates of narrative comprehension and memory,journal-unknown(10.1016/j.neur),A|E|G
p3785,2011,Large-scale automated synthesis of human functional neuroimaging data,journal:Nature Methods [listed],A|B|G
p3786,2011,Pattern separation in the hippocampus,journal:Trends in Neurosciences [listed],A|B|E
p3787,2011,Pattern separation deficits associated with increased hippocampal CA3 and dentate gyrus activity in nondemented older adults,journal-unknown(10.1002/hipo.2),A
p3788,2022,Neural event segmentation of continuous experience in human infants,journal-unknown(10.1073/pnas.),A|B|D|E|G
p3789,2021,Representation learning for neural population activity with Neural Data Transformers,arXiv:q-bio.NC,A|B
p3790,2018,Locally distributed abstraction of temporal distance in human parietal cortex,bioRxiv:section-unknown,A|D
p3791,2020,Retrieval practice facilitates memory updating by enhancing and differentiating medial prefrontal cortex representations,journal:eLife [direct-scan],A|B
p3793,2024,Working memory for gaze benefits from the face context,journal:Psychonomic Bulletin &amp; Review [direct-scan],A|E|G
p3794,2025,Temporal asymmetry of neural pattern similarity predicts recognition memory decisions,journal:Communications Biology [direct-scan],A|G
p3795,2017,"Same Story, Different Story",journal:Psychological Science [direct-scan],A|B
p3796,2015,Identifying expectations about the strength of causal relationships,journal:Cognitive Psychology [listed],A|B|G
p3797,2018,Neural-Symbolic VQA - Disentangling Reasoning from Vision and Language Understanding,arXiv:category-unknown,A|B|G
p3798,2018,Efficient inverse graphics in biological face processing,bioRxiv:section-unknown,A|G
p3799,2019,An integrative computational architecture for object-driven cortex,journal:Current Opinion in Neurobiology [direct-scan],A|B
p3800,2017,"A gift from knowledge distillation - Fast optimization, network minimization and transfer learning",arXiv:category-unknown,A|B|D|G
p3801,2002,The Nature of Recollection and Familiarity - A Review of 30 Years of Research,journal:Journal of Memory and Language [listed],A|D
p3802,2007,Receiver operating characteristics (ROCs) in recognition memory - A review,journal-unknown(10.1037/0033-2),A|B|E|G
p3803,2019,A contextual binding theory of episodic memory - systems consolidation reconsidered,journal:Nature Reviews Neuroscience [direct-scan],A|B|E|G
p3804,2019,Reply to 'Active and effective replay - systems consolidation reconsidered again',journal:Nature Reviews Neuroscience [direct-scan],A|G
p3805,2021,Boundary cells in the representation of episodes in the human hippocampus,bioRxiv:section-unknown,A|E|G
p3806,2021,Neural correlates of episodic memory modulated by temporally delayed rewards,journal:PLOS ONE [listed],A|B|D|E|G
p3807,2013,Specific evidence of low-dimensional continuous attractor dynamics in grid cells,journal:Nature Neuroscience [direct-scan],A|B|E
p3808,2017,Learning and using knowledge about what other people do and don't know despite amnesia (1),journal-unknown(10.1016/j.cort),A|E|G
p3809,2017,Learning and using knowledge about what other people do and don't know despite amnesia,journal-unknown(10.1016/j.cort),A|E|G
p3810,2020,Natural images are reliably represented by sparse and variable populations of neurons in visual cortex,journal:Nature Communications [direct-scan],A|E
p3811,2026,A model of schema learning based on biological dimensionality reduction during sleep,bioRxiv:section-unknown,A|B|D
p3812,2014,How transferable are features in deep neural networks,arXiv:category-unknown,A|B|D|G
p3813,2015,Understanding Neural Networks Through Deep Visualization,arXiv:category-unknown,A|B|D
p3815,2017,Machine Learning Spatial Geometry from Entanglement Features,arXiv:category-unknown,B|D
p3816,2020,Supervised Hyperalignment for multi-subject fMRI data alignment,arXiv:category-unknown,A|B|D|E|G
p3817,2015,Hippocampal-cortical interaction in decision making,journal:Neurobiology of Learning and Memory [listed],A|B|D|E|G
p3819,2009,Gaussian-process factor analysis for low-dimensional single-trial analysis of neural population activity,journal-unknown(10.1152/jn.909),A
p3820,2018,One-Shot Imitation from Observing Humans via Domain-Adaptive Meta-Learning,arXiv:category-unknown,A|G
p3821,2020,Gradient Surgery for Multi-Task Learning,arXiv:category-unknown,A|B|E|G
p3822,2023,Reduced Reverse Replay in Anxious Individuals Impairs Reward Prediction,bioRxiv:section-unknown,A|G
p3823,2024,Predicting the next sentence (not word) in large langua ... s - What model-brain alignment tells us about discourse comprehension,arXiv:category-unknown,A|B|C|E|G
p3824,2026,Hippocampal theta sweeps indicate goal direction during navigation,journal:Nature Neuroscience [direct-scan],A|B|G
p3825,2023,Monkey Dorsolateral Prefrontal Cortex Represents Abstract Visual Sequences during a No-Report Task,journal:The Journal of Neuroscience [listed],A|D
p3826,2024,Different subregions of monkey lateral prefrontal cortex respond to abstract sequences and their components,journal:The Journal of Neuroscience [listed],A
p3827,2017,Psychology. In addition to his academic research he has worked in applied research,unknown-venue,A|B|E|G
p3829,2009,Event Segmentation Drives Memory Updating,unknown-venue,A|B|E|G
p3831,2020,Event Perception and Memory (1),journal-unknown(10.1146/annure),A
p3832,2020,Event Perception and Memory,arXiv:category-unknown,A|E
p3833,2011,"Film, narrative, and cognitive neuroscience",unknown-venue,A|B|E|G
p3834,2007,Event Segmentation,journal-unknown(10.1111/j.1467),A|B|D|E
p3835,2001,Event structure in perception and conception,"journal:Psychological Bulletin [title-match, score=1.0]",A|B|E
p3836,2001,Human brain activity time-locked to perceptual event boundaries,unknown-venue,A|B|E
p3837,2001,"Perceiving, remembering, and communicating structure in events",journal:Journal of Experimental Psychology: General [direct-scan],A|B
p3838,2007,Event perception - a mind-brain perspective,journal-unknown(10.1037/0033-2),A|B|E|G
p3839,2009,Segmentation in reading and film comprehension,journal:Journal of Experimental Psychology: General [direct-scan],A|B|D|E
p3840,2011,Prediction error associated with the perceptual segmentation of naturalistic events (1),"journal:Journal of Cognitive Neuroscience [title-match, score=0.988]",A|D|G
p3841,2011,Prediction error associated with the perceptual segmentation of naturalistic events,"journal:Journal of Cognitive Neuroscience [title-match, score=1.0]",A|D|G
p3842,2016,Effects of penetrating traumatic brain injury on event segmentation and memory,journal-unknown(10.1016/j.cort),A|E|G
p3843,2024,A shared model-based linguistic space for transmitting our thoughts from brain to brain in natural conversations,journal-unknown(10.1016/j.neur),A|C
p3844,2025,Brains and language models converge on a shared conceptual space across different languages,journal:Frontiers in Neuroinformatics [listed],A|B|C|E
p3845,2025,The 'Podcast' ECoG dataset for modeling neural activity during natural language comprehension (1),journal:Scientific Data [direct-scan],A|B|C|D|E
p3846,2025,The 'Podcast' ECoG dataset for modeling neural activity during natural language comprehension,bioRxiv:section-unknown,A|B|C|D|E
p3847,2017,How We Transmit Memories to Other Brains - Constructing Shared Neural Representations Via Communication,journal:Cerebral Cortex [direct-scan],A|D|G
p3848,2021,Here’s the twist - How the brain updates naturalistic event memories as our understanding of the past changes,bioRxiv:section-unknown,A|E
p3849,2022,Neural representations of naturalistic events are updated as our understanding of the past changes,journal-unknown(10.18112/​),A|B|E
p3850,2019,A Critique of Pure Learning - What Artificial Neural Networks can Learn from Animal Brains,bioRxiv:section-unknown,A|B|D
p3851,2026,Preserved geometry during representational drift enables stable perception and memory,bioRxiv:section-unknown,A|G
p3852,2025,Offline ensemble co-reactivation links memories across days,journal:Nature [direct-scan],A|E
p3853,2018,Relational Deep Reinforcement Learning,arXiv:category-unknown,A|B|G
p3854,2018,Taskonomy - Disentangling Task Transfer Learning,arXiv:category-unknown,A|B|D|E|G
p3855,2018,General differential Hebbian learning - Capturing temporal relations between events in neural networks and the brain,journal:PLOS Computational Biology [listed],A
p3856,2015,Reinforcement Learning Neural Turing Machines - Revised,arXiv:category-unknown,A|C|E|G
p3857,2016,"Anterior hippocampus - the anatomy of perception, imagination and episodic memory",journal:Nature Reviews Neuroscience [direct-scan],A|D|G
p3858,2012,ADADELTA - An Adaptive Learning Rate Method,arXiv:cs.LG,G
p3860,2009,Learning mode and exemplar sequencing in unsupervised category learning,journal-unknown(10.1037/a00150),A|B|E|G
p3861,2010,Flexible memories - differential roles for medial temporal lobe and prefrontal cortex in cross-episode binding,journal:The Journal of Neuroscience [listed],A|G
p3862,2012,Hippocampal and ventral medial prefrontal activation during retrieval-mediated learning supports novel inference,journal:Neuron [direct-scan],A|C|E|G
p3863,2012,The hippocampus and inferential reasoning - building memories to navigate future decisions,journal:Frontiers in Human Neuroscience [listed],A|D|E|G
p3864,2021,MERLOT - Multimodal Neural Script Knowledge Models,arXiv:category-unknown,A|B|G
p3865,2017,Modeling Semantic Fluency Data as Search on a Semantic Network,journal:Psychological Review [listed],A|B|D|E
p3866,2019,Continual learning of context-dependent processing in neural networks,journal:Nature Machine Intelligence [direct-scan],A|B|D|G
p3867,2017,Continual Learning Through Synaptic Intelligence,arXiv:category-unknown,A|B|D|G
p3868,2018,A rational account of human memory search,bioRxiv:section-unknown,A|D|G
p3869,2026,Reconciling rational and mechanistic accounts of the power law of forgetting,journal:Journal of Mathematical Psychology [listed],A|B|G
p3870,2015,Traveling Theta Waves in the Human Hippocampus,journal:Journal of Neuroscience [listed],A|B|E
p3871,2026,Inferring mind wandering from perceptual decision making,journal:Communications Psychology [direct-scan],A|E|G
p3872,2024,Temporal discounting predicts procrastination in the real world,journal:Scientific Reports [direct-scan],A|E|G
p3873,2024,The representation of abstract goals in working memory is supported by task-congruent neural geometry,journal-unknown(10.1371/journa),A|C|G
p3874,2016,Theta rhythmic clock-like activity of single units in the mouse hippocampus,journal:The Journal of Neuroscience [listed],A|B|G
p3875,2016,Understanding deep learning requires rethinking generalization,arXiv:category-unknown,A|B|G
p3876,2017,Deep Mutual Learning,arXiv:category-unknown,A|B|G
p3877,2017,Inter-subject alignment of MEG datasets in a common representational space,journal:Human Brain Mapping [listed],A
p3878,2018,Energy-entropy competition and the effectiveness of stochastic gradient descent in machine learning,arXiv:category-unknown,A|B|G
p3879,2018,Natural Environment Benchmarks for Reinforcement Learning,arXiv:category-unknown,B|G
p3880,2018,Theta and Alpha Oscillations Are Traveling Waves in the Human Neocortex,journal:Neuron [direct-scan],A
p3881,2018,Transfer Learning on fMRI Datasets,arXiv:category-unknown,A|B|G
p3882,2018,zhang18b-supp,arXiv:category-unknown,A|B|G
p3884,2019,Are All Layers Created Equal,arXiv:category-unknown,A|B|E|G
p3885,2021,Functional annotation of human cognitive states using deep graph convolution,journal:NeuroImage [listed],A|B|G
p3886,2021,Optimal policies for free recall,journal-unknown(10.1016/s0079-),A|B|E|G
p3888,2023,Hippocampal spatial representations exhibit a hyperbolic geometry that expands with experience,journal:Nature Neuroscience [direct-scan],A|B|G
p3889,2024,Expectancy-related changes in firing of dopamine neurons depend on hippocampus,journal:Nature Communications [direct-scan],A|B|E|G
p3890,2024,Learning-dependent gating of hippocampal inputs by frontal interneurons,journal:Proceedings of the National Academy of Sciences [direct-scan],A|G
p3891,2025,A large-scale MEG and EEG dataset for object recognition in naturalistic scenes,journal:Scientific Data [direct-scan],A|D|E|G
p3892,2025,Adaptive stretching of representations across brain regions and deep learning model layers,journal:Nature Communications [direct-scan],A|B|D|G
p3893,2025,Inter-brain neural dynamics in biological and artificial intelligence systems,journal:Nature [direct-scan],A|B|G
p3894,2026,Structure abstraction and generalization in a hippocampal-entorhinal inspired world model,arXiv:category-unknown,A|B|E
p3895,2017,Variational Latent Gaussian Process for Recovering Single-Trial Dynamics from Population Spike Trains,arXiv:stat.ML,A|G
p3896,2016,Energy-based Generative Adversarial Network,arXiv:category-unknown,A|B|E
p3897,2021,Efficient dialogue complementary policy learning via deep Q-network policy and episodic memory policy,arXiv:category-unknown,A|B|D|G
p3899,2023,A model of conceptual bootstrapping in human cognition,journal:Nature Human Behaviour [direct-scan],A|B|E|G
p3901,2015,Quantifying interindividual variability and asymmetry of face-selective regions - a probabilistic functional atlas,journal:NeuroImage [listed],A|D|E|G
p3902,2024,The unbearable slowness of being - Why do we live at 10 bits - s,journal:Neuron [direct-scan],A
p3903,2021,Cognitive boundary signals in the human medial temporal lobe shape episodic memory representation,bioRxiv:section-unknown,A|E|G
p3904,2022,Neurons detect cognitive boundaries to structure episodic memories in humans,journal:Nature Neuroscience [direct-scan],A|B|E|G
p3905,2023,Judging LLM-as-a-judge with MT-bench and Chatbot Arena,arXiv:category-unknown,A|E|G
p3906,2024,A working memory dependent dual process model of the testing effect,journal:npj Science of Learning [listed],A|G
p3907,2024,Rapid context inference in a thalamocortical model using recurrent neural networks,journal:Nature Communications [direct-scan],A|G
p3909,2024,Theta phase precession supports memory formation and retrieval of naturalistic experience in humans (1),journal:Nature Human Behaviour [direct-scan],A|B|D|E
p3910,2024,Theta phase precession supports memory formation and retrieval of naturalistic experience in humans,journal:Nature Human Behaviour [direct-scan],A|B|D|E
p3911,2025,Flexible prefrontal control over hippocampal episodic memory for goal-directed generalization,journal:Neuron [direct-scan],A|B|G
p3913,2025,Understanding Transformer from the perspective of associative memory,arXiv:cs.LG,A|E|G
p3914,2019,Humans can decipher adversarial images,journal:Nature Communications [direct-scan],A|G
p3915,2025,A gradient of complementary learning systems emerges through meta-learning,bioRxiv:section-unknown,A|B|E|G
p3916,2018,Hyperbolic geometry of the olfactory space (1),bioRxiv:section-unknown,A|B|G
p3917,2018,Hyperbolic geometry of the olfactory space,bioRxiv:section-unknown,A|B|G
p3918,2019,Complementary Task Structure Representations in Hippocampus and Orbitofrontal Cortex during an Odor Sequence Task,journal:Current Biology [direct-scan],A|B
p3919,2019,"Deconstructing Lottery Tickets - Zeros, Signs, and the Supermask",arXiv:category-unknown,A|B|E|G
p3920,2021,Distributed representations for human inference,bioRxiv:section-unknown,A|B|E|G
p3921,2023,Episodic retrieval for model-based evaluation in sequential decision tasks,journal:eLife [direct-scan],A|B|D|G
p3922,2025,Event cache - An independent component in working memory,journal:Science Advances [listed],A
p3923,2025,Memento - Fine-tuning LLM agents without fine-tuning LLMs,arXiv:category-unknown,A|B|G
p3924,2025,Multicategory emotions align with hierarchical event segmentation across cortical timescales,arXiv:category-unknown,A|B|D|E
p3925,2025,研究计划20260119.docx (1),PsyArXiv,A|B|D|E
p3926,2026,Human hippocampal ripples prioritize model-based learning,journal:Neuron [direct-scan],A|B|G
p3927,2015,Aligning Books and Movies - Towards Story-like Visual Explanations by Watching Movies and Reading Books (1),arXiv:category-unknown,A|B|G
p3928,2015,Aligning books and movies - Towards story-like visual explanations by watching movies and reading books,journal:2015 IEEE International Conference on Computer Vision (ICCV) [conference],A|B|G
p3929,2020,A neural circuit model for a contextual association task inspired by recommender systems,journal-unknown(10.1002/hipo.),A|B|D
p3930,2021,Machine learning reveals bilateral distribution of somatic L1 insertions in human neurons and glia,journal:Nature Neuroscience [direct-scan],A
p3931,2021,Vision Transformer Pruning,arXiv:category-unknown,A|B|E|G
p3932,2022,Understanding the structure of cognitive noise,journal:PLOS Computational Biology [listed],A|B|D|G
p3933,2025,Using reinforcement learning to train large language models to explain human decisions,arXiv:category-unknown,A|B|C|G
p3934,2026,Large language models do not always need readable language,arXiv:category-unknown,B|C|G
p3935,2019,Local Aggregation for Unsupervised Learning of Visual Embeddings,arXiv:category-unknown,A|B|C|G
p3936,2008,Maximum entropy inverse reinforcement learning,unknown-venue,A|B|D|G
p3937,2008,Modeling the role of working memory and episodic memory in behavioral tasks,"journal:Hippocampus [title-match, score=1.0]",A|B|G
p3938,2012,Forecasting with Recurrent Neural Networks - 12 Tricks,"journal:Lecture Notes in Computer Science [title-match, score=1.0]",A|B|E|G
p3939,2018,Fast context adaptation via meta-learning,arXiv:category-unknown,B
p3940,2025,Hippocampal output suppresses orbitofrontal cortex schema cell formation,journal:Nature Neuroscience [direct-scan],A|B|D
p3941,2016,Neural Architecture Search with Reinforcement Learning,arXiv:cs.LG,A|B|D|G
p3942,2017,Learning Transferable Architectures for Scalable Image Recognition,arXiv:category-unknown,A|B|D
p3944,2023,Re-expression of CA1 and entorhinal activity patterns preserves temporal context memory at long timescales,journal:Nature Communications [direct-scan],A
p3945,2020,Behavioral evidence for memory replay of video episodes in macaque monkeys,bioRxiv:section-unknown,A
p3946,2020,Temporal integration of narrative information in a hippocampal amnesic patient (1),bioRxiv:section-unknown,A|G
p3947,2020,Temporal integration of narrative information in a hippocampal amnesic patient,journal:NeuroImage [listed],A
p3948,2025,Towards a mental programming neural circuit - Insights from working memory sequence manipulation,bioRxiv:section-unknown,A|B|D|E|G
p3949,2026,Neural population dynamics and temporal context cells in macaque medial parietal cortex support temporal order memory,journal:PLOS Biology [listed],A|B
p3950,2016,"Situation models, mental simulations, and abstract concepts in discourse comprehension",journal:Psychonomic Bulletin &amp; Review [direct-scan],A|B|E
